鄉鎮市區,交易標的,土地位置建物門牌,土地移轉總面積平方公尺,都市土地使用分區,非都市土地使用分區,非都市土地使用編定,交易年月日,交易筆棟數,移轉層次,總樓層數,建物型態,主要用途,主要建材,建築完成年月,建物移轉總面積平方公尺,建物現況格局-房,建物現況格局-廳,建物現況格局-衛,建物現況格局-隔間,有無管理組織,總價元,單價元平方公尺,車位類別,車位移轉總面積平方公尺,車位總價元,備註,編號,主建物面積,附屬建物面積,陽台面積,電梯,移轉編號
三重區,房地(土地+建物),新北市三重區三和路二段１６８巷３３號四樓,26.59,住,,,1140815,土地2建物2車位0,四層，陽台,四層,公寓(5樓含以下無電梯),住家用,鋼筋混凝土造,670930,57,2,1,2,有,無,10500000,184211,,0,0,頂樓加蓋格局:2房1廳1衛頂樓加蓋；,RPXNMLPKQHKGFGF07DA,57,0,0,無,
三重區,房地(土地+建物),新北市三重區三和路二段１６４號,55.88,商,,,1140801,土地3建物2車位0,一層，騎樓,五層,公寓(5樓含以下無電梯),商業用,鋼筋混凝土造,700220,198,0,0,0,無,無,35000000,176768,,0,0,建物打通合併使用。親友、員工、共有人或其他特殊關係間之交易；其他增建；,RPQNMLLMQHKGFGF78DA,198,0,0,無,
三重區,房地(土地+建物),新北市三重區三和路二段２１巷４１號,12.16,都市：其他:住宅區,,,1140601,土地2建物1車位0,一層,五層,公寓(5樓含以下無電梯),住家用,鋼筋混凝土造,721111,37.76,2,1,1,有,無,3900000,103284,,0,0,其他增建；,RPPNMLLJOHKGFGF18DA,34.21,3.55,0,無,
三重區,房地(土地+建物),新北市三重區三和路二段１６８巷４５號,15.78,住,,,1140504,土地1建物1車位0,一層,四層,公寓(5樓含以下無電梯),住家用,加強磚造,660727,37,2,2,1,有,無,8000000,216216,,0,0,夾層；其他增建；,RPVOMLRLNHKGFGF96DA,37,0,0,無,1861
,,,,,,,,,,,,,,,,,,,,,14350000,170119.75,,,,,,,,,,
三重區,房地(土地+建物),新北市三重區三和路三段８３巷１５６號,26.41,住,,,1140603,土地1建物1車位0,一層,二層,公寓(5樓含以下無電梯),住家用,加強磚造,540830,42.94,0,0,0,無,無,7500000,174662,,0,0,,RPTNMLTJPHKGFGF86DA,42.94,0,0,無,
三重區,房地(土地+建物),新北市三重區三和路三段１２５巷２７號二樓,20.25,住,,,1140522,土地1建物1車位0,二層，陽台,四層,公寓(5樓含以下無電梯),住家用,鋼筋混凝土造,661124,78,2,2,1,有,無,10580000,135641,,0,0,陽台外推；,RPQNMLQKOHKGFGF88DA,78,0,0,無,
三重區,房地(土地+建物),新北市三重區三和路三段１２５巷３０號,20,住,,,1140406,土地1建物1車位0,四層，陽台,四層,公寓(5樓含以下無電梯),住家用,鋼筋混凝土造,661124,78,3,2,1,有,無,8500000,108974,,0,0,,RPUNMLLKOHKGFGF78DA,78,0,0,無,2616
三重區,房地(土地+建物),新北市三重區三和路三段１５１巷２８號三樓,24.5,住,,,1140322,土地1建物1車位0,三層，陽台,四層,公寓(5樓含以下無電梯),住家用,鋼筋混凝土造,661202,75,3,2,1,有,無,10300000,137333,,0,0,,RPWNMLRKOHKGFGF96DA,75,0,0,無,3167
,,,,,,,,,,,,,,,,,,,,,9220000,139152.5,,,,,,,,,,
三重區,房地(土地+建物),新北市三重區三和路四段３８２巷９６弄１號四樓,22.8,住,,,1140701,土地1建物1車位0,四層，陽台,五層,公寓(5樓含以下無電梯),住家用,鋼筋混凝土造,691016,95,3,2,1,有,無,6000000,63158,,0,0,親友、員工、共有人或其他特殊關係間之交易；陽台外推；,RPRNMLSKPHKGFGF76EA,95,0,0,無,
三重區,房地(土地+建物),新北市三重區三和路四段１２５巷９１號,20.25,住,,,1140729,土地1建物1車位0,一層，平台,四層,公寓(5樓含以下無電梯),住家用,鋼筋混凝土造,680105,71,0,0,0,無,無,13250000,186620,,0,0,,RPXNMLMKQHKGFGF86EA,71,0,0,無,
三重區,房地(土地+建物),新北市三重區三和路四段３８２巷４２號五樓,22,住,,,1140715,土地1建物1車位0,五層,五層,公寓(5樓含以下無電梯),住家用,鋼筋混凝土造,731229,103.68,3,1,1,有,無,8500000,81983,,0,0,親友、員工、共有人或其他特殊關係間之交易；,RPQNMLSLQHKGFGF76DA,92.61,0,11.07,無,
三重區,房地(土地+建物),新北市三重區三和路四段２６４巷２弄１１號三樓,22.6,住,,,1140603,土地1建物1車位0,三層,五層,公寓(5樓含以下無電梯),住家用,鋼筋混凝土造,750205,90.18,3,2,1,有,無,7000000,77623,,0,0,親友、員工、共有人或其他特殊關係間之交易；,RPSOMLSKOHKGFGF76DA,80.54,0,9.64,無,
三重區,房地(土地+建物),新北市三重區三和路四段３８２巷９４弄３號四樓,29.6,住,,,1140620,土地1建物1車位0,四層,五層,公寓(5樓含以下無電梯),住家用,鋼筋混凝土造,691016,107.65,3,2,3,有,無,10800000,100325,,0,0,親友、員工、共有人或其他特殊關係間之交易；,RPPOMLNLPHKGFGF78DA,102.25,0,5.4,無,1230
三重區,房地(土地+建物),新北市三重區三和路四段２１１號五樓之三一,18.8,住,,,1140625,土地1建物1車位0,五層，陽台,五層,公寓(5樓含以下無電梯),住家用,鋼筋混凝土造,680926,72,3,2,1,有,無,9380000,130278,,0,0,頂樓加蓋；,RPVPMLQJQHKGFGF07DA,72,0,0,無,1424
三重區,房地(土地+建物),新北市三重區三和路四段１４５巷１０８號二樓,29.33,住,,,1140623,土地1建物1車位0,二層,三層,公寓(5樓含以下無電梯),住家用,加強磚造,600602,81.9,3,1,1,有,無,11000000,134310,,0,0,,RPSNMLPLQHKGFGF76EA,81.9,0,0,無,
三重區,房地(土地+建物),新北市三重區三和路四段３９８之３號三樓,22.4,住,,,1140514,土地1建物1車位0,三層,五層,公寓(5樓含以下無電梯),住家用,鋼筋混凝土造,700126,92.25,3,2,2,有,無,13250000,143631,,0,0,,RPSNMLSJPHKGFGF76EA,87.66,0,4.59,無,
三重區,房地(土地+建物),新北市三重區三和路四段１６３巷４７號二樓,25.25,住,,,1140515,土地1建物1車位0,二層,四層,公寓(5樓含以下無電梯),住家用,加強磚造,580525,90,3,1,1,有,無,10000000,111111,,0,0,親友、員工、共有人或其他特殊關係間之交易；,RPQNMLLLPHKGFGF68EA,90,0,0,無,
三重區,房地(土地+建物),新北市三重區三和路四段２０３巷１６５號二樓,31,住,,,1140508,土地1建物1車位0,二層,二層,公寓(5樓含以下無電梯),住家用,加強磚造,590305,52.28,3,2,2,有,無,7500000,143458,,0,0,陽台外推；頂樓加蓋；,RPOOMLPJQHKGFGF78DA,52.28,0,0,無,
三重區,房地(土地+建物),新北市三重區三和路四段２１１號四樓之三二,19,住,,,1140406,土地1建物1車位0,四層，陽台,五層,公寓(5樓含以下無電梯),住家用,鋼筋混凝土造,680926,72,3,2,1,有,無,9000000,125000,,0,0,其他增建:鐵鋁其他增建；,RPPQMLPJOHKGFGF98EA,72,0,0,無,
三重區,房地(土地+建物),新北市三重區三和路四段２１５巷２號五樓,21.2,住,,,1140412,土地1建物1車位0,五層,五層,公寓(5樓含以下無電梯),住家用,鋼筋混凝土造,721214,79.41,2,1,1,有,無,13250000,166856,,0,0,陽台外推；頂樓加蓋；其他增建；,RPPNMLMJOHKGFGF28DA,67.95,0,11.46,無,2916
三重區,房地(土地+建物),新北市三重區三和路四段１２５巷６號,18,住,,,1140425,土地1建物1車位0,二層,二層,公寓(5樓含以下無電梯),住家用,加強磚造,560915,35,4,3,3,有,無,5770000,164857,,0,0,1格局：一樓：2房1廳1衛，二樓：2房2廳2衛。2買賣價分別為一樓：新台幣289萬元整，二樓：新台幣288萬元整。親友、員工、共有人或其他特殊關係間之交易；,RPSOMLLKQHKGFGF88DA,35,0,0,無,
,,,,,,,,,,,,,,,,,,,,,9592307.692,125323.8462,,,,,,,,,,
三重區,房地(土地+建物)+車位,新北市三重區三賢街２１１號八樓,28.38,住,,,1140108,土地1建物1車位1,八層,十二層,住宅大樓(11層含以上有電梯),住家用,鋼筋混凝土造,971125,163.89,3,2,2,有,有,31980000,223384,坡道平面,31.92,2500000,其他增建；,RPSNMLKLJHKGFGF08DA,87.49,0,8.08,有,
三重區,房地(土地+建物)+車位,新北市三重區三賢街１２７號十一樓,30.93,住,,,1131225,土地1建物1車位1,十一層,十四層,住宅大樓(11層含以上有電梯),住家用,鋼筋混凝土造,1010531,185.18,3,2,2,有,有,37000000,199806,坡道平面,25.23,0,陽台外推；,RPQNMLPJNHKGFGF58DA,98.34,5.38,11.14,有,
三重區,房地(土地+建物)+車位,新北市三重區三賢街８９號九樓,23.4,住,,,1110108,土地1建物1車位1,九層,十四層,住宅大樓(11層含以上有電梯),住家用,鋼筋混凝土造,1140522,143.96,3,2,2,有,有,20850000,172142,坡道平面,36.2,2300000,預售屋、或土地及建物分件登記案件；,RPOOMLPLPHKGFGF88DA,61.45,0,8.51,有,
三重區,房地(土地+建物)+車位,新北市三重區三賢街８７號九樓,32.28,住,,,1110108,土地1建物1車位1,九層,十四層,住宅大樓(11層含以上有電梯),住家用,鋼筋混凝土造,1140522,184.96,3,2,2,有,有,28050000,173098,坡道平面,36.2,2300000,預售屋、或土地及建物分件登記案件；,RPVNMLOKQHKGFGF76DA,87.85,0,8.75,有,
三重區,房地(土地+建物)+車位,新北市三重區三賢街８９號四樓,23.4,住,,,1110106,土地1建物1車位1,四層,十四層,住宅大樓(11層含以上有電梯),住家用,鋼筋混凝土造,1140522,143.96,3,2,2,有,有,20200000,166110,坡道平面,36.2,2300000,預售屋、或土地及建物分件登記案件；,RPXNMLOKQHKGFGF96DA,61.45,0,8.51,有,
三重區,房地(土地+建物)+車位,新北市三重區三賢街８５號二樓,25.82,住,,,1110111,土地1建物1車位1,二層,十四層,住宅大樓(11層含以上有電梯),住家用,鋼筋混凝土造,1140522,155.53,3,2,2,有,有,24370000,184111,坡道平面,36.2,2400000,預售屋、或土地及建物分件登記案件；,RPTOMLPLQHKGFGF86DA,67.46,0,9.93,有,
三重區,房地(土地+建物)+車位,新北市三重區三賢街９１號六樓,19.63,住,,,1101206,土地1建物1車位1,六層,十四層,住宅大樓(11層含以上有電梯),住家用,鋼筋混凝土造,1140522,126.33,2,2,1,有,有,18550000,182514,坡道平面,36.2,2100000,權利人換約日期：110/12/13預售屋、或土地及建物分件登記案件；,RPQOMLLLPHKGFGF68DA,53.44,0,5.04,有,
三重區,房地(土地+建物)+車位,新北市三重區三賢街８７號二樓,32.28,住,,,1101201,土地1建物1車位1,二層,十四層,住宅大樓(11層含以上有電梯),住家用,鋼筋混凝土造,1140522,184.96,3,2,2,有,有,28650000,178475,坡道平面,36.2,2100000,預售屋、或土地及建物分件登記案件；,RPSOMLLLPHKGFGF88DA,87.85,0,8.75,有,
三重區,房地(土地+建物)+車位,新北市三重區三賢街８５號十二樓,25.82,住,,,1101211,土地1建物1車位1,十二層,十四層,住宅大樓(11層含以上有電梯),住家用,鋼筋混凝土造,1140522,159.25,3,2,2,有,有,23450000,177147,坡道平面,40.14,2350000,預售屋、或土地及建物分件登記案件；,RPWOMLLLPHKGFGF66DA,67.46,0,9.93,有,
三重區,房地(土地+建物)+車位,新北市三重區三賢街９９號十樓,20.17,住,,,1101212,土地1建物1車位1,十層,十四層,住宅大樓(11層含以上有電梯),住家用,鋼筋混凝土造,1140522,126.63,2,2,1,有,有,17850000,170637,坡道平面,33.45,1950000,預售屋、或土地及建物分件登記案件；,RPWOMLOLPHKGFGF96DA,56.56,0,4.04,有,
三重區,房地(土地+建物)+車位,新北市三重區三賢街９７號二樓,27.43,住,,,1101209,土地1建物1車位1,二層,十四層,住宅大樓(11層含以上有電梯),住家用,鋼筋混凝土造,1140522,162.6,3,2,2,有,有,23250000,165744,坡道平面,36.2,2300000,預售屋、或土地及建物分件登記案件；,RPOSMLSLPHKGFGF96DA,73.7,0,8.4,有,
三重區,房地(土地+建物),新北市三重區三賢街９９號六樓,20.17,住,,,1101201,土地1建物1車位0,六層,十四層,住宅大樓(11層含以上有電梯),住家用,鋼筋混凝土造,1140522,93.18,2,2,1,有,有,15200000,163125,,0,0,預售屋、或土地及建物分件登記案件；,RPUSMLSLPHKGFGF57DA,56.56,0,4.04,有,
三重區,房地(土地+建物)+車位,新北市三重區三賢街９５號十三樓,23.4,住,,,1101206,土地1建物1車位1,十三層,十四層,住宅大樓(11層含以上有電梯),住家用,鋼筋混凝土造,1140522,143.96,3,2,2,有,有,22450000,187918,坡道平面,36.2,2200000,預售屋、或土地及建物分件登記案件；,RPXTMLSLPHKGFGF97DA,61.45,0,8.51,有,
三重區,房地(土地+建物)+車位,新北市三重區三賢街８５號十樓,25.82,住,,,1101207,土地1建物1車位1,十層,十四層,住宅大樓(11層含以上有電梯),住家用,鋼筋混凝土造,1140522,152.56,3,2,2,有,有,22550000,170850,坡道平面,33.45,2200000,預售屋、或土地及建物分件登記案件；,RPOOMLTLPHKGFGF66DA,67.46,0,9.93,有,
三重區,房地(土地+建物)+車位,新北市三重區三賢街８９號七樓,23.4,住,,,1101204,土地1建物1車位1,七層,十四層,住宅大樓(11層含以上有電梯),住家用,鋼筋混凝土造,1140522,143.96,3,2,2,有,有,21800000,181886,坡道平面,36.2,2200000,預售屋、或土地及建物分件登記案件；,RPUOMLTLPHKGFGF27DA,61.45,0,8.51,有,
三重區,房地(土地+建物)+車位,新北市三重區三賢街８９號八樓,23.4,住,,,1101230,土地1建物1車位1,八層,十四層,住宅大樓(11層含以上有電梯),住家用,鋼筋混凝土造,1140522,143.96,3,2,2,有,有,20840000,172049,坡道平面,36.2,2300000,預售屋、或土地及建物分件登記案件；,RPRPMLTLPHKGFGF07DA,61.45,0,8.51,有,
三重區,房地(土地+建物)+車位,新北市三重區三賢街８９號十樓,23.4,住,,,1101208,土地1建物1車位1,十層,十四層,住宅大樓(11層含以上有電梯),住家用,鋼筋混凝土造,1140522,143.96,3,2,2,有,有,21690000,179937,坡道平面,36.2,2300000,預售屋、或土地及建物分件登記案件；,RPTPMLTLPHKGFGF27DA,61.45,0,8.51,有,
三重區,房地(土地+建物)+車位,新北市三重區三賢街８７號十樓,32.28,住,,,1101208,土地1建物1車位2,十層,十四層,住宅大樓(11層含以上有電梯),住家用,鋼筋混凝土造,1140522,221.16,3,2,2,有,有,31380000,180022,坡道平面,72.4,4600000,預售屋、或土地及建物分件登記案件；,RPWNMLMKQHKGFGF66DA,87.85,0,8.75,有,
三重區,房地(土地+建物)+車位,新北市三重區三賢街８５號九樓,25.82,住,,,1101204,土地1建物1車位2,九層,十四層,住宅大樓(11層含以上有電梯),住家用,鋼筋混凝土造,1140522,191.52,3,2,2,有,有,25050000,174194,坡道平面,72.4,4300000,預售屋、或土地及建物分件登記案件；,RPOPMLSKQHKGFGF66DA,67.46,0,9.93,有,
三重區,房地(土地+建物)+車位,新北市三重區三賢街９１號四樓,19.63,住,,,1101121,土地1建物1車位1,四層,十四層,住宅大樓(11層含以上有電梯),住家用,鋼筋混凝土造,1140522,123.58,2,2,1,有,有,17850000,176412,坡道平面,33.45,1950000,預售屋、或土地及建物分件登記案件；,RPUOMLOJPHKGFGF56DA,53.44,0,5.04,有,
三重區,房地(土地+建物)+車位,新北市三重區三賢街９７號六樓,27.43,住,,,1101115,土地1建物1車位1,六層,十四層,住宅大樓(11層含以上有電梯),住家用,鋼筋混凝土造,1140522,162.6,3,2,2,有,有,23750000,170491,坡道平面,36.2,2200000,預售屋、或土地及建物分件登記案件；,RPVOMLOJPHKGFGF66DA,73.7,0,8.4,有,
三重區,房地(土地+建物)+車位,新北市三重區三賢街９９號三樓,20.17,住,,,1101121,土地1建物1車位1,三層,十四層,住宅大樓(11層含以上有電梯),住家用,鋼筋混凝土造,1140522,126.63,2,2,1,有,有,16440000,155505,坡道平面,33.45,1950000,預售屋、或土地及建物分件登記案件；,RPXPMLRKPHKGFGF37DA,56.56,0,4.04,有,
三重區,房地(土地+建物)+車位,新北市三重區三賢街９５號四樓,23.4,住,,,1101118,土地1建物1車位1,四層,十四層,住宅大樓(11層含以上有電梯),住家用,鋼筋混凝土造,1140522,143.96,3,2,2,有,有,20800000,173534,坡道平面,36.2,2100000,預售屋、或土地及建物分件登記案件；,RPOQMLRKPHKGFGF56DA,61.45,0,8.51,有,
三重區,房地(土地+建物)+車位,新北市三重區三賢街９３號五樓,19.63,住,,,1101111,土地1建物1車位1,五層,十四層,住宅大樓(11層含以上有電梯),住家用,鋼筋混凝土造,1140522,123.58,2,2,1,有,有,18130000,178409,坡道平面,33.45,2050000,預售屋、或土地及建物分件登記案件；,RPPQMLRKPHKGFGF66DA,53.44,0,5.04,有,
三重區,房地(土地+建物)+車位,新北市三重區三賢街９５號七樓,23.4,住,,,1101114,土地1建物1車位1,七層,十四層,住宅大樓(11層含以上有電梯),住家用,鋼筋混凝土造,1140522,147.89,3,2,2,有,有,21350000,177262,坡道平面,40.14,2250000,預售屋、或土地及建物分件登記案件；,RPRQMLRKPHKGFGF86DA,61.45,0,8.51,有,
三重區,房地(土地+建物)+車位,新北市三重區三賢街９７號十樓,27.43,住,,,1101114,土地1建物1車位1,十層,十四層,住宅大樓(11層含以上有電梯),住家用,鋼筋混凝土造,1140522,162.6,3,2,2,有,有,24280000,173892,坡道平面,36.2,2300000,預售屋、或土地及建物分件登記案件；,RPSQMLRKPHKGFGF96DA,73.7,0,8.4,有,
三重區,房地(土地+建物)+車位,新北市三重區三賢街９１號十二樓,19.63,住,,,1101119,土地1建物1車位1,十二層,十四層,住宅大樓(11層含以上有電梯),住家用,鋼筋混凝土造,1140522,126.33,2,2,1,有,有,18780000,185066,坡道平面,36.2,2100000,預售屋、或土地及建物分件登記案件；,RPTQMLRKPHKGFGF07DA,53.44,0,5.04,有,
三重區,房地(土地+建物)+車位,新北市三重區三賢街９７號三樓,27.43,住,,,1101113,土地1建物1車位1,三層,十四層,住宅大樓(11層含以上有電梯),住家用,鋼筋混凝土造,1140522,162.6,3,2,2,有,有,23680000,170728,坡道平面,36.2,2100000,預售屋、或土地及建物分件登記案件；,RPRNMLLLPHKGFGF68DA,73.7,0,8.4,有,
三重區,房地(土地+建物)+車位,新北市三重區三賢街９７號七樓,27.43,住,,,1101128,土地1建物1車位1,七層,十四層,住宅大樓(11層含以上有電梯),住家用,鋼筋混凝土造,1140522,162.6,3,2,2,有,有,24450000,175237,坡道平面,36.2,2300000,預售屋、或土地及建物分件登記案件；,RPVNMLLLPHKGFGF09DA,73.7,0,8.4,有,
三重區,房地(土地+建物),新北市三重區三賢街９９號十四樓,20.17,住,,,1101110,土地1建物1車位0,十四層,十四層,住宅大樓(11層含以上有電梯),住家用,鋼筋混凝土造,1140522,93.18,2,2,1,有,有,16350000,175467,,0,0,權利人換約日期:114/03/10預售屋、或土地及建物分件登記案件；,RPXNMLLLPHKGFGF66DA,56.56,0,4.04,有,
三重區,房地(土地+建物)+車位,新北市三重區三賢街９１號五樓,19.63,住,,,1101119,土地1建物1車位1,五層,十四層,住宅大樓(11層含以上有電梯),住家用,鋼筋混凝土造,1140522,126.33,2,2,1,有,有,18180000,178409,坡道平面,36.2,2100000,權利人換約日期：113/08/22權利人換約後價格：23100000預售屋、或土地及建物分件登記案件；,RPROMLLLPHKGFGF78DA,53.44,0,5.04,有,
三重區,房地(土地+建物)+車位,新北市三重區三賢街９９號九樓,20.17,住,,,1101118,土地1建物1車位1,九層,十四層,住宅大樓(11層含以上有電梯),住家用,鋼筋混凝土造,1140522,129.38,2,2,1,有,有,17650000,166881,坡道平面,36.2,2100000,權利人換約日期:112/04/25預售屋、或土地及建物分件登記案件；,RPTOMLLLPHKGFGF98DA,56.56,0,4.04,有,
三重區,房地(土地+建物)+車位,新北市三重區三賢街８５號十一樓,25.82,住,,,1101120,土地1建物1車位1,十一層,十四層,住宅大樓(11層含以上有電梯),住家用,鋼筋混凝土造,1140522,155.32,3,2,2,有,有,22700000,172095,坡道平面,36.2,2200000,預售屋、或土地及建物分件登記案件；,RPVOMLLLPHKGFGF56DA,67.46,0,9.93,有,
三重區,房地(土地+建物)+車位,新北市三重區三賢街９７號十四樓,27.43,住,,,1101110,土地1建物1車位1,十四層,十四層,住宅大樓(11層含以上有電梯),住家用,鋼筋混凝土造,1140522,162.6,3,2,2,有,有,25300000,181962,坡道平面,36.2,2300000,預售屋、或土地及建物分件登記案件；,RPOPMLLLPHKGFGF58DA,73.7,0,8.4,有,
三重區,房地(土地+建物)+車位,新北市三重區三賢街９１號二樓,19.63,住,,,1101121,土地1建物1車位1,二層,十四層,住宅大樓(11層含以上有電梯),住家用,鋼筋混凝土造,1140522,126.33,2,2,1,有,有,18780000,185066,坡道平面,36.2,2100000,預售屋、或土地及建物分件登記案件；,RPWPMLRKPHKGFGF27DA,53.44,0,5.04,有,
三重區,房地(土地+建物)+車位,新北市三重區三賢街９９號十一樓,20.17,住,,,1101127,土地1建物1車位1,十一層,十四層,住宅大樓(11層含以上有電梯),住家用,鋼筋混凝土造,1140522,129.38,2,2,1,有,有,17850000,169028,坡道平面,36.2,2100000,權利人換約日期:1130811權利人換約後價格:18080000預售屋、或土地及建物分件登記案件；,RPROMLOLPHKGFGF09DA,56.56,0,4.04,有,
三重區,房地(土地+建物)+車位,新北市三重區三賢街９９號八樓,20.17,住,,,1101127,土地1建物1車位1,八層,十四層,住宅大樓(11層含以上有電梯),住家用,鋼筋混凝土造,1140522,129.38,2,2,1,有,有,17580000,166130,坡道平面,36.2,2100000,權利人換約日期:1120705權利人換約後價格:17750000預售屋、或土地及建物分件登記案件；,RPSOMLOLPHKGFGF56DA,56.56,0,4.04,有,
三重區,房地(土地+建物)+車位,新北市三重區三賢街９３號十四樓,19.63,住,,,1101120,土地1建物1車位1,十四層,十四層,住宅大樓(11層含以上有電梯),住家用,鋼筋混凝土造,1140522,126.33,2,2,1,有,有,19080000,187285,坡道平面,36.2,2200000,權利人換約日期:1121123權利人換約後價格:19250000預售屋、或土地及建物分件登記案件；,RPUOMLOLPHKGFGF76DA,53.44,0,5.04,有,
三重區,房地(土地+建物)+車位,新北市三重區三賢街９９號十三樓,20.17,住,,,1101119,土地1建物1車位1,十三層,十四層,住宅大樓(11層含以上有電梯),住家用,鋼筋混凝土造,1140522,126.63,2,2,1,有,有,17850000,170637,坡道平面,33.45,1950000,預售屋、或土地及建物分件登記案件；,RPXOMLOLPHKGFGF07DA,56.56,0,4.04,有,
三重區,房地(土地+建物)+車位,新北市三重區三賢街９７號五樓,27.43,住,,,1101115,土地1建物1車位1,五層,十四層,住宅大樓(11層含以上有電梯),住家用,鋼筋混凝土造,1140522,162.6,3,2,2,有,有,23650000,169699,坡道平面,36.2,2200000,預售屋、或土地及建物分件登記案件；,RPOPMLOLPHKGFGF88DA,73.7,0,8.4,有,
三重區,房地(土地+建物)+車位,新北市三重區三賢街９７號九樓,27.43,住,,,1101124,土地1建物1車位1,九層,十四層,住宅大樓(11層含以上有電梯),住家用,鋼筋混凝土造,1140522,162.6,3,2,2,有,有,24080000,173101,坡道平面,36.2,2200000,預售屋、或土地及建物分件登記案件；,RPPPMLOLPHKGFGF98DA,73.7,0,8.4,有,
三重區,房地(土地+建物)+車位,新北市三重區三賢街９３號三樓,19.63,住,,,1101108,土地1建物1車位1,三層,十四層,住宅大樓(11層含以上有電梯),住家用,鋼筋混凝土造,1140522,130.27,2,2,1,有,有,18000000,175857,坡道平面,40.14,2150000,預售屋、或土地及建物分件登記案件；,RPQPMLOLPHKGFGF09DA,53.44,0,5.04,有,
三重區,房地(土地+建物)+車位,新北市三重區三賢街９３號六樓,19.63,住,,,1101119,土地1建物1車位1,六層,十四層,住宅大樓(11層含以上有電梯),住家用,鋼筋混凝土造,1140522,126.33,2,2,1,有,有,18250000,179186,坡道平面,36.2,2100000,預售屋、或土地及建物分件登記案件；,RPRPMLOLPHKGFGF56DA,53.44,0,5.04,有,
三重區,房地(土地+建物)+車位,新北市三重區三賢街９３號十三樓,19.63,住,,,1101111,土地1建物1車位1,十三層,十四層,住宅大樓(11層含以上有電梯),住家用,鋼筋混凝土造,1140522,126.33,2,2,1,有,有,18980000,186176,坡道平面,36.2,2200000,預售屋、或土地及建物分件登記案件；,RPSPMLOLPHKGFGF66DA,53.44,0,5.04,有,
三重區,房地(土地+建物)+車位,新北市三重區三賢街８９號,26.09,住,,,1101110,土地1建物1車位1,一層，見其他登記事項,十四層,住宅大樓(11層含以上有電梯),商業用,鋼筋混凝土造,1140522,148.91,0,0,0,無,有,36100000,298997,坡道平面,36.2,2400000,預售屋、或土地及建物分件登記案件；,RPTPMLOLPHKGFGF76DA,78.04,0,0,有,
三重區,房地(土地+建物)+車位,新北市三重區三賢街８５號五樓,25.82,住,,,1101112,土地1建物1車位1,五層,十四層,住宅大樓(11層含以上有電梯),住家用,鋼筋混凝土造,1140522,155.32,3,2,2,有,有,22000000,166219,坡道平面,36.2,2200000,預售屋、或土地及建物分件登記案件；,RPPNMLPLPHKGFGF88DA,67.46,0,9.93,有,
三重區,房地(土地+建物)+車位,新北市三重區三賢街８５號六樓,25.82,住,,,1101113,土地1建物1車位1,六層,十四層,住宅大樓(11層含以上有電梯),住家用,鋼筋混凝土造,1140522,155.32,3,2,2,有,有,22150000,167478,坡道平面,36.2,2200000,預售屋、或土地及建物分件登記案件；,RPQNMLPLPHKGFGF98DA,67.46,0,9.93,有,
三重區,房地(土地+建物)+車位,新北市三重區三賢街８５號七樓,25.82,住,,,1101128,土地1建物1車位1,七層,十四層,住宅大樓(11層含以上有電梯),住家用,鋼筋混凝土造,1140522,155.32,3,2,2,有,有,22450000,168318,坡道平面,36.2,2400000,預售屋、或土地及建物分件登記案件；,RPRNMLPLPHKGFGF09DA,67.46,0,9.93,有,
三重區,房地(土地+建物)+車位,新北市三重區三賢街８５號十四樓,25.82,住,,,1101110,土地1建物1車位1,十四層,十四層,住宅大樓(11層含以上有電梯),住家用,鋼筋混凝土造,1140522,155.32,3,2,2,有,有,23180000,175285,坡道平面,36.2,2300000,預售屋、或土地及建物分件登記案件；,RPSNMLPLPHKGFGF56DA,67.46,0,9.93,有,
三重區,房地(土地+建物)+車位,新北市三重區三賢街８７號,28.78,住,,,1101110,土地1建物1車位1,一層，見其他登記事項,十四層,住宅大樓(11層含以上有電梯),商業用,鋼筋混凝土造,1140522,179.85,0,1,1,有,有,39700000,299108,坡道平面,55.48,2500000,預售屋、或土地及建物分件登記案件；,RPTNMLPLPHKGFGF66DA,86.12,0,0,有,
三重區,房地(土地+建物)+車位,新北市三重區三賢街８７號十四樓,32.28,住,,,1101110,土地1建物1車位1,十四層,十四層,住宅大樓(11層含以上有電梯),住家用,鋼筋混凝土造,1140522,184.96,3,2,2,有,有,29690000,184122,坡道平面,36.2,2300000,預售屋、或土地及建物分件登記案件；,RPWNMLPLPHKGFGF96DA,87.85,0,8.75,有,
三重區,房地(土地+建物)+車位,新北市三重區三賢街８９號十四樓,23.4,住,,,1101110,土地1建物1車位1,十四層,十四層,住宅大樓(11層含以上有電梯),住家用,鋼筋混凝土造,1140522,143.96,3,2,2,有,有,22150000,184206,坡道平面,36.2,2300000,預售屋、或土地及建物分件登記案件；,RPPOMLPLPHKGFGF98DA,61.45,0,8.51,有,
三重區,房地(土地+建物)+車位,新北市三重區三賢街９１號三樓,19.63,住,,,1101121,土地1建物1車位1,三層,十四層,住宅大樓(11層含以上有電梯),住家用,鋼筋混凝土造,1140522,126.33,2,2,1,有,有,18250000,179186,坡道平面,36.2,2100000,預售屋、或土地及建物分件登記案件；,RPQOMLPLPHKGFGF09DA,53.44,0,5.04,有,
三重區,房地(土地+建物)+車位,新北市三重區三賢街８７號三樓,32.28,住,,,1101118,土地1建物1車位1,三層,十四層,住宅大樓(11層含以上有電梯),住家用,鋼筋混凝土造,1140522,184.96,3,2,2,有,有,27990000,172694,坡道平面,36.2,2300000,預售屋、或土地及建物分件登記案件；,RPSOMLPLPHKGFGF66DA,87.85,0,8.75,有,
三重區,房地(土地+建物)+車位,新北市三重區三賢街９１號九樓,19.63,住,,,1101108,土地1建物1車位1,九層,十四層,住宅大樓(11層含以上有電梯),住家用,鋼筋混凝土造,1140522,126.33,2,2,1,有,有,18300000,178631,坡道平面,36.2,2200000,預售屋、或土地及建物分件登記案件；,RPTOMLPLPHKGFGF76DA,53.44,0,5.04,有,
三重區,房地(土地+建物)+車位,新北市三重區三賢街８９號十三樓,23.4,住,,,1101124,土地1建物1車位1,十三層,十四層,住宅大樓(11層含以上有電梯),住家用,鋼筋混凝土造,1140522,143.96,3,2,2,有,有,21950000,183278,坡道平面,36.2,2200000,預售屋、或土地及建物分件登記案件；,RPUOMLPLPHKGFGF86DA,61.45,0,8.51,有,
三重區,房地(土地+建物)+車位,新北市三重區三賢街９７號四樓,27.43,住,,,1101122,土地1建物1車位1,四層,十四層,住宅大樓(11層含以上有電梯),住家用,鋼筋混凝土造,1140522,162.6,3,2,2,有,有,23380000,167563,坡道平面,36.2,2200000,預售屋、或土地及建物分件登記案件；,RPPSMLSLPHKGFGF07DA,73.7,0,8.4,有,
三重區,房地(土地+建物)+車位,新北市三重區三賢街９７號十三樓,27.43,住,,,1101121,土地1建物1車位1,十三層,十四層,住宅大樓(11層含以上有電梯),住家用,鋼筋混凝土造,1140522,162.6,3,2,2,有,有,24680000,177057,坡道平面,36.2,2300000,預售屋、或土地及建物分件登記案件；,RPQSMLSLPHKGFGF17DA,73.7,0,8.4,有,
三重區,房地(土地+建物)+車位,新北市三重區三賢街９９號七樓,20.17,住,,,1101117,土地1建物1車位1,七層,十四層,住宅大樓(11層含以上有電梯),住家用,鋼筋混凝土造,1140522,126.63,2,2,1,有,有,17600000,167954,坡道平面,33.45,1950000,預售屋、或土地及建物分件登記案件；,RPRSMLSLPHKGFGF27DA,56.56,0,4.04,有,
三重區,房地(土地+建物),新北市三重區三賢街９９號二樓,20.17,住,,,1101113,土地1建物1車位0,二層,十四層,住宅大樓(11層含以上有電梯),住家用,鋼筋混凝土造,1140522,93.18,2,2,1,有,有,14900000,159906,,0,0,預售屋、或土地及建物分件登記案件；,RPSSMLSLPHKGFGF37DA,56.56,0,4.04,有,
三重區,房地(土地+建物)+車位,新北市三重區三賢街９７號十二樓,27.43,住,,,1101114,土地1建物1車位1,十二層,十四層,住宅大樓(11層含以上有電梯),住家用,鋼筋混凝土造,1140522,162.6,3,2,2,有,有,24550000,176028,坡道平面,36.2,2300000,預售屋、或土地及建物分件登記案件；,RPTSMLSLPHKGFGF47DA,73.7,0,8.4,有,
三重區,房地(土地+建物)+車位,新北市三重區三賢街９９號四樓,20.17,住,,,1101120,土地1建物1車位1,四層,十四層,住宅大樓(11層含以上有電梯),住家用,鋼筋混凝土造,1140522,126.63,2,2,1,有,有,17150000,163125,坡道平面,33.45,1950000,預售屋、或土地及建物分件登記案件；,RPVSMLSLPHKGFGF67DA,56.56,0,4.04,有,
三重區,房地(土地+建物)+車位,新北市三重區三賢街９７號八樓,27.43,住,,,1101120,土地1建物1車位1,八層,十四層,住宅大樓(11層含以上有電梯),住家用,鋼筋混凝土造,1140522,162.6,3,2,2,有,有,23950000,172073,坡道平面,36.2,2200000,預售屋、或土地及建物分件登記案件；,RPWSMLSLPHKGFGF77DA,73.7,0,8.4,有,
三重區,房地(土地+建物)+車位,新北市三重區三賢街９９號五樓,20.17,住,,,1101126,土地1建物1車位1,五層,十四層,住宅大樓(11層含以上有電梯),住家用,鋼筋混凝土造,1140522,129.38,2,2,1,有,有,17480000,165057,坡道平面,36.2,2100000,預售屋、或土地及建物分件登記案件；,RPXSMLSLPHKGFGF87DA,56.56,0,4.04,有,
三重區,房地(土地+建物)+車位,新北市三重區三賢街９５號九樓,23.4,住,,,1101116,土地1建物1車位1,九層,十四層,住宅大樓(11層含以上有電梯),住家用,鋼筋混凝土造,1140522,143.96,3,2,2,有,有,21890000,183649,坡道平面,36.2,2100000,預售屋、或土地及建物分件登記案件；,RPPTMLSLPHKGFGF17DA,61.45,0,8.51,有,
三重區,房地(土地+建物)+車位,新北市三重區三賢街９５號十樓,23.4,住,,,1101116,土地1建物1車位1,十層,十四層,住宅大樓(11層含以上有電梯),住家用,鋼筋混凝土造,1140522,143.96,3,2,2,有,有,21590000,179937,坡道平面,36.2,2200000,預售屋、或土地及建物分件登記案件；,RPQTMLSLPHKGFGF27DA,61.45,0,8.51,有,
三重區,房地(土地+建物)+車位,新北市三重區三賢街９５號六樓,23.4,住,,,1101125,土地1建物1車位1,六層,十四層,住宅大樓(11層含以上有電梯),住家用,鋼筋混凝土造,1140522,143.96,3,2,2,有,有,21100000,176318,坡道平面,36.2,2100000,預售屋、或土地及建物分件登記案件；,RPRTMLSLPHKGFGF37DA,61.45,0,8.51,有,
三重區,房地(土地+建物)+車位,新北市三重區三賢街９５號十二樓,23.4,住,,,1101114,土地1建物1車位1,十二層,十四層,住宅大樓(11層含以上有電梯),住家用,鋼筋混凝土造,1140522,143.96,3,2,2,有,有,21950000,182350,坡道平面,36.2,2300000,預售屋、或土地及建物分件登記案件；,RPSTMLSLPHKGFGF47DA,61.45,0,8.51,有,
三重區,房地(土地+建物)+車位,新北市三重區三賢街９５號三樓,23.4,住,,,1101128,土地1建物1車位1,三層,十四層,住宅大樓(11層含以上有電梯),住家用,鋼筋混凝土造,1140522,143.96,3,2,2,有,有,20700000,172606,坡道平面,36.2,2100000,預售屋、或土地及建物分件登記案件；,RPTTMLSLPHKGFGF57DA,61.45,0,8.51,有,
三重區,房地(土地+建物)+車位,新北市三重區三賢街９５號八樓,23.4,住,,,1101120,土地1建物1車位1,八層,十四層,住宅大樓(11層含以上有電梯),住家用,鋼筋混凝土造,1140522,143.96,3,2,2,有,有,21490000,178081,坡道平面,36.2,2300000,預售屋、或土地及建物分件登記案件；,RPUTMLSLPHKGFGF67DA,61.45,0,8.51,有,
三重區,房地(土地+建物)+車位,新北市三重區三賢街８５號十三樓,25.82,住,,,1101128,土地1建物1車位1,十三層,十四層,住宅大樓(11層含以上有電梯),住家用,鋼筋混凝土造,1140522,155.32,3,2,2,有,有,23400000,177972,坡道平面,36.2,2200000,權利人換約日期：111.11.08。權利人換約後價格：24000000元預售屋、或土地及建物分件登記案件；,RPTNMLTLPHKGFGF07DA,67.46,0,9.93,有,
三重區,房地(土地+建物),新北市三重區三賢街９３號四樓,19.63,住,,,1101127,土地1建物1車位0,四層,十四層,住宅大樓(11層含以上有電梯),住家用,鋼筋混凝土造,1140522,90.13,2,2,1,有,有,16200000,179740,,0,0,預售屋、或土地及建物分件登記案件；,RPUNMLTLPHKGFGF17DA,53.44,0,5.04,有,
三重區,房地(土地+建物)+車位,新北市三重區三賢街９３號十一樓,19.63,住,,,1101113,土地1建物1車位1,十一層,十四層,住宅大樓(11層含以上有電梯),住家用,鋼筋混凝土造,1140522,126.33,2,2,1,有,有,18700000,184178,坡道平面,36.2,2100000,預售屋、或土地及建物分件登記案件；,RPVNMLTLPHKGFGF27DA,53.44,0,5.04,有,
三重區,房地(土地+建物)+車位,新北市三重區三賢街９３號十二樓,19.63,住,,,1101114,土地1建物1車位1,十二層,十四層,住宅大樓(11層含以上有電梯),住家用,鋼筋混凝土造,1140522,126.33,2,2,1,有,有,18780000,185066,坡道平面,36.2,2100000,預售屋、或土地及建物分件登記案件；,RPWNMLTLPHKGFGF37DA,53.44,0,5.04,有,
三重區,房地(土地+建物)+車位,新北市三重區三賢街８５號三樓,25.82,住,,,1101113,土地1建物1車位1,三層,十四層,住宅大樓(11層含以上有電梯),住家用,鋼筋混凝土造,1140522,155.32,3,2,2,有,有,22150000,167478,坡道平面,36.2,2200000,預售屋、或土地及建物分件登記案件；,RPXNMLTLPHKGFGF47DA,67.46,0,9.93,有,
三重區,房地(土地+建物)+車位,新北市三重區三賢街９３號八樓,19.63,住,,,1101112,土地1建物1車位1,八層,十四層,住宅大樓(11層含以上有電梯),住家用,鋼筋混凝土造,1140522,126.33,2,2,1,有,有,18400000,180850,坡道平面,36.2,2100000,預售屋、或土地及建物分件登記案件；,RPPOMLTLPHKGFGF76DA,53.44,0,5.04,有,
三重區,房地(土地+建物)+車位,新北市三重區三賢街８７號五樓,32.28,住,,,1101127,土地1建物1車位1,五層,十四層,住宅大樓(11層含以上有電梯),住家用,鋼筋混凝土造,1140522,184.96,3,2,2,有,有,28390000,175383,坡道平面,36.2,2300000,預售屋、或土地及建物分件登記案件；,RPQOMLTLPHKGFGF86DA,87.85,0,8.75,有,
三重區,房地(土地+建物)+車位,新北市三重區三賢街９３號九樓,19.63,住,,,1101114,土地1建物1車位1,九層,十四層,住宅大樓(11層含以上有電梯),住家用,鋼筋混凝土造,1140522,126.33,2,2,1,有,有,18500000,181959,坡道平面,36.2,2100000,預售屋、或土地及建物分件登記案件；,RPROMLTLPHKGFGF96DA,53.44,0,5.04,有,
三重區,房地(土地+建物)+車位,新北市三重區三賢街８７號六樓,32.28,住,,,1101120,土地1建物1車位1,六層,十四層,住宅大樓(11層含以上有電梯),住家用,鋼筋混凝土造,1140522,184.96,3,2,2,有,有,28550000,176459,坡道平面,36.2,2300000,預售屋、或土地及建物分件登記案件；,RPTOMLTLPHKGFGF17DA,87.85,0,8.75,有,
三重區,房地(土地+建物)+車位,新北市三重區三賢街８７號十三樓,32.28,住,,,1101124,土地1建物1車位1,十三層,十四層,住宅大樓(11層含以上有電梯),住家用,鋼筋混凝土造,1140522,184.96,3,2,2,有,有,29450000,183181,坡道平面,36.2,2200000,預售屋、或土地及建物分件登記案件；,RPVOMLTLPHKGFGF37DA,87.85,0,8.75,有,
三重區,房地(土地+建物)+車位,新北市三重區三賢街８７號七樓,32.28,住,,,1101110,土地1建物1車位2,七層,十四層,住宅大樓(11層含以上有電梯),住家用,鋼筋混凝土造,1140522,218.4,3,2,2,有,有,30630000,177345,坡道平面,69.65,4250000,預售屋、或土地及建物分件登記案件；,RPWOMLTLPHKGFGF47DA,87.85,0,8.75,有,
三重區,房地(土地+建物)+車位,新北市三重區三賢街８９號三樓,23.4,住,,,1101111,土地1建物1車位1,三層,十四層,住宅大樓(11層含以上有電梯),住家用,鋼筋混凝土造,1140522,143.96,3,2,2,有,有,20700000,172606,坡道平面,36.2,2100000,預售屋、或土地及建物分件登記案件；,RPXOMLTLPHKGFGF57DA,61.45,0,8.51,有,
三重區,房地(土地+建物)+車位,新北市三重區三賢街８９號二樓,23.4,住,,,1101111,土地1建物1車位1,二層,十四層,住宅大樓(11層含以上有電梯),住家用,鋼筋混凝土造,1140522,143.96,3,2,2,有,有,20700000,171678,坡道平面,36.2,2200000,預售屋、或土地及建物分件登記案件；,RPOPMLTLPHKGFGF76DA,61.45,0,8.51,有,
三重區,房地(土地+建物)+車位,新北市三重區三賢街８９號五樓,23.4,住,,,1101109,土地1建物1車位1,五層,十四層,住宅大樓(11層含以上有電梯),住家用,鋼筋混凝土造,1140522,143.96,3,2,2,有,有,21200000,175390,坡道平面,36.2,2300000,權利人換約日期：111.12.27預售屋、或土地及建物分件登記案件；,RPPPMLTLPHKGFGF86DA,61.45,0,8.51,有,
三重區,房地(土地+建物)+車位,新北市三重區三賢街８７號十二樓,32.28,住,,,1101111,土地1建物1車位1,十二層,十四層,住宅大樓(11層含以上有電梯),住家用,鋼筋混凝土造,1140522,184.96,3,2,2,有,有,29380000,182038,坡道平面,36.2,2300000,預售屋、或土地及建物分件登記案件；,RPSPMLTLPHKGFGF17DA,87.85,0,8.75,有,
三重區,房地(土地+建物)+車位,新北市三重區三賢街８９號十二樓,23.4,住,,,1101111,土地1建物1車位1,十二層,十四層,住宅大樓(11層含以上有電梯),住家用,鋼筋混凝土造,1140522,143.96,3,2,2,有,有,21950000,182350,坡道平面,36.2,2300000,預售屋、或土地及建物分件登記案件；,RPUPMLTLPHKGFGF37DA,61.45,0,8.51,有,
三重區,房地(土地+建物)+車位,新北市三重區三賢街８９號十一樓,23.4,住,,,1101116,土地1建物1車位1,十一層,十四層,住宅大樓(11層含以上有電梯),住家用,鋼筋混凝土造,1140522,147.89,3,2,2,有,有,22300000,186079,坡道平面,40.14,2250000,預售屋、或土地及建物分件登記案件；,RPVPMLTLPHKGFGF47DA,61.45,0,8.51,有,
三重區,房地(土地+建物)+車位,新北市三重區三賢街９１號八樓,19.63,住,,,1101124,土地1建物1車位1,八層,十四層,住宅大樓(11層含以上有電梯),住家用,鋼筋混凝土造,1140522,126.33,2,2,1,有,有,18200000,177521,坡道平面,36.2,2200000,預售屋、或土地及建物分件登記案件；,RPWPMLTLPHKGFGF57DA,53.44,0,5.04,有,
三重區,房地(土地+建物)+車位,新北市三重區三賢街９１號十三樓,19.63,住,,,1101121,土地1建物1車位1,十三層,十四層,住宅大樓(11層含以上有電梯),住家用,鋼筋混凝土造,1140522,126.33,2,2,1,有,有,19180000,189504,坡道平面,36.2,2100000,預售屋、或土地及建物分件登記案件；,RPXPMLTLPHKGFGF67DA,53.44,0,5.04,有,
三重區,房地(土地+建物)+車位,新北市三重區三賢街９１號十四樓,19.63,住,,,1101110,土地1建物1車位1,十四層,十四層,住宅大樓(11層含以上有電梯),住家用,鋼筋混凝土造,1140522,123.58,2,2,1,有,有,19080000,187285,坡道平面,33.45,2200000,預售屋、或土地及建物分件登記案件；,RPOQMLTLPHKGFGF86DA,53.44,0,5.04,有,
三重區,房地(土地+建物)+車位,新北市三重區三賢街９１號七樓,19.63,住,,,1101107,土地1建物1車位1,七層,十四層,住宅大樓(11層含以上有電梯),住家用,鋼筋混凝土造,1140522,126.33,2,2,1,有,有,18000000,176412,坡道平面,36.2,2100000,預售屋、或土地及建物分件登記案件；,RPPQMLTLPHKGFGF96DA,53.44,0,5.04,有,
三重區,房地(土地+建物)+車位,新北市三重區三賢街９５號五樓,23.4,住,,,1101118,土地1建物1車位1,五層,十四層,住宅大樓(11層含以上有電梯),住家用,鋼筋混凝土造,1140522,141.2,3,2,2,有,有,21600000,180046,坡道平面,33.45,2200000,預售屋、或土地及建物分件登記案件；,RPQQMLTLPHKGFGF07DA,61.45,0,8.51,有,
三重區,房地(土地+建物)+車位,新北市三重區三賢街８７號十一樓,32.28,住,,,1101108,土地1建物1車位1,十一層,十四層,住宅大樓(11層含以上有電梯),住家用,鋼筋混凝土造,1140522,184.96,3,2,2,有,有,28750000,177803,坡道平面,36.2,2300000,預售屋、或土地及建物分件登記案件；,RPRNMLKMPHKGFGF68DA,87.85,0,8.75,有,
三重區,房地(土地+建物)+車位,新北市三重區三賢街９１號十一樓,19.63,住,,,1101107,土地1建物1車位1,十一層,十四層,住宅大樓(11層含以上有電梯),住家用,鋼筋混凝土造,1140522,126.33,2,2,1,有,有,18600000,180850,坡道平面,36.2,2300000,預售屋、或土地及建物分件登記案件；,RPSNMLKMPHKGFGF78DA,53.44,0,5.04,有,
三重區,房地(土地+建物)+車位,新北市三重區三賢街８５號四樓,25.82,住,,,1101130,土地1建物1車位1,四層,十四層,住宅大樓(11層含以上有電梯),住家用,鋼筋混凝土造,1140522,155.32,3,2,2,有,有,22300000,168737,坡道平面,36.2,2200000,預售屋、或土地及建物分件登記案件；,RPSNMLTLPHKGFGF96DA,67.46,0,9.93,有,
三重區,房地(土地+建物)+車位,新北市三重區三賢街８７號八樓,32.28,住,,,1101111,土地1建物1車位1,八層,十四層,住宅大樓(11層含以上有電梯),住家用,鋼筋混凝土造,1140522,184.96,3,2,2,有,有,28700000,178139,坡道平面,36.2,2200000,預售屋、或土地及建物分件登記案件；,RPQPMLTLPHKGFGF96DA,87.85,0,8.75,有,
三重區,房地(土地+建物)+車位,新北市三重區三賢街９９號十二樓,20.17,住,,,1101124,土地1建物1車位1,十二層,十四層,住宅大樓(11層含以上有電梯),住家用,鋼筋混凝土造,1140522,126.63,2,2,1,有,有,17850000,169564,坡道平面,33.45,2050000,預售屋、或土地及建物分件登記案件；,RPTQMLPJQHKGFGF86DA,56.56,0,4.04,有,
三重區,房地(土地+建物)+車位,新北市三重區三賢街９３號七樓,19.63,住,,,1101113,土地1建物1車位1,七層,十四層,住宅大樓(11層含以上有電梯),住家用,鋼筋混凝土造,1140522,126.33,2,2,1,有,有,18300000,179740,坡道平面,36.2,2100000,預售屋、或土地及建物分件登記案件；,RPUQMLPJQHKGFGF96DA,53.44,0,5.04,有,
三重區,房地(土地+建物),新北市三重區三賢街９３號二樓,19.63,住,,,1101111,土地1建物1車位0,二層,十四層,住宅大樓(11層含以上有電梯),住家用,鋼筋混凝土造,1140522,90.13,2,2,1,有,有,16680000,185066,,0,0,預售屋、或土地及建物分件登記案件；,RPVTMLSLPHKGFGF77DA,53.44,0,5.04,有,
三重區,房地(土地+建物)+車位,新北市三重區三賢街９５號十四樓,23.4,住,,,1101120,土地1建物1車位1,十四層,十四層,住宅大樓(11層含以上有電梯),住家用,鋼筋混凝土造,1140522,143.96,3,2,2,有,有,22050000,184206,坡道平面,36.2,2200000,權利人換約日期:1130527權利人換約後價格:22400000預售屋、或土地及建物分件登記案件；,RPTOMLOLPHKGFGF66DA,61.45,0,8.51,有,
三重區,房地(土地+建物)+車位,新北市三重區三賢街８９號六樓,23.4,住,,,1101109,土地1建物1車位1,六層,十四層,住宅大樓(11層含以上有電梯),住家用,鋼筋混凝土造,1140522,143.96,3,2,2,有,有,20700000,172606,坡道平面,36.2,2100000,權利人換約日期：1140218權利人換約後價格：26980000預售屋、或土地及建物分件登記案件；,RPUOMLPLQHKGFGF96DA,61.45,0,8.51,有,
三重區,房地(土地+建物)+車位,新北市三重區三賢街９７號十一樓,27.43,住,,,1101114,土地1建物1車位1,十一層,十四層,住宅大樓(11層含以上有電梯),住家用,鋼筋混凝土造,1140522,162.6,3,2,2,有,有,24450000,175237,坡道平面,36.2,2300000,預售屋、或土地及建物分件登記案件；,RPSPMLPLQHKGFGF86DA,73.7,0,8.4,有,
三重區,房地(土地+建物)+車位,新北市三重區三賢街９５號十一樓,23.4,住,,,1101116,土地1建物1車位1,十一層,十四層,住宅大樓(11層含以上有電梯),住家用,鋼筋混凝土造,1140522,147.89,3,2,2,有,有,21900000,181439,坡道平面,40.14,2350000,預售屋、或土地及建物分件登記案件；,RPTPMLPLQHKGFGF96DA,61.45,0,8.51,有,
三重區,房地(土地+建物)+車位,新北市三重區三賢街８５號八樓,25.82,住,,,1101121,土地1建物1車位1,八層,十四層,住宅大樓(11層含以上有電梯),住家用,鋼筋混凝土造,1140522,155.32,3,2,2,有,有,22350000,169157,坡道平面,36.2,2200000,預售屋、或土地及建物分件登記案件；,RPVPMLPLQHKGFGF17DA,67.46,0,9.93,有,
三重區,房地(土地+建物),新北市三重區三賢街９１號十樓,19.63,住,,,1101128,土地1建物1車位0,十層,十四層,住宅大樓(11層含以上有電梯),住家用,鋼筋混凝土造,1140522,90.13,2,2,1,有,有,16490000,182958,,0,0,預售屋、或土地及建物分件登記案件；,RPRPMLPLQHKGFGF76DA,53.44,0,5.04,有,
,,,,,,,,,,,,,,,,,,,,,22093619.05,179161.0667,,,,,,,,,,
三重區,房地(土地+建物),新北市三重區仁安街１１０號三樓,13.73,住,,,1140719,土地1建物1車位0,三層,十二層,住宅大樓(11層含以上有電梯),住家用,鋼筋混凝土造,1140520,78.87,2,1,2,有,有,19270000,244326,,0,0,,RPQNMLQKQHKGFGF09DA,46.92,0,4.13,有,
三重區,房地(土地+建物)+車位,新北市三重區仁安街１０８號二樓,12.93,住,,,1140605,土地1建物1車位1,二層,十二層,住宅大樓(11層含以上有電梯),住家用,鋼筋混凝土造,1140520,100.58,2,1,2,有,有,23000000,276392,坡道平面,26.41,2500000,1.建築完成日期民國114年5月20日核發2.含露臺預售屋、或土地及建物分件登記案件；,RPQNMLTKQHKGFGF76DA,44.25,0,3.72,有,
三重區,房地(土地+建物)+車位,新北市三重區仁安街１１２號三樓,13.73,住,,,1140503,土地1建物1車位1,三層,十二層,住宅大樓(11層含以上有電梯),住家用,鋼筋混凝土造,1140520,105.28,2,1,2,有,有,21400000,239635,坡道平面,26.41,2500000,預售屋、或土地及建物分件登記案件；,RPRSMLPLPHKGFGF96DA,46.92,0,4.13,有,
三重區,房地(土地+建物),新北市三重區仁安街１１８號四樓,21.15,住,,,1140531,土地1建物1車位0,四層,十二層,住宅大樓(11層含以上有電梯),住家用,鋼筋混凝土造,1140520,121.46,3,2,2,有,有,29300000,241232,,0,0,預售屋、或土地及建物分件登記案件；,RPSTMLPLPHKGFGF17DA,68.22,0,10.4,有,
三重區,房地(土地+建物),新北市三重區仁安街１１８號五樓,21.15,住,,,1140503,土地1建物1車位0,五層,十二層,住宅大樓(11層含以上有電梯),住家用,鋼筋混凝土造,1140520,121.46,3,2,2,有,有,28940000,238268,,0,0,預售屋、或土地及建物分件登記案件；,RPUTMLPLPHKGFGF37DA,68.22,0,10.4,有,
三重區,房地(土地+建物),新北市三重區仁安街１１０號二樓,13.73,住,,,1140527,土地1建物1車位0,二層,十二層,住宅大樓(11層含以上有電梯),住家用,鋼筋混凝土造,1140520,78.87,2,1,2,有,有,18800000,238367,,0,0,交易時使用執照已核發但未完成建物第一次登記預售屋、或土地及建物分件登記案件；,RPTNMLQJQHKGFGF66DA,46.92,0,4.13,有,
三重區,房地(土地+建物),新北市三重區仁安街１１６號二樓,12.93,住,,,1140307,土地1建物1車位0,二層,十二層,住宅大樓(11層含以上有電梯),住家用,鋼筋混凝土造,1140520,74.17,2,1,2,有,有,20880000,281515,,0,0,露台戶預售屋、或土地及建物分件登記案件；,RPXSMLPLPHKGFGF57DA,44.25,0,3.72,有,
三重區,房地(土地+建物),新北市三重區仁安街１１６號十樓,12.93,住,,,1140315,土地1建物1車位0,十層,十二層,住宅大樓(11層含以上有電梯),住家用,鋼筋混凝土造,1140520,74.17,2,1,2,有,有,18750000,252798,,0,0,預售屋、或土地及建物分件登記案件；,RPQTMLPLPHKGFGF96DA,44.25,0,3.72,有,
三重區,房地(土地+建物),新北市三重區仁安街１１８號三樓,21.15,住,,,1140329,土地1建物1車位0,三層,十二層,住宅大樓(11層含以上有電梯),住家用,鋼筋混凝土造,1140520,121.46,3,2,2,有,有,28800000,237115,,0,0,預售屋、或土地及建物分件登記案件；,RPRTMLPLPHKGFGF07DA,68.22,0,10.4,有,
三重區,房地(土地+建物)+車位,新北市三重區仁安街１０６號二樓,21.15,住,,,1140329,土地1建物1車位1,二層,十二層,住宅大樓(11層含以上有電梯),住家用,鋼筋混凝土造,1140520,147.87,3,2,2,有,有,34000000,256051,坡道平面,26.41,2900000,露台戶預售屋、或土地及建物分件登記案件；,RPTSMLNKQHKGFGF96DA,68.22,0,10.4,有,
三重區,房地(土地+建物),新北市三重區仁安街１０８號三樓,12.93,住,,,1140329,土地1建物1車位0,三層,十二層,住宅大樓(11層含以上有電梯),住家用,鋼筋混凝土造,1140520,74.17,2,1,2,有,有,18100000,244034,,0,0,預售屋、或土地及建物分件登記案件；,RPUONLLJRHKGFGF56DA,44.25,0,3.72,有,
三重區,房地(土地+建物)+車位,新北市三重區仁安街１１８號六樓,21.15,住,,,1140215,土地1建物1車位1,六層,十二層,住宅大樓(11層含以上有電梯),住家用,鋼筋混凝土造,1140520,147.87,3,2,2,有,有,32600000,245760,坡道平面,26.41,2750000,預售屋、或土地及建物分件登記案件；,RPVTMLPLPHKGFGF47DA,68.22,0,10.4,有,
三重區,房地(土地+建物),新北市三重區仁安街１１６號十一樓,12.93,住,,,1140215,土地1建物1車位0,十一層,十二層,住宅大樓(11層含以上有電梯),住家用,鋼筋混凝土造,1140520,74.17,2,1,2,有,有,19150000,258191,,0,0,預售屋、或土地及建物分件登記案件；,RPVOMLQJQHKGFGF96DA,44.25,0,3.72,有,
三重區,房地(土地+建物)+車位,新北市三重區仁安街１０８號十樓,12.93,住,,,1140119,土地1建物1車位1,十層,十二層,住宅大樓(11層含以上有電梯),住家用,鋼筋混凝土造,1140520,100.58,2,1,2,有,有,21600000,256168,坡道平面,26.41,2600000,預售屋、或土地及建物分件登記案件；,RPSNMLQJQHKGFGF56DA,44.25,0,3.72,有,
三重區,房地(土地+建物),新北市三重區仁安街１１０號五樓,13.73,住,,,1140123,土地1建物1車位0,五層,十二層,住宅大樓(11層含以上有電梯),住家用,鋼筋混凝土造,1140520,78.87,2,1,2,有,有,19400000,245974,,0,0,預售屋、或土地及建物分件登記案件；,RPROMLQJQHKGFGF56DA,46.92,0,4.13,有,
三重區,房地(土地+建物)+車位,新北市三重區仁安街１０６號三樓,21.15,住,,,1131214,土地1建物1車位1,三層,十二層,住宅大樓(11層含以上有電梯),住家用,鋼筋混凝土造,1140520,147.87,3,2,2,有,有,30200000,226412,坡道平面,26.41,2700000,預售屋、或土地及建物分件登記案件；,RPVRMLPLPHKGFGF27DA,68.22,0,10.4,有,
三重區,房地(土地+建物)+車位,新北市三重區仁安街１１０號八樓,13.73,住,,,1131103,土地1建物1車位1,八層,十二層,住宅大樓(11層含以上有電梯),住家用,鋼筋混凝土造,1140520,105.28,2,1,2,有,有,22800000,258653,坡道平面,26.41,2400000,預售屋、或土地及建物分件登記案件；,RPQSMLPLPHKGFGF86DA,46.92,0,4.13,有,
三重區,房地(土地+建物)+車位,新北市三重區仁安街１１０號十一樓,13.73,住,,,1131102,土地1建物1車位1,十一層,十二層,住宅大樓(11層含以上有電梯),住家用,鋼筋混凝土造,1140520,105.28,2,1,2,有,有,23600000,263725,坡道平面,26.41,2800000,預售屋、或土地及建物分件登記案件；,RPTOMLQJQHKGFGF76DA,46.92,0,4.13,有,
三重區,房地(土地+建物)+車位,新北市三重區仁安街１０８號八樓,12.93,住,,,1131130,土地1建物1車位1,八層,十二層,住宅大樓(11層含以上有電梯),住家用,鋼筋混凝土造,1140520,100.58,2,1,2,有,有,21500000,256168,坡道平面,26.41,2500000,預售屋、或土地及建物分件登記案件；,RPUSMLNKQHKGFGF07DA,44.25,0,3.72,有,
三重區,房地(土地+建物)+車位,新北市三重區仁安街１１２號十一樓,13.73,住,,,1131009,土地1建物1車位1,十一層,十二層,住宅大樓(11層含以上有電梯),住家用,鋼筋混凝土造,1140520,105.28,2,1,2,有,有,23760000,265754,坡道平面,26.41,2800000,預售屋、或土地及建物分件登記案件；,RPVSMLPLPHKGFGF37DA,46.92,0,4.13,有,
三重區,房地(土地+建物),新北市三重區仁安街１１６號六樓,12.93,住,,,1131022,土地1建物1車位0,六層,十二層,住宅大樓(11層含以上有電梯),住家用,鋼筋混凝土造,1140520,74.17,2,1,2,有,有,18800000,253472,,0,0,預售屋、或土地及建物分件登記案件；,RPPTMLPLPHKGFGF86DA,44.25,0,3.72,有,
三重區,房地(土地+建物),新北市三重區仁安街１１０號九樓,13.73,住,,,1131026,土地1建物1車位0,九層,十二層,住宅大樓(11層含以上有電梯),住家用,鋼筋混凝土造,1140520,78.87,2,1,2,有,有,20450000,259287,,0,0,預售屋、或土地及建物分件登記案件；,RPSUMLPLPHKGFGF27DA,46.92,0,4.13,有,
三重區,房地(土地+建物),新北市三重區仁安街１１２號五樓,13.73,住,,,1131002,土地1建物1車位0,五層,十二層,住宅大樓(11層含以上有電梯),住家用,鋼筋混凝土造,1140520,78.87,2,1,2,有,有,19600000,248510,,0,0,預售屋、或土地及建物分件登記案件；,RPTUMLPLPHKGFGF37DA,46.92,0,4.13,有,
三重區,房地(土地+建物)+車位,新北市三重區仁安街１０６號六樓,21.15,住,,,1131006,土地1建物1車位1,六層,十二層,住宅大樓(11層含以上有電梯),住家用,鋼筋混凝土造,1140520,147.87,3,2,2,有,有,32250000,242878,坡道平面,26.41,2750000,預售屋、或土地及建物分件登記案件；,RPRNMLQJQHKGFGF09DA,68.22,0,10.4,有,
三重區,房地(土地+建物)+車位,新北市三重區仁安街１１２號八樓,13.73,住,,,1131010,土地1建物1車位1,八層,十二層,住宅大樓(11層含以上有電梯),住家用,鋼筋混凝土造,1140520,105.28,2,1,2,有,有,22650000,253582,坡道平面,26.41,2650000,預售屋、或土地及建物分件登記案件；,RPWNMLQJQHKGFGF96DA,46.92,0,4.13,有,
三重區,房地(土地+建物)+車位,新北市三重區仁安街１０８號十一樓,12.93,住,,,1131001,土地1建物1車位1,十一層,十二層,住宅大樓(11層含以上有電梯),住家用,鋼筋混凝土造,1140520,100.58,2,1,2,有,有,21500000,254820,坡道平面,26.41,2600000,預售屋、或土地及建物分件登記案件；,RPVSMLNKQHKGFGF17DA,44.25,0,3.72,有,
三重區,房地(土地+建物)+車位,新北市三重區仁安街１０６號五樓,21.15,住,,,1130919,土地1建物1車位1,五層,十二層,住宅大樓(11層含以上有電梯),住家用,鋼筋混凝土造,1140520,147.87,3,2,2,有,有,31180000,235304,坡道平面,26.41,2600000,預售屋、或土地及建物分件登記案件；,RPWRMLPLPHKGFGF37DA,68.22,0,10.4,有,
三重區,房地(土地+建物),新北市三重區仁安街１０８號四樓,12.93,住,,,1130912,土地1建物1車位0,四層,十二層,住宅大樓(11層含以上有電梯),住家用,鋼筋混凝土造,1140520,74.17,2,1,2,有,有,16460000,221923,,0,0,預售屋、或土地及建物分件登記案件；,RPXRMLPLPHKGFGF47DA,44.25,0,3.72,有,
三重區,房地(土地+建物),新北市三重區仁安街１０８號五樓,12.93,住,,,1130929,土地1建物1車位0,五層,十二層,住宅大樓(11層含以上有電梯),住家用,鋼筋混凝土造,1140520,74.17,2,1,2,有,有,18400000,248079,,0,0,預售屋、或土地及建物分件登記案件；,RPOSMLPLPHKGFGF66DA,44.25,0,3.72,有,
三重區,房地(土地+建物),新北市三重區仁安街１０８號七樓,12.93,住,,,1130921,土地1建物1車位0,七層,十二層,住宅大樓(11層含以上有電梯),住家用,鋼筋混凝土造,1140520,74.17,2,1,2,有,有,17800000,239989,,0,0,預售屋、或土地及建物分件登記案件；,RPPSMLPLPHKGFGF76DA,44.25,0,3.72,有,
三重區,房地(土地+建物),新北市三重區仁安街１１２號四樓,13.73,住,,,1130925,土地1建物1車位0,四層,十二層,住宅大樓(11層含以上有電梯),住家用,鋼筋混凝土造,1140520,78.87,2,1,2,有,有,19300000,244706,,0,0,預售屋、或土地及建物分件登記案件；,RPTSMLPLPHKGFGF17DA,46.92,0,4.13,有,
三重區,房地(土地+建物),新北市三重區仁安街１１２號七樓,13.73,住,,,1130924,土地1建物1車位0,七層,十二層,住宅大樓(11層含以上有電梯),住家用,鋼筋混凝土造,1140520,78.87,2,1,2,有,有,19900000,252314,,0,0,預售屋、或土地及建物分件登記案件；,RPWSMLPLPHKGFGF47DA,46.92,0,4.13,有,
三重區,房地(土地+建物),新北市三重區仁安街１１６號四樓,12.93,住,,,1130911,土地1建物1車位0,四層,十二層,住宅大樓(11層含以上有電梯),住家用,鋼筋混凝土造,1140520,74.17,2,1,2,有,有,16460000,221923,,0,0,預售屋、或土地及建物分件登記案件；,RPOTMLPLPHKGFGF76DA,44.25,0,3.72,有,
三重區,房地(土地+建物)+車位,新北市三重區仁安街１１８號八樓,21.15,住,,,1130922,土地1建物1車位1,八層,十二層,住宅大樓(11層含以上有電梯),住家用,鋼筋混凝土造,1140520,147.87,3,2,2,有,有,31100000,235468,坡道平面,26.41,2500000,預售屋、或土地及建物分件登記案件；,RPXTMLPLPHKGFGF67DA,68.22,0,10.4,有,
三重區,房地(土地+建物)+車位,新北市三重區仁安街１０６號八樓,21.15,住,,,1130913,土地1建物1車位1,八層,十二層,住宅大樓(11層含以上有電梯),住家用,鋼筋混凝土造,1140520,147.87,3,2,2,有,有,31950000,241232,坡道平面,26.41,2650000,預售屋、或土地及建物分件登記案件；,RPOUMLPLPHKGFGF86DA,68.22,0,10.4,有,
三重區,房地(土地+建物)+車位,新北市三重區仁安街１１２號六樓,13.73,住,,,1130928,土地1建物1車位1,六層,十二層,住宅大樓(11層含以上有電梯),住家用,鋼筋混凝土造,1140520,105.28,2,1,2,有,有,22780000,257132,坡道平面,26.41,2500000,預售屋、或土地及建物分件登記案件；,RPPUMLPLPHKGFGF96DA,46.92,0,4.13,有,
三重區,房地(土地+建物),新北市三重區仁安街１０８號六樓,12.93,住,,,1130920,土地1建物1車位0,六層,十二層,住宅大樓(11層含以上有電梯),住家用,鋼筋混凝土造,1140520,74.17,2,1,2,有,有,18350000,247405,,0,0,預售屋、或土地及建物分件登記案件；,RPQUMLPLPHKGFGF07DA,44.25,0,3.72,有,
三重區,房地(土地+建物)+車位,新北市三重區仁安街１１２號九樓,13.73,住,,,1130918,土地1建物1車位1,九層,十二層,住宅大樓(11層含以上有電梯),住家用,鋼筋混凝土造,1140520,105.28,2,1,2,有,有,21870000,244326,坡道平面,26.41,2600000,預售屋、或土地及建物分件登記案件；,RPUUMLPLPHKGFGF47DA,46.92,0,4.13,有,
三重區,房地(土地+建物)+車位,新北市三重區仁安街１０６號七樓,21.15,住,,,1130911,土地1建物1車位1,七層,十二層,住宅大樓(11層含以上有電梯),住家用,鋼筋混凝土造,1140520,147.87,3,2,2,有,有,31680000,239009,坡道平面,26.41,2650000,預售屋、或土地及建物分件登記案件；,RPQNMLQJQHKGFGF98DA,68.22,0,10.4,有,
三重區,房地(土地+建物),新北市三重區仁安街１１０號四樓,13.73,住,,,1130925,土地1建物1車位0,四層,十二層,住宅大樓(11層含以上有電梯),住家用,鋼筋混凝土造,1140520,78.87,2,1,2,有,有,19100000,242171,,0,0,預售屋、或土地及建物分件登記案件；,RPUNMLQJQHKGFGF76DA,46.92,0,4.13,有,
三重區,房地(土地+建物),新北市三重區仁安街１１０號七樓,13.73,住,,,1130929,土地1建物1車位0,七層,十二層,住宅大樓(11層含以上有電梯),住家用,鋼筋混凝土造,1140520,78.87,2,1,2,有,有,19390000,245848,,0,0,預售屋、或土地及建物分件登記案件；,RPVNMLQJQHKGFGF86DA,46.92,0,4.13,有,
三重區,房地(土地+建物)+車位,新北市三重區仁安街１１２號十樓,13.73,住,,,1130926,土地1建物1車位1,十層,十二層,住宅大樓(11層含以上有電梯),住家用,鋼筋混凝土造,1140520,105.28,2,1,2,有,有,22950000,256118,坡道平面,26.41,2750000,預售屋、或土地及建物分件登記案件；,RPXNMLQJQHKGFGF07DA,46.92,0,4.13,有,
三重區,房地(土地+建物)+車位,新北市三重區仁安街１１６號七樓,12.93,住,,,1130927,土地1建物1車位1,七層,十二層,住宅大樓(11層含以上有電梯),住家用,鋼筋混凝土造,1140520,100.58,2,1,2,有,有,20900000,248079,坡道平面,26.41,2500000,預售屋、或土地及建物分件登記案件；,RPOOMLQJQHKGFGF88DA,44.25,0,3.72,有,
三重區,房地(土地+建物),新北市三重區仁安街１１６號八樓,12.93,住,,,1130922,土地1建物1車位0,八層,十二層,住宅大樓(11層含以上有電梯),住家用,鋼筋混凝土造,1140520,74.17,2,1,2,有,有,17850000,240663,,0,0,預售屋、或土地及建物分件登記案件；,RPPOMLQJQHKGFGF98DA,44.25,0,3.72,有,
三重區,房地(土地+建物)+車位,新北市三重區仁安街１１０號十樓,13.73,住,,,1130929,土地1建物1車位1,十層,十二層,住宅大樓(11層含以上有電梯),住家用,鋼筋混凝土造,1140520,105.28,2,1,2,有,有,23300000,263725,坡道平面,26.41,2500000,預售屋、或土地及建物分件登記案件；,RPSOMLQJQHKGFGF66DA,46.92,0,4.13,有,
三重區,房地(土地+建物),新北市三重區仁安街１１６號五樓,12.93,住,,,1130922,土地1建物1車位0,五層,十二層,住宅大樓(11層含以上有電梯),住家用,鋼筋混凝土造,1140520,74.17,2,1,2,有,有,17800000,239989,,0,0,預售屋、或土地及建物分件登記案件；,RPUOMLQJQHKGFGF86DA,44.25,0,3.72,有,
三重區,房地(土地+建物)+車位,新北市三重區仁安街１１０號六樓,13.73,住,,,1130924,土地1建物1車位1,六層,十二層,住宅大樓(11層含以上有電梯),住家用,鋼筋混凝土造,1140520,105.28,2,1,2,有,有,22000000,247242,坡道平面,26.41,2500000,預售屋、或土地及建物分件登記案件；,RPWSMLNKQHKGFGF27DA,46.92,0,4.13,有,
三重區,房地(土地+建物),新北市三重區仁安街１１６號三樓,12.93,住,,,1130928,土地1建物1車位0,三層,十二層,住宅大樓(11層含以上有電梯),住家用,鋼筋混凝土造,1140520,74.17,2,1,2,有,有,18590000,250640,,0,0,預售屋、或土地及建物分件登記案件；,RPPNMLTKQHKGFGF66DA,44.25,0,3.72,有,
,,,,,,,,,,,,,,,,,,,,,22712708.33,247966.0833,,,,,,,,,,
三重區,房地(土地+建物),新北市三重區仁愛街２０４巷７號,31.18,住,,,1140701,土地1建物1車位0,一層,五層,公寓(5樓含以下無電梯),住家用,鋼筋混凝土造,770409,107.62,2,2,1,有,無,16880000,156848,,0,0,平台增建、防火巷增建其他增建；,RPSOMLQKPHKGFGF66DA,96.58,11.04,0,無,226
三重區,房地(土地+建物),新北市三重區仁愛街１４１巷７號三樓,29,住,,,1140714,土地1建物1車位0,三層,四層,公寓(5樓含以下無電梯),住家用,鋼筋混凝土造,671129,77.5,3,2,1,有,無,9180000,118452,,0,0,陽台外推；,RPPNMLMJRHKGFGF68EA,72.5,0,5,無,
三重區,房地(土地+建物),新北市三重區仁愛街２６９巷１１號三樓,33,住,,,1140716,土地1建物1車位0,三層，陽台,四層,公寓(5樓含以下無電梯),住家用,加強磚造,660519,91,4,1,1,有,無,8810000,96813,,0,0,,RPPNMLOJRHKGFGF78DA,91,0,0,無,
三重區,房地(土地+建物),新北市三重區仁愛街３１５巷８號,28.18,住,,,1140623,土地1建物1車位0,一層,五層,公寓(5樓含以下無電梯),住家用,鋼筋混凝土造,751110,101.75,3,1,1,有,無,15800000,155283,,0,0,親友、員工、共有人或其他特殊關係間之交易；,RPVNMLSJQHKGFGF17EA,93.07,8.68,0,無,
三重區,房地(土地+建物),新北市三重區仁愛街３６６巷２０號,24.5,商,,,1140626,土地1建物1車位0,一層，騎樓,二層,公寓(5樓含以下無電梯),住家用,加強磚造,570603,45.03,0,0,0,無,無,11200000,248723,,0,0,騎樓外推其他增建；,RPVQMLMLQHKGFGF96DA,45.03,0,0,無,
三重區,房地(土地+建物),新北市三重區仁愛街４２６號三樓,22.58,都市：其他:道路用地,,,1140505,土地3建物1車位0,三層,五層,公寓(5樓含以下無電梯),住家用,鋼筋混凝土造,701123,85.38,3,2,1,有,無,10880000,127430,,0,0,,RPVOMLNKOHKGFGF56DA,80.1,0,5.28,無,
三重區,房地(土地+建物),新北市三重區仁愛街３９３號五樓,18.8,住,,,1140430,土地4建物1車位0,五層,五層,公寓(5樓含以下無電梯),住家用,鋼筋混凝土造,700421,83,2,2,1,有,無,8800000,106024,,0,0,其他增建；,RPQOMLLJPHKGFGF58EA,83,0,0,無,
三重區,房地(土地+建物),新北市三重區仁愛街３２７巷１９號二樓,27,住,,,1140407,土地1建物1車位0,二層,三層,公寓(5樓含以下無電梯),住家用,加強磚造,590330,67.1,2,2,1,有,無,10700000,159463,,0,0,,RPWNMLKMOHKGFGF09DA,67.1,0,0,無,2823
三重區,房地(土地+建物),新北市三重區仁愛街１６６號三樓,25.5,住,,,1140403,土地2建物1車位0,三層,四層,公寓(5樓含以下無電梯),住家用,鋼筋混凝土造,700514,78,4,2,2,有,無,11880000,152308,,0,0,陽台外推；,RPWOMLNJPHKGFGF66DA,73,0,5,無,2839
三重區,房地(土地+建物),新北市三重區仁愛街２８３巷２７號,31.5,住,,,1140322,土地2建物1車位0,一層,四層,公寓(5樓含以下無電梯),住家用,鋼筋混凝土造,671129,84.95,3,2,2,有,無,16500000,194232,,0,0,增建地下室陽台外推；其他增建；,RPUNMLQKOHKGFGF66DA,67.95,17,0,無,3250
,,,,,,,,,,,,,,,,,,,,,12063000,151557.6,,,,,,,,,,
三重區,房地(土地+建物),新北市三重區成功路１４５巷３１號,33,住,,,1140606,土地1建物1車位0,一層，騎樓,四層,公寓(5樓含以下無電梯),商業用,鋼筋混凝土造,660303,87,0,0,1,有,無,14000000,160920,,0,0,其他增建；,RPTOMLPKPHKGFGF66DA,87,0,0,無,
三重區,房地(土地+建物),新北市三重區成功路７３巷２９號三樓,25.3,住,,,1140612,土地2建物1車位0,三層,五層,公寓(5樓含以下無電梯),住家用,鋼筋混凝土造,700421,92,3,1,2,有,無,11400000,123913,,0,0,其他增建；,RPOOMLRKPHKGFGF98DA,92,0,0,無,
三重區,房地(土地+建物),新北市三重區成功路７３巷１７號四樓,34.5,住,,,1140506,土地2建物1車位0,四層，陽台,四層,公寓(5樓含以下無電梯),住家用,鋼筋混凝土造,670223,97,3,2,1,有,無,13000000,134021,,0,0,陽台外推；,RPQOMLQJOHKGFGF88DA,97,0,0,無,
三重區,房地(土地+建物),新北市三重區成功路１６１之１號,17.25,商,,,1140430,土地1建物1車位0,一層,四層,公寓(5樓含以下無電梯),商業用,鋼筋混凝土造,660925,49.43,2,1,1,有,無,9300000,188145,,0,0,陽台外推；,RPUOMLNLOHKGFGF56DA,37.21,0,0,無,2722
三重區,房地(土地+建物),新北市三重區成功路１４５巷１號,18.5,住,,,1140423,土地2建物1車位0,一層，騎樓,四層,公寓(5樓含以下無電梯),住家用,加強磚造,650206,50,2,1,1,有,無,10000000,200000,,0,0,其他增建；,RPPNMLOKNHKGFGF48DA,50,0,0,無,
三重區,房地(土地+建物),新北市三重區成功路１４５巷１號二樓,18.5,住,,,1140423,土地2建物1車位0,二層，陽台,四層,公寓(5樓含以下無電梯),住家用,加強磚造,650206,55,2,1,1,有,無,8000000,145455,,0,0,陽台外推；其他增建；,RPWNMLQKNHKGFGF76DA,55,0,0,無,
三重區,房地(土地+建物),新北市三重區成功路７３巷１７號三樓,34.5,住,,,1140328,土地2建物1車位0,三層，陽台,四層,公寓(5樓含以下無電梯),住家用,鋼筋混凝土造,670223,97,3,2,1,有,無,13400000,138144,,0,0,陽台外推；,RPOOMLQJOHKGFGF68DA,97,0,0,無,
三重區,房地(土地+建物),新北市三重區成功路１８５號三樓,23.51,商,,,1140309,土地1建物1車位0,三層,五層,公寓(5樓含以下無電梯),住家用,鋼筋混凝土造,700316,100.85,4,2,2,有,無,14500000,143778,,0,0,陽台外推；,RPSNMLSLPHKGFGF96EA,91,0,9.85,無,3307
,,,,,,,,,,,,,,,,,,,,,11700000,154297,,,,,,,,,,
三重區,房地(土地+建物)+車位,新北市三重區成功路５０巷１號十一樓,22.49,住,,,1140801,土地1建物1車位1,十一層,十三層,住宅大樓(11層含以上有電梯),住家用,鋼筋混凝土造,971006,161.89,3,2,2,有,有,19000000,117364,升降平面,56.27,0,親友、員工、共有人或其他特殊關係間之交易；,RPPNMLQLQHKGFGF56EA,70.74,7.02,3.44,有,
三重區,房地(土地+建物)+車位,新北市三重區成功路４２號十一樓,7.73,商,,,1140701,土地2建物1車位1,十一層,二十五層,住宅大樓(11層含以上有電梯),商業用,鋼筋混凝土造,890630,149.15,3,2,2,有,有,23400000,186574,坡道平面,37.12,2500000,陽台外推；,RPPNMLLLPHKGFGF58EA,77.36,0,8.62,有,
三重區,房地(土地+建物)+車位,新北市三重區成功路１２０號九樓之五,23.89,住,,,1140702,土地1建物1車位1,九層,二十一層,住宅大樓(11層含以上有電梯),住家用,鋼筋混凝土造,1140320,200.73,3,2,2,有,有,37000000,216971,坡道平面,40.34,2200000,,RPSNMLOJQHKGFGF09EA,89.01,6.48,12.37,有,
三重區,房地(土地+建物)+車位,新北市三重區成功路１１８號七樓之五,2.18,住,,,1140724,土地1建物1車位1,七層,十五層,住宅大樓(11層含以上有電梯),住家用,鋼筋混凝土造,1121215,19.6,2,2,1,有,有,2440000,124490,坡道平面,3.7,0,親友、員工、共有人或其他特殊關係間之交易；,RPPNMLLKQHKGFGF58EA,9.48,0,0.93,有,490
三重區,房地(土地+建物),新北市三重區成功路１００號十九樓,5.35,商,,,1140630,土地3建物1車位0,十九層,二十四層,住宅大樓(11層含以上有電梯),住家用,鋼筋混凝土造,1041105,61.34,1,1,1,有,有,11000000,179328,,0,0,,RPWNMLTJPHKGFGF27EA,32.25,4.05,3.82,有,1026
三重區,房地(土地+建物),新北市三重區成功路１１０號十八樓之二十一,4.3,商,,,1140605,土地3建物1車位0,十八層,二十七層,住宅大樓(11層含以上有電梯),住家用,鋼筋混凝土造,860203,82.82,3,1,1,有,有,12500000,150930,,0,0,,RPTOMLQKOHKGFGF66DA,57.43,0,3.2,有,
三重區,房地(土地+建物),新北市三重區成功路１０號八樓之八,9.76,商,,,1140625,土地1建物1車位0,八層,十二層,住宅大樓(11層含以上有電梯),住家用,鋼筋混凝土造,820903,116.34,3,1,1,有,有,16900000,145264,,0,0,陽台外推；,RPUOMLOJQHKGFGF66DA,76.65,0,20.15,有,1612
三重區,房地(土地+建物),新北市三重區成功路１１８號四樓之六,7.52,住,,,1140629,土地1建物1車位0,四層,十五層,住宅大樓(11層含以上有電梯),住家用,鋼筋混凝土造,1121215,54.17,1,1,1,有,有,11850000,218756,,0,0,,RPPNMLSLQHKGFGF76EA,30.53,0,4.95,有,1670
三重區,房地(土地+建物),新北市三重區成功路１００號九樓之五,6.31,商,,,1140625,土地3建物1車位0,九層,二十四層,住宅大樓(11層含以上有電梯),住家用,鋼筋混凝土造,1041105,72.45,2,2,1,有,有,14800000,204279,,0,0,其他增建；,RPQNMLNJRHKGFGF88EA,39.17,2.93,5.29,有,1701
三重區,房地(土地+建物)+車位,新北市三重區成功路５０巷４０號九樓,25.03,住,,,1140508,土地1建物1車位1,九層,十二層,住宅大樓(11層含以上有電梯),住家用,鋼筋混凝土造,890920,134.29,3,2,2,有,有,21500000,160101,坡道平面,34.77,0,編號16鐵窗、梯間其他增建；,RPUOMLNKOHKGFGF09DA,69.87,0,5.38,有,
三重區,房地(土地+建物)+車位,新北市三重區成功路５４號,6.44,商,,,1140512,土地3建物1車位1,一層，騎樓,十四層,住宅大樓(11層含以上有電梯),商業用,鋼筋混凝土造,861001,83.69,0,0,0,無,有,20000000,238977,坡道機械,22.32,0,,RPROMLQKOHKGFGF09DA,50.82,0,0.02,有,
三重區,房地(土地+建物),新北市三重區成功路５０巷１６號七樓,22.13,住,,,1140524,土地1建物1車位0,七層,十四層,住宅大樓(11層含以上有電梯),住家用,鋼筋混凝土造,970922,150.75,3,2,2,有,有,26000000,172471,,0,0,陽台外推；,RPPNMLTJPHKGFGF56EA,99.83,4.51,8.6,有,
三重區,房地(土地+建物)+車位,新北市三重區成功路１０８巷５１號二十樓之二,17.71,住,,,1140524,土地1建物1車位1,二十層,二十層,住宅大樓(11層含以上有電梯),住家用,鋼筋混凝土造,1101209,142.24,2,1,1,有,有,23700000,200439,坡道平面,37.47,2700000,,RPSOMLRKPHKGFGF76DA,60.22,5.18,4.79,有,2291
三重區,房地(土地+建物)+車位,新北市三重區成功路１００號二十二樓之七,7.63,商,,,1140509,土地3建物1車位1,二十二層,二十四層,住宅大樓(11層含以上有電梯),住家用,鋼筋混凝土造,1041105,120.59,2,1,1,有,有,20000000,207001,坡道平面,34.6,2200000,,RPPOMLTKOHKGFGF56DA,42.06,6.91,7.29,有,2364
三重區,房地(土地+建物)+車位,新北市三重區成功路１１０號五樓之十六,6.62,商,,,1140501,土地3建物1車位1,五層,二十七層,住宅大樓(11層含以上有電梯),商業用,鋼筋混凝土造,860203,157.98,3,2,2,有,有,21000000,132928,坡道平面,33.06,0,陽台外推；,RPVNMLOKNHKGFGF09DA,81.54,0,12.55,有,
三重區,房地(土地+建物)+車位,新北市三重區成功路１１８號六樓之七,7.71,住,,,1140426,土地1建物1車位1,六層,十五層,住宅大樓(11層含以上有電梯),住家用,鋼筋混凝土造,1121215,79.75,1,1,1,有,有,14200000,223371,坡道平面,25.58,2100000,,RPVNMLMJPHKGFGF09EA,30.53,0,4.95,有,2825
三重區,房地(土地+建物),新北市三重區成功路５０巷１２號六樓,24.86,住,,,1140225,土地1建物1車位0,六層,十三層,住宅大樓(11層含以上有電梯),住家用,鋼筋混凝土造,970915,187.86,4,2,2,有,有,31250000,166347,,0,0,陽台外推；,RPRNMLLKOHKGFGF48DA,122.56,8.2,10.64,有,
三重區,房地(土地+建物)+車位,新北市三重區成功路１２０號二樓之七,29.26,住,,,1140222,土地1建物1車位2,二層,二十一層,住宅大樓(11層含以上有電梯),住家用,鋼筋混凝土造,1140320,264.62,4,2,2,有,有,38000000,181581,坡道平面,80.68,4600000,預售屋、或土地及建物分件登記案件；,RPXQMLSKOHKGFGF57EA,113.03,1.91,8.56,有,
三重區,房地(土地+建物)+車位,新北市三重區成功路１２０號二十樓之五,23.89,住,,,1140125,土地1建物1車位1,二十層,二十一層,住宅大樓(11層含以上有電梯),住家用,鋼筋混凝土造,1140320,200.73,3,2,2,有,有,45180000,266101,坡道平面,40.34,2500000,預售屋、或土地及建物分件登記案件；,RPPPMLPJOHKGFGF88EA,89.01,6.48,12.37,有,
三重區,房地(土地+建物)+車位,新北市三重區成功路１２０號二十樓之七,31.32,住,,,1130903,土地1建物1車位2,二十層,二十一層,住宅大樓(11層含以上有電梯),住家用,鋼筋混凝土造,1140320,279.92,4,2,2,有,有,58500000,267517,坡道平面,80.68,5200000,預售屋、或土地及建物分件登記案件；,RPWOMLPJOHKGFGF86EA,112.77,9.62,11.51,有,
三重區,房地(土地+建物)+車位,新北市三重區成功路１２０號七樓之一,31.32,住,,,1130814,土地1建物1車位2,七層,二十一層,住宅大樓(11層含以上有電梯),住家用,鋼筋混凝土造,1140320,279.92,4,2,2,有,有,47500000,213562,坡道平面,80.68,4950000,預售屋、或土地及建物分件登記案件；,RPXRMLSKOHKGFGF67EA,112.77,9.62,11.51,有,
三重區,房地(土地+建物)+車位,新北市三重區成功路１２０號十九樓之三,23.77,住,,,1130729,土地1建物1車位1,十九層,二十一層,住宅大樓(11層含以上有電梯),住家用,鋼筋混凝土造,1140320,199.49,3,2,2,有,有,42000000,250079,坡道平面,40.34,2200000,預售屋、或土地及建物分件登記案件；,RPTOMLPJOHKGFGF56EA,89.01,6.48,11.51,有,
三重區,房地(土地+建物)+車位,新北市三重區成功路１２０號十九樓之二,25.73,住,,,1130728,土地1建物1車位2,十九層,二十一層,住宅大樓(11層含以上有電梯),住家用,鋼筋混凝土造,1140320,239.32,3,2,2,有,有,47250000,262544,坡道平面,80.68,5600000,預售屋、或土地及建物分件登記案件；,RPXOMLPJOHKGFGF96EA,89.49,6.48,10.65,有,
三重區,房地(土地+建物)+車位,新北市三重區成功路１２０號二樓之六,25.95,住,,,1130714,土地1建物1車位2,二層,二十一層,住宅大樓(11層含以上有電梯),住家用,鋼筋混凝土造,1140320,241.2,3,2,2,有,有,36180000,197982,坡道平面,80.68,4400000,預售屋、或土地及建物分件登記案件；,RPVOMLSKOHKGFGF17EA,89.49,6.48,11.9,有,
三重區,房地(土地+建物)+車位,新北市三重區成功路１２０號十四樓之七,29.29,住,,,1130620,土地1建物1車位1,十四層,二十一層,住宅大樓(11層含以上有電梯),住家用,鋼筋混凝土造,1140320,239.59,4,2,2,有,有,49780000,235282,坡道平面,40.34,2900000,預售屋、或土地及建物分件登記案件；,RPQOMLPJOHKGFGF88EA,112.77,9.62,11.51,有,
三重區,房地(土地+建物)+車位,新北市三重區成功路１２０號五樓之一,31.32,住,,,1130612,土地1建物1車位2,五層,二十一層,住宅大樓(11層含以上有電梯),住家用,鋼筋混凝土造,1140320,279.92,4,2,2,有,有,43800000,196999,坡道平面,80.68,4550000,權利人於113年11月30日以原契約書內容權利與義務雙方同意讓渡。預售屋、或土地及建物分件登記案件；,RPRPMLPJOHKGFGF09EA,112.77,9.62,11.51,有,
三重區,房地(土地+建物)+車位,新北市三重區成功路１２０號四樓之一,29.29,住,,,1130610,土地1建物1車位1,四層,二十一層,住宅大樓(11層含以上有電梯),住家用,鋼筋混凝土造,1140320,239.59,4,2,2,有,有,41440000,196688,坡道平面,40.34,2250000,預售屋、或土地及建物分件登記案件；,RPTPMLPJOHKGFGF66EA,112.77,9.62,11.51,有,
三重區,房地(土地+建物)+車位,新北市三重區成功路１２０號十樓之七,31.32,住,,,1130510,土地1建物1車位2,十層,二十一層,住宅大樓(11層含以上有電梯),住家用,鋼筋混凝土造,1140320,279.92,4,2,2,有,有,47280000,210199,坡道平面,80.68,5400000,預售屋、或土地及建物分件登記案件；,RPPOMLPJOHKGFGF78EA,112.77,9.62,11.51,有,
三重區,房地(土地+建物)+車位,新北市三重區成功路１２０號十五樓之一,31.32,住,,,1130505,土地1建物1車位2,十五層,二十一層,住宅大樓(11層含以上有電梯),住家用,鋼筋混凝土造,1140320,279.92,4,2,2,有,有,45490000,201215,坡道平面,80.68,5400000,預售屋、或土地及建物分件登記案件；,RPPOMLSKOHKGFGF56EA,112.77,9.62,11.51,有,
三重區,房地(土地+建物)+車位,新北市三重區成功路１２０號十九樓之一,31.17,住,,,1130505,土地1建物1車位2,十九層,二十一層,住宅大樓(11層含以上有電梯),住家用,鋼筋混凝土造,1140320,278.81,4,2,2,有,有,50580000,222985,坡道平面,80.68,6400000,預售屋、或土地及建物分件登記案件；,RPQOMLSKOHKGFGF66EA,112.77,9.62,10.65,有,
三重區,房地(土地+建物)+車位,新北市三重區成功路１２０號四樓之五,23.89,住,,,1130506,土地1建物1車位1,四層,二十一層,住宅大樓(11層含以上有電梯),住家用,鋼筋混凝土造,1140320,200.73,3,2,2,有,有,31660000,182742,坡道平面,40.34,2350000,預售屋、或土地及建物分件登記案件；,RPSOMLSKOHKGFGF86EA,89.01,6.48,12.37,有,
三重區,房地(土地+建物)+車位,新北市三重區成功路１２０號六樓之五,23.89,住,,,1130508,土地1建物1車位1,六層,二十一層,住宅大樓(11層含以上有電梯),住家用,鋼筋混凝土造,1140320,200.73,3,2,2,有,有,33870000,195586,坡道平面,40.34,2500000,預售屋、或土地及建物分件登記案件；,RPTOMLSKOHKGFGF96EA,89.01,6.48,12.37,有,
三重區,房地(土地+建物)+車位,新北市三重區成功路１２０號十四樓之五,23.89,住,,,1130521,土地1建物1車位1,十四層,二十一層,住宅大樓(11層含以上有電梯),住家用,鋼筋混凝土造,1140320,200.73,3,2,2,有,有,35520000,205250,坡道平面,40.34,2600000,預售屋、或土地及建物分件登記案件；,RPUOMLSKOHKGFGF07EA,89.01,6.48,12.37,有,
三重區,房地(土地+建物)+車位,新北市三重區成功路１２０號四樓之七,31.32,住,,,1130513,土地1建物1車位2,四層,二十一層,住宅大樓(11層含以上有電梯),住家用,鋼筋混凝土造,1140320,279.92,4,2,2,有,有,43000000,193736,坡道平面,80.68,4400000,預售屋、或土地及建物分件登記案件；,RPXOMLSKOHKGFGF37EA,112.77,9.62,11.51,有,
三重區,房地(土地+建物)+車位,新北市三重區成功路１２０號十二樓之一,29.29,住,,,1130505,土地1建物1車位1,十二層,二十一層,住宅大樓(11層含以上有電梯),住家用,鋼筋混凝土造,1140320,239.59,4,2,2,有,有,39600000,186198,坡道平面,40.34,2500000,預售屋、或土地及建物分件登記案件；,RPPPMLSKOHKGFGF66EA,112.77,9.62,11.51,有,
三重區,房地(土地+建物)+車位,新北市三重區成功路１２０號十六樓之五,23.89,住,,,1130508,土地1建物1車位1,十六層,二十一層,住宅大樓(11層含以上有電梯),住家用,鋼筋混凝土造,1140320,200.73,3,2,2,有,有,36670000,211796,坡道平面,40.34,2700000,預售屋、或土地及建物分件登記案件；,RPUPMLSKOHKGFGF17EA,89.01,6.48,12.37,有,
三重區,房地(土地+建物)+車位,新北市三重區成功路１２０號十八樓之七,31.32,住,,,1130502,土地1建物1車位2,十八層,二十一層,住宅大樓(11層含以上有電梯),住家用,鋼筋混凝土造,1140320,279.5,4,2,2,有,有,48100000,215773,坡道平面,80.68,5200000,預售屋、或土地及建物分件登記案件；,RPWPMLSKOHKGFGF37EA,112.77,9.2,11.51,有,
三重區,房地(土地+建物)+車位,新北市三重區成功路１２０號七樓之七,31.32,住,,,1130511,土地1建物1車位2,七層,二十一層,住宅大樓(11層含以上有電梯),住家用,鋼筋混凝土造,1140320,279.92,4,2,2,有,有,45700000,204276,坡道平面,80.68,5000000,預售屋、或土地及建物分件登記案件；,RPOQMLSKOHKGFGF66EA,112.77,9.62,11.51,有,
三重區,房地(土地+建物)+車位,新北市三重區成功路１２０號十六樓之一,31.32,住,,,1130505,土地1建物1車位2,十六層,二十一層,住宅大樓(11層含以上有電梯),住家用,鋼筋混凝土造,1140320,279.92,4,2,2,有,有,46930000,207438,坡道平面,80.68,5600000,預售屋、或土地及建物分件登記案件；,RPPQMLSKOHKGFGF76EA,112.77,9.62,11.51,有,
三重區,房地(土地+建物)+車位,新北市三重區成功路１２０號七樓之三,23.89,住,,,1130525,土地1建物1車位1,七層,二十一層,住宅大樓(11層含以上有電梯),住家用,鋼筋混凝土造,1140320,200.73,3,2,2,有,有,33360000,191783,坡道平面,40.34,2600000,預售屋、或土地及建物分件登記案件；,RPSQMLSKOHKGFGF07EA,89.01,6.48,12.37,有,
三重區,房地(土地+建物)+車位,新北市三重區成功路１２０號九樓之一,29.29,住,,,1130502,土地1建物1車位1,九層,二十一層,住宅大樓(11層含以上有電梯),住家用,鋼筋混凝土造,1140320,239.59,4,2,2,有,有,39350000,184944,坡道平面,40.34,2500000,預售屋、或土地及建物分件登記案件；,RPPRMLSKOHKGFGF86EA,112.77,9.62,11.51,有,
三重區,房地(土地+建物)+車位,新北市三重區成功路１２０號十八樓之六,25.89,住,,,1130512,土地1建物1車位2,十八層,二十一層,住宅大樓(11層含以上有電梯),住家用,鋼筋混凝土造,1140320,240.56,3,2,2,有,有,41760000,227421,坡道平面,80.68,5400000,預售屋、或土地及建物分件登記案件；,RPVRMLSKOHKGFGF47EA,89.49,6.48,11.51,有,
三重區,房地(土地+建物)+車位,新北市三重區成功路１２０號十樓之六,23.86,住,,,1130507,土地1建物1車位1,十層,二十一層,住宅大樓(11層含以上有電梯),住家用,鋼筋混凝土造,1140320,200.22,3,2,2,有,有,35790000,207593,坡道平面,40.34,2600000,預售屋、或土地及建物分件登記案件；,RPWRMLSKOHKGFGF57EA,89.49,6.48,11.51,有,
三重區,房地(土地+建物)+車位,新北市三重區成功路１２０號十三樓之六,23.86,住,,,1130510,土地1建物1車位1,十三層,二十一層,住宅大樓(11層含以上有電梯),住家用,鋼筋混凝土造,1140320,200.22,3,2,2,有,有,39880000,233175,坡道平面,40.34,2600000,預售屋、或土地及建物分件登記案件；,RPOSMLSKOHKGFGF86EA,89.49,6.48,11.51,有,
三重區,房地(土地+建物)+車位,新北市三重區成功路１２０號十二樓之七,31.32,住,,,1130501,土地1建物1車位2,十二層,二十一層,住宅大樓(11層含以上有電梯),住家用,鋼筋混凝土造,1140320,279.92,4,2,2,有,有,45200000,200763,坡道平面,80.68,5200000,預售屋、或土地及建物分件登記案件；,RPOOMLPLOHKGFGF88EA,112.77,9.62,11.51,有,
三重區,房地(土地+建物)+車位,新北市三重區成功路１２０號六樓之六,23.86,住,,,1130501,土地1建物1車位1,六層,二十一層,住宅大樓(11層含以上有電梯),住家用,鋼筋混凝土造,1140320,200.22,3,2,2,有,有,34900000,202027,坡道平面,40.34,2600000,預售屋、或土地及建物分件登記案件；,RPSOMLPLOHKGFGF66EA,89.49,6.48,11.51,有,
三重區,房地(土地+建物)+車位,新北市三重區成功路１２０號十六樓之二,23.86,住,,,1130427,土地1建物1車位1,十六層,二十一層,住宅大樓(11層含以上有電梯),住家用,鋼筋混凝土造,1140320,200.22,3,2,2,有,有,35250000,204216,坡道平面,40.34,2600000,預售屋、或土地及建物分件登記案件；,RPROMLPJOHKGFGF98EA,89.49,6.48,11.51,有,
三重區,房地(土地+建物)+車位,新北市三重區成功路１２０號九樓之六,23.86,住,,,1130427,土地1建物1車位1,九層,二十一層,住宅大樓(11層含以上有電梯),住家用,鋼筋混凝土造,1140320,200.22,3,2,2,有,有,35150000,204841,坡道平面,40.34,2400000,預售屋、或土地及建物分件登記案件；,RPSOMLPJOHKGFGF09EA,89.49,6.48,11.51,有,
三重區,房地(土地+建物)+車位,新北市三重區成功路１２０號十五樓之六,23.86,住,,,1130428,土地1建物1車位1,十五層,二十一層,住宅大樓(11層含以上有電梯),住家用,鋼筋混凝土造,1140320,200.22,3,2,2,有,有,36590000,213222,坡道平面,40.34,2500000,預售屋、或土地及建物分件登記案件；,RPUOMLPJOHKGFGF66EA,89.49,6.48,11.51,有,
三重區,房地(土地+建物)+車位,新北市三重區成功路１２０號十一樓之五,23.89,住,,,1130427,土地1建物1車位1,十一層,二十一層,住宅大樓(11層含以上有電梯),住家用,鋼筋混凝土造,1140320,200.73,3,2,2,有,有,34870000,202132,坡道平面,40.34,2450000,預售屋、或土地及建物分件登記案件；,RPVOMLPJOHKGFGF76EA,89.01,6.48,12.37,有,
三重區,房地(土地+建物)+車位,新北市三重區成功路１２０號十五樓之五,23.89,住,,,1130427,土地1建物1車位1,十五層,二十一層,住宅大樓(11層含以上有電梯),住家用,鋼筋混凝土造,1140320,200.73,3,2,2,有,有,35760000,206123,坡道平面,40.34,2700000,預售屋、或土地及建物分件登記案件；,RPOPMLPJOHKGFGF78EA,89.01,6.48,12.37,有,
三重區,房地(土地+建物)+車位,新北市三重區成功路１２０號九樓之七,29.29,住,,,1130427,土地1建物1車位1,九層,二十一層,住宅大樓(11層含以上有電梯),住家用,鋼筋混凝土造,1140320,239.59,4,2,2,有,有,41630000,195885,坡道平面,40.34,2600000,預售屋、或土地及建物分件登記案件；,RPQPMLPJOHKGFGF98EA,112.77,9.62,11.51,有,
三重區,房地(土地+建物)+車位,新北市三重區成功路１２０號十七樓之五,23.89,住,,,1130430,土地1建物1車位1,十七層,二十一層,住宅大樓(11層含以上有電梯),住家用,鋼筋混凝土造,1140320,200.73,3,2,2,有,有,37170000,214914,坡道平面,40.34,2700000,預售屋、或土地及建物分件登記案件；,RPSPMLPJOHKGFGF56EA,89.01,6.48,12.37,有,
三重區,房地(土地+建物)+車位,新北市三重區成功路１２０號十三樓之一,31.32,住,,,1130428,土地1建物1車位2,十三層,二十一層,住宅大樓(11層含以上有電梯),住家用,鋼筋混凝土造,1140320,279.92,4,2,2,有,有,43370000,194338,坡道平面,80.68,4650000,預售屋、或土地及建物分件登記案件；,RPOOMLSKOHKGFGF09EA,112.77,9.62,11.51,有,
三重區,房地(土地+建物)+車位,新北市三重區成功路１２０號十一樓之三,23.89,住,,,1130427,土地1建物1車位1,十一層,二十一層,住宅大樓(11層含以上有電梯),住家用,鋼筋混凝土造,1140320,200.73,3,2,2,有,有,34160000,197394,坡道平面,40.34,2500000,預售屋、或土地及建物分件登記案件；,RPROMLSKOHKGFGF76EA,89.01,6.48,12.37,有,
三重區,房地(土地+建物)+車位,新北市三重區成功路１２０號四樓之六,23.86,住,,,1130428,土地1建物1車位1,四層,二十一層,住宅大樓(11層含以上有電梯),住家用,鋼筋混凝土造,1140320,200.22,3,2,2,有,有,32750000,189204,坡道平面,40.34,2500000,於114年5月13日簽訂換購車位協議書，換購車位之價款差額10萬元整買方同意併入主約付款明細預售屋、或土地及建物分件登記案件；,RPWOMLSKOHKGFGF27EA,89.49,6.48,11.51,有,
三重區,房地(土地+建物)+車位,新北市三重區成功路１２０號十一樓之一,31.32,住,,,1130428,土地1建物1車位2,十一層,二十一層,住宅大樓(11層含以上有電梯),住家用,鋼筋混凝土造,1140320,279.92,4,2,2,有,有,41970000,185555,坡道平面,80.68,5000000,預售屋、或土地及建物分件登記案件；,RPOPMLSKOHKGFGF56EA,112.77,9.62,11.51,有,
三重區,房地(土地+建物)+車位,新北市三重區成功路１２０號十一樓之二,23.86,住,,,1130427,土地1建物1車位1,十一層,二十一層,住宅大樓(11層含以上有電梯),住家用,鋼筋混凝土造,1140320,200.22,3,2,2,有,有,33440000,194458,坡道平面,40.34,2350000,預售屋、或土地及建物分件登記案件；,RPQPMLSKOHKGFGF76EA,89.49,6.48,11.51,有,
三重區,房地(土地+建物)+車位,新北市三重區成功路１２０號十五樓之二,23.86,住,,,1130430,土地1建物1車位1,十五層,二十一層,住宅大樓(11層含以上有電梯),住家用,鋼筋混凝土造,1140320,200.22,3,2,2,有,有,34100000,199212,坡道平面,40.34,2250000,預售屋、或土地及建物分件登記案件；,RPRPMLSKOHKGFGF86EA,89.49,6.48,11.51,有,
三重區,房地(土地+建物)+車位,新北市三重區成功路１２０號十七樓之三,23.89,住,,,1130427,土地1建物1車位1,十七層,二十一層,住宅大樓(11層含以上有電梯),住家用,鋼筋混凝土造,1140320,200.73,3,2,2,有,有,36210000,210175,坡道平面,40.34,2500000,預售屋、或土地及建物分件登記案件；,RPSPMLSKOHKGFGF96EA,89.01,6.48,12.37,有,
三重區,房地(土地+建物)+車位,新北市三重區成功路１２０號二樓之五,23.89,住,,,1130428,土地1建物1車位1,二層,二十一層,住宅大樓(11層含以上有電梯),住家用,鋼筋混凝土造,1140320,200.51,3,2,2,有,有,31440000,181307,坡道平面,40.34,2400000,預售屋、或土地及建物分件登記案件；,RPTPMLSKOHKGFGF07EA,89.01,5.87,12.76,有,
三重區,房地(土地+建物)+車位,新北市三重區成功路１２０號十二樓之六,23.86,住,,,1130427,土地1建物1車位1,十二層,二十一層,住宅大樓(11層含以上有電梯),住家用,鋼筋混凝土造,1140320,200.22,3,2,2,有,有,35990000,209470,坡道平面,40.34,2500000,預售屋、或土地及建物分件登記案件；,RPVPMLSKOHKGFGF27EA,89.49,6.48,11.51,有,
三重區,房地(土地+建物)+車位,新北市三重區成功路１２０號十三樓之二,23.86,住,,,1130427,土地1建物1車位1,十三層,二十一層,住宅大樓(11層含以上有電梯),住家用,鋼筋混凝土造,1140320,200.22,3,2,2,有,有,34050000,196710,坡道平面,40.34,2600000,權利人於114年2月18日以原契約書內容權利與義務雙方同意讓渡。預售屋、或土地及建物分件登記案件；,RPXPMLSKOHKGFGF47EA,89.49,6.48,11.51,有,
三重區,房地(土地+建物)+車位,新北市三重區成功路１２０號十七樓之一,31.32,住,,,1130430,土地1建物1車位2,十七層,二十一層,住宅大樓(11層含以上有電梯),住家用,鋼筋混凝土造,1140320,279.92,4,2,2,有,有,48080000,216222,坡道平面,80.68,5000000,預售屋、或土地及建物分件登記案件；,RPQQMLSKOHKGFGF86EA,112.77,9.62,11.51,有,
三重區,房地(土地+建物)+車位,新北市三重區成功路１２０號五樓之三,23.89,住,,,1130428,土地1建物1車位1,五層,二十一層,住宅大樓(11層含以上有電梯),住家用,鋼筋混凝土造,1140320,200.73,3,2,2,有,有,33220000,190910,坡道平面,40.34,2600000,權利人於113年10月5日以原契約書內容權利與義務雙方同意讓渡。預售屋、或土地及建物分件登記案件；,RPRQMLSKOHKGFGF96EA,89.01,6.48,12.37,有,
三重區,房地(土地+建物)+車位,新北市三重區成功路１２０號八樓之五,23.89,住,,,1130427,土地1建物1車位1,八層,二十一層,住宅大樓(11層含以上有電梯),住家用,鋼筋混凝土造,1140320,200.73,3,2,2,有,有,34260000,197394,坡道平面,40.34,2600000,預售屋、或土地及建物分件登記案件；,RPTQMLSKOHKGFGF17EA,89.01,6.48,12.37,有,
三重區,房地(土地+建物)+車位,新北市三重區成功路１２０號十八樓之五,23.89,住,,,1130430,土地1建物1車位1,十八層,二十一層,住宅大樓(11層含以上有電梯),住家用,鋼筋混凝土造,1140320,200.12,3,2,2,有,有,38900000,228439,坡道平面,40.34,2400000,預售屋、或土地及建物分件登記案件；,RPUQMLSKOHKGFGF27EA,89.01,5.87,12.37,有,
三重區,房地(土地+建物)+車位,新北市三重區成功路１２０號十一樓之六,23.86,住,,,1130427,土地1建物1車位1,十一層,二十一層,住宅大樓(11層含以上有電梯),住家用,鋼筋混凝土造,1140320,200.22,3,2,2,有,有,35940000,208531,坡道平面,40.34,2600000,預售屋、或土地及建物分件登記案件；,RPVQMLSKOHKGFGF37EA,89.49,6.48,11.51,有,
三重區,房地(土地+建物)+車位,新北市三重區成功路１２０號十六樓之六,23.86,住,,,1130427,土地1建物1車位1,十六層,二十一層,住宅大樓(11層含以上有電梯),住家用,鋼筋混凝土造,1140320,200.22,3,2,2,有,有,37390000,218226,坡道平面,40.34,2500000,預售屋、或土地及建物分件登記案件；,RPWQMLSKOHKGFGF47EA,89.49,6.48,11.51,有,
三重區,房地(土地+建物)+車位,新北市三重區成功路１２０號九樓之三,23.89,住,,,1130430,土地1建物1車位1,九層,二十一層,住宅大樓(11層含以上有電梯),住家用,鋼筋混凝土造,1140320,200.73,3,2,2,有,有,33660000,193653,坡道平面,40.34,2600000,預售屋、或土地及建物分件登記案件；,RPORMLSKOHKGFGF76EA,89.01,6.48,12.37,有,
三重區,房地(土地+建物)+車位,新北市三重區成功路１２０號十五樓之三,23.89,住,,,1130427,土地1建物1車位1,十五層,二十一層,住宅大樓(11層含以上有電梯),住家用,鋼筋混凝土造,1140320,200.73,3,2,2,有,有,34920000,202132,坡道平面,40.34,2500000,預售屋、或土地及建物分件登記案件；,RPQRMLSKOHKGFGF96EA,89.01,6.48,12.37,有,
三重區,房地(土地+建物)+車位,新北市三重區成功路１２０號十四樓之六,23.86,住,,,1130428,土地1建物1車位1,十四層,二十一層,住宅大樓(11層含以上有電梯),住家用,鋼筋混凝土造,1140320,200.22,3,2,2,有,有,36400000,212034,坡道平面,40.34,2500000,預售屋、或土地及建物分件登記案件；,RPRRMLSKOHKGFGF07EA,89.49,6.48,11.51,有,
三重區,房地(土地+建物)+車位,新北市三重區成功路１２０號八樓之一,29.29,住,,,1130429,土地1建物1車位1,八層,二十一層,住宅大樓(11層含以上有電梯),住家用,鋼筋混凝土造,1140320,239.59,4,2,2,有,有,40150000,189460,坡道平面,40.34,2400000,預售屋、或土地及建物分件登記案件；,RPSRMLSKOHKGFGF17EA,112.77,9.62,11.51,有,
三重區,房地(土地+建物)+車位,新北市三重區成功路１２０號十樓之五,23.89,住,,,1130427,土地1建物1車位1,十層,二十一層,住宅大樓(11層含以上有電梯),住家用,鋼筋混凝土造,1140320,200.73,3,2,2,有,有,34670000,201197,坡道平面,40.34,2400000,預售屋、或土地及建物分件登記案件；,RPTRMLSKOHKGFGF27EA,89.01,6.48,12.37,有,
三重區,房地(土地+建物)+車位,新北市三重區成功路１２０號十二樓之五,23.89,住,,,1130428,土地1建物1車位1,十二層,二十一層,住宅大樓(11層含以上有電梯),住家用,鋼筋混凝土造,1140320,200.73,3,2,2,有,有,35160000,203005,坡道平面,40.34,2600000,預售屋、或土地及建物分件登記案件；,RPURMLSKOHKGFGF37EA,89.01,6.48,12.37,有,
三重區,房地(土地+建物)+車位,新北市三重區成功路１２０號八樓之六,23.86,住,,,1130428,土地1建物1車位1,八層,二十一層,住宅大樓(11層含以上有電梯),住家用,鋼筋混凝土造,1140320,200.22,3,2,2,有,有,35290000,203840,坡道平面,40.34,2700000,預售屋、或土地及建物分件登記案件；,RPWNMLPLOHKGFGF96EA,89.49,6.48,11.51,有,
三重區,房地(土地+建物)+車位,新北市三重區成功路１２０號十七樓之二,23.86,住,,,1130424,土地1建物1車位1,十七層,二十一層,住宅大樓(11層含以上有電梯),住家用,鋼筋混凝土造,1140320,200.22,3,2,2,有,有,35700000,207030,坡道平面,40.34,2600000,預售屋、或土地及建物分件登記案件；,RPXNMLPLOHKGFGF07EA,89.49,6.48,11.51,有,
三重區,房地(土地+建物)+車位,新北市三重區成功路１２０號十三樓之三,23.89,住,,,1130427,土地1建物1車位1,十三層,二十一層,住宅大樓(11層含以上有電梯),住家用,鋼筋混凝土造,1140320,200.73,3,2,2,有,有,34410000,199576,坡道平面,40.34,2400000,預售屋、或土地及建物分件登記案件；,RPPOMLPLOHKGFGF98EA,89.01,6.48,12.37,有,
三重區,房地(土地+建物)+車位,新北市三重區成功路１２０號六樓之三,23.89,住,,,1130428,土地1建物1車位1,六層,二十一層,住宅大樓(11層含以上有電梯),住家用,鋼筋混凝土造,1140320,200.73,3,2,2,有,有,33000000,190785,坡道平面,40.34,2400000,預售屋、或土地及建物分件登記案件；,RPQOMLPLOHKGFGF09EA,89.01,6.48,12.37,有,
三重區,房地(土地+建物)+車位,新北市三重區成功路１２０號八樓之七,29.29,住,,,1130428,土地1建物1車位1,八層,二十一層,住宅大樓(11層含以上有電梯),住家用,鋼筋混凝土造,1140320,239.59,4,2,2,有,有,42000000,198745,坡道平面,40.34,2400000,預售屋、或土地及建物分件登記案件；,RPROMLPLOHKGFGF56EA,112.77,9.62,11.51,有,
,,,,,,,,,,,,,,,,,,,,,34848250,200739.5125,,,,,,,,,,
蘆洲區,房地(土地+建物)+車位,新北市蘆洲區光榮路８號二樓,39.6,住,,,1140606,土地1建物1車位1,二層,十二層,住宅大樓(11層含以上有電梯),住家用,鋼筋混凝土造,1020129,239.95,4,2,2,有,有,45000000,205731,坡道平面,33.37,2500000,,RPRQMLTLPHKGFGF17DA,122.17,8.25,15.58,有,
蘆洲區,房地(土地+建物),新北市蘆洲區光榮路１２０巷２２弄３０之１號二樓,15.32,住,,,1140427,土地1建物1車位0,二層,十一層,住宅大樓(11層含以上有電梯),住家用,鋼筋混凝土造,1020822,98.58,2,2,1,有,有,20000000,202881,,0,0,陽台外推；其他增建；,RPUNMLTJOHKGFGF96EA,56.55,6.96,6.46,有,2568
蘆洲區,房地(土地+建物)+車位,新北市蘆洲區光榮路６１巷３２號十五樓,29.82,住,,,1140314,土地1建物1車位1,十五層,二十六層,住宅大樓(11層含以上有電梯),住家用,鋼骨鋼筋混凝土造,1070907,220.71,3,2,2,有,有,40080000,191510,坡道平面,24.48,2500000,其他增建；,RPUNMLOKLHKGFGF78DA,116.51,9.54,8.63,有,3092
蘆洲區,房地(土地+建物)+車位,新北市蘆洲區光榮路９７巷２１號四樓,50.91,住,,,1140224,土地1建物1車位1,四層,十一層,住宅大樓(11層含以上有電梯),住家用,鋼筋混凝土造,970619,216.45,3,2,2,有,有,39500000,193060,坡道平面,24.8,2500000,,RPPOMLQJOHKGFGF78DA,126.23,4.47,11.01,有,
蘆洲區,房地(土地+建物),新北市蘆洲區光榮路１０２號五樓之七,17.3,住,,,1110704,土地1建物1車位0,五層,十三層,住宅大樓(11層含以上有電梯),住家用,鋼筋混凝土造,1140422,75.57,2,2,1,有,有,11490000,152044,,0,0,權利人於114年4月28日取得本標的預售屋、或土地及建物分件登記案件；,RPWRMLNJPHKGFGF96DA,46.17,0,3.84,有,
蘆洲區,房地(土地+建物)+車位,新北市蘆洲區光榮路１０２號四樓之八,24.87,住,,,1110704,土地1建物1車位1,四層,十三層,住宅大樓(11層含以上有電梯),住家用,鋼筋混凝土造,1140422,143.4,3,2,2,有,有,18130000,148376,坡道平面,34.69,2000000,預售屋、或土地及建物分件登記案件；,RPXRMLNJPHKGFGF07DA,68.13,0,3.78,有,
蘆洲區,房地(土地+建物)+車位,新北市蘆洲區光榮路１０２號三樓,29.34,住,,,1110420,土地1建物1車位1,三層,十三層,住宅大樓(11層含以上有電梯),住家用,鋼筋混凝土造,1140422,162.98,3,2,2,有,有,22320000,156832,坡道平面,34.69,2200000,預售屋、或土地及建物分件登記案件；,RPQSMLNJPHKGFGF09DA,80.63,0,4.18,有,
蘆洲區,房地(土地+建物),新北市蘆洲區光榮路１０２號十二樓之六,17.4,住,,,1100808,土地1建物1車位0,十二層,十三層,住宅大樓(11層含以上有電梯),住家用,鋼筋混凝土造,1140422,76.06,2,2,1,有,有,13040000,171444,,0,0,預售屋、或土地及建物分件登記案件；,RPTRMLNJPHKGFGF66DA,46.34,0,3.97,有,
蘆洲區,房地(土地+建物),新北市蘆洲區光榮路１０２號十一樓之七,17.3,住,,,1100816,土地1建物1車位0,十一層,十三層,住宅大樓(11層含以上有電梯),住家用,鋼筋混凝土造,1140422,75.57,2,2,1,有,有,12660000,167527,,0,0,預售屋、或土地及建物分件登記案件；,RPURMLNJPHKGFGF76DA,46.17,0,3.84,有,
蘆洲區,房地(土地+建物)+車位,新北市蘆洲區光榮路１０２號三樓之五,28.15,住,,,1100828,土地1建物1車位1,三層,十三層,住宅大樓(11層含以上有電梯),住家用,鋼筋混凝土造,1140422,157.8,3,2,2,有,有,20870000,150028,坡道平面,34.69,2400000,預售屋、或土地及建物分件登記案件；,RPTSMLNJPHKGFGF76DA,70.8,0,10.61,有,
蘆洲區,房地(土地+建物)+車位,新北市蘆洲區光榮路１０２號九樓之二,19.92,住,,,1100803,土地1建物1車位1,九層,十三層,住宅大樓(11層含以上有電梯),住家用,鋼筋混凝土造,1140422,121.75,3,2,2,有,有,17000000,167700,坡道平面,34.69,2400000,權利人於111年6月13日取得本標的預售屋、或土地及建物分件登記案件；,RPPPMLSJPHKGFGF56DA,53.56,0,4.05,有,
蘆洲區,房地(土地+建物)+車位,新北市蘆洲區光榮路１０２號十三樓之二,19.92,住,,,1100803,土地1建物1車位1,十三層,十三層,住宅大樓(11層含以上有電梯),住家用,鋼筋混凝土造,1140422,121.75,3,2,2,有,有,17260000,169538,坡道平面,34.69,2500000,預售屋、或土地及建物分件登記案件；,RPUPMLSJPHKGFGF07DA,53.56,0,4.05,有,
蘆洲區,房地(土地+建物)+車位,新北市蘆洲區光榮路１０２號三樓之三,19.92,住,,,1100804,土地1建物1車位1,三層,十三層,住宅大樓(11層含以上有電梯),住家用,鋼筋混凝土造,1140422,121.75,3,2,2,有,有,16130000,162876,坡道平面,34.69,1950000,預售屋、或土地及建物分件登記案件；,RPVPMLSJPHKGFGF17DA,53.56,0,4.05,有,
蘆洲區,房地(土地+建物)+車位,新北市蘆洲區光榮路１０２號九樓之三,19.92,住,,,1100821,土地1建物1車位1,九層,十三層,住宅大樓(11層含以上有電梯),住家用,鋼筋混凝土造,1140422,121.75,3,2,2,有,有,17000000,167700,坡道平面,34.69,2400000,預售屋、或土地及建物分件登記案件；,RPPQMLSJPHKGFGF66DA,53.56,0,4.05,有,
蘆洲區,房地(土地+建物)+車位,新北市蘆洲區光榮路１０２號十二樓之七,17.3,住,,,1100803,土地1建物1車位1,十二層,十三層,住宅大樓(11層含以上有電梯),住家用,鋼筋混凝土造,1140422,110.26,2,2,1,有,有,15010000,168188,坡道平面,34.69,2300000,預售屋、或土地及建物分件登記案件；,RPQQMLTJPHKGFGF86DA,46.17,0,3.84,有,
蘆洲區,房地(土地+建物),新北市蘆洲區光榮路１０２號十三樓之一,19.8,住,,,1100821,土地1建物1車位0,十三層,十三層,住宅大樓(11層含以上有電梯),住家用,鋼筋混凝土造,1140422,86.54,3,2,2,有,有,14720000,170095,,0,0,預售屋、或土地及建物分件登記案件；,RPQOMLSJPHKGFGF56DA,53.3,0,3.98,有,
蘆洲區,房地(土地+建物)+車位,新北市蘆洲區光榮路１０２號十三樓之三,19.92,住,,,1100806,土地1建物1車位1,十三層,十三層,住宅大樓(11層含以上有電梯),住家用,鋼筋混凝土造,1140422,121.75,3,2,2,有,有,17060000,170113,坡道平面,34.69,2250000,預售屋、或土地及建物分件登記案件；,RPQQMLSJPHKGFGF76DA,53.56,0,4.05,有,
蘆洲區,房地(土地+建物)+車位,新北市蘆洲區光榮路１０２號四樓之五,25.83,住,,,1100831,土地1建物1車位1,四層,十三層,住宅大樓(11層含以上有電梯),住家用,鋼筋混凝土造,1140422,147.58,3,2,2,有,有,20290000,161130,坡道平面,34.69,2100000,預售屋、或土地及建物分件登記案件；,RPRQMLSJPHKGFGF86DA,70.8,0,3.89,有,
蘆洲區,房地(土地+建物)+車位,新北市蘆洲區光榮路１０２號十樓之七,17.3,住,,,1100827,土地1建物1車位1,十層,十三層,住宅大樓(11層含以上有電梯),住家用,鋼筋混凝土造,1140422,110.26,2,2,1,有,有,14920000,166997,坡道平面,34.69,2300000,預售屋、或土地及建物分件登記案件；,RPPQMLTJPHKGFGF76DA,46.17,0,3.84,有,
蘆洲區,房地(土地+建物)+車位,新北市蘆洲區光榮路１０２號十二樓之三,19.92,住,,,1100808,土地1建物1車位1,十二層,十三層,住宅大樓(11層含以上有電梯),住家用,鋼筋混凝土造,1140422,121.75,3,2,2,有,有,17060000,170113,坡道平面,34.69,2250000,權利人於114年4月2日取得本標的預售屋、或土地及建物分件登記案件；,RPROMLQKPHKGFGF56DA,53.56,0,4.05,有,
蘆洲區,房地(土地+建物)+車位,新北市蘆洲區光榮路１０２號十樓之二,19.92,住,,,1100826,土地1建物1車位1,十層,十三層,住宅大樓(11層含以上有電梯),住家用,鋼筋混凝土造,1140422,121.75,3,2,2,有,有,16750000,168275,坡道平面,34.69,2100000,預售屋、或土地及建物分件登記案件；,RPRPMLSJPHKGFGF76DA,53.56,0,4.05,有,
蘆洲區,房地(土地+建物)+車位,新北市蘆洲區光榮路１０２號七樓之二,19.92,住,,,1100710,土地1建物1車位1,七層,十三層,住宅大樓(11層含以上有電梯),住家用,鋼筋混凝土造,1140422,121.75,3,2,2,有,有,16180000,161728,坡道平面,34.69,2100000,權利人於114年5月13日取得本標的預售屋、或土地及建物分件登記案件；,RPSQMLNJPHKGFGF09DA,53.56,0,4.05,有,
蘆洲區,房地(土地+建物)+車位,新北市蘆洲區光榮路１０２號八樓之五,25.83,住,,,1100702,土地1建物1車位1,八層,十三層,住宅大樓(11層含以上有電梯),住家用,鋼筋混凝土造,1140422,147.58,3,2,2,有,有,21160000,167508,坡道平面,34.69,2250000,預售屋、或土地及建物分件登記案件；,RPWQMLNJPHKGFGF86DA,70.8,0,3.89,有,
蘆洲區,房地(土地+建物),新北市蘆洲區光榮路１０２號十樓之三,19.92,住,,,1100713,土地1建物1車位0,十層,十三層,住宅大樓(11層含以上有電梯),住家用,鋼筋混凝土造,1140422,87.06,3,2,2,有,有,14650000,168275,,0,0,權利人於111年3月25日取得本標的預售屋、或土地及建物分件登記案件；,RPQRMLNJPHKGFGF98DA,53.56,0,4.05,有,
蘆洲區,房地(土地+建物),新北市蘆洲區光榮路１０２號三樓之一,19.8,住,,,1100707,土地1建物1車位0,三層,十三層,住宅大樓(11層含以上有電梯),住家用,鋼筋混凝土造,1140422,86.54,3,2,2,有,有,14050000,162353,,0,0,預售屋、或土地及建物分件登記案件；,RPRRMLNJPHKGFGF09DA,53.3,0,3.98,有,
蘆洲區,房地(土地+建物)+車位,新北市蘆洲區光榮路１０２號五樓之五,25.83,住,,,1100731,土地1建物1車位1,五層,十三層,住宅大樓(11層含以上有電梯),住家用,鋼筋混凝土造,1140422,147.58,3,2,2,有,有,20660000,164408,坡道平面,34.69,2100000,權利人於113年6月17日取得本標的預售屋、或土地及建物分件登記案件；,RPSRMLNJPHKGFGF56DA,70.8,0,3.89,有,
蘆洲區,房地(土地+建物)+車位,新北市蘆洲區光榮路１０２號八樓之一,19.8,住,,,1100718,土地1建物1車位1,八層,十三層,住宅大樓(11層含以上有電梯),住家用,鋼筋混凝土造,1140422,121.23,3,2,2,有,有,16390000,166281,坡道平面,34.69,2000000,權利人於111年10月26日取得本標的預售屋、或土地及建物分件登記案件；,RPVRMLNJPHKGFGF86DA,53.3,0,3.98,有,
蘆洲區,房地(土地+建物),新北市蘆洲區光榮路１０２號二樓之三,19.9,住,,,1100718,土地1建物1車位0,二層,十三層,住宅大樓(11層含以上有電梯),住家用,鋼筋混凝土造,1140422,87.05,3,2,2,有,有,14080000,161746,,0,0,預售屋、或土地及建物分件登記案件；,RPRSMLNJPHKGFGF56DA,53.31,0,4.29,有,
蘆洲區,房地(土地+建物),新北市蘆洲區光榮路１０２號四樓之一,19.8,住,,,1100709,土地1建物1車位0,四層,十三層,住宅大樓(11層含以上有電梯),住家用,鋼筋混凝土造,1140422,86.54,3,2,2,有,有,14310000,165357,,0,0,權利人於114年1月8日取得本標的預售屋、或土地及建物分件登記案件；,RPQNMLSJPHKGFGF09DA,53.3,0,3.98,有,
蘆洲區,房地(土地+建物),新北市蘆洲區光榮路１０２號十一樓之一,19.8,住,,,1100730,土地1建物1車位0,十一層,十三層,住宅大樓(11層含以上有電梯),住家用,鋼筋混凝土造,1140422,86.54,3,2,2,有,有,14670000,169517,,0,0,預售屋、或土地及建物分件登記案件；,RPXNMLSJPHKGFGF17DA,53.3,0,3.98,有,
蘆洲區,房地(土地+建物),新北市蘆洲區光榮路１０２號八樓之二,19.92,住,,,1100701,土地1建物1車位0,八層,十三層,住宅大樓(11層含以上有電梯),住家用,鋼筋混凝土造,1140422,87.06,3,2,2,有,有,14520000,166782,,0,0,預售屋、或土地及建物分件登記案件；,RPOPMLSJPHKGFGF09DA,53.56,0,4.05,有,
蘆洲區,房地(土地+建物),新北市蘆洲區光榮路１０２號七樓之六,17.4,住,,,1100714,土地1建物1車位0,七層,十三層,住宅大樓(11層含以上有電梯),住家用,鋼筋混凝土造,1140422,76.06,2,2,1,有,有,12180000,160137,,0,0,預售屋、或土地及建物分件登記案件；,RPQOMLTJPHKGFGF66DA,46.34,0,3.97,有,
蘆洲區,房地(土地+建物),新北市蘆洲區光榮路１０２號八樓之六,17.4,住,,,1100711,土地1建物1車位0,八層,十三層,住宅大樓(11層含以上有電梯),住家用,鋼筋混凝土造,1140422,76.06,2,2,1,有,有,12480000,164081,,0,0,預售屋、或土地及建物分件登記案件；,RPROMLTJPHKGFGF76DA,46.34,0,3.97,有,
蘆洲區,房地(土地+建物),新北市蘆洲區光榮路１０２號十一樓之六,17.4,住,,,1100718,土地1建物1車位0,十一層,十三層,住宅大樓(11層含以上有電梯),住家用,鋼筋混凝土造,1140422,76.06,2,2,1,有,有,12890000,169471,,0,0,預售屋、或土地及建物分件登記案件；,RPWOMLTJPHKGFGF27DA,46.34,0,3.97,有,
蘆洲區,房地(土地+建物)+車位,新北市蘆洲區光榮路１０２號十一樓之八,24.87,住,,,1100712,土地1建物1車位1,十一層,十三層,住宅大樓(11層含以上有電梯),住家用,鋼筋混凝土造,1140422,143.4,3,2,2,有,有,19940000,165026,坡道平面,34.69,2000000,權利人於114年4月24日取得本標的預售屋、或土地及建物分件登記案件；,RPTNMLQKPHKGFGF66DA,68.13,0,3.78,有,
蘆洲區,房地(土地+建物),新北市蘆洲區光榮路１０２號十三樓之七,17.3,住,,,1100731,土地1建物1車位0,十三層,十三層,住宅大樓(11層含以上有電梯),住家用,鋼筋混凝土造,1140422,75.57,2,2,1,有,有,12710000,168188,,0,0,權利人於112年5月18日取得本標的預售屋、或土地及建物分件登記案件；,RPUNMLQKPHKGFGF76DA,46.17,0,3.84,有,
蘆洲區,房地(土地+建物)+車位,新北市蘆洲區光榮路１０２號七樓之一,19.8,住,,,1100701,土地1建物1車位1,七層,十三層,住宅大樓(11層含以上有電梯),住家用,鋼筋混凝土造,1140422,121.23,3,2,2,有,有,15950000,161775,坡道平面,34.69,1950000,預售屋、或土地及建物分件登記案件；,RPUNMLSJPHKGFGF86DA,53.3,0,3.98,有,
蘆洲區,房地(土地+建物)+車位,新北市蘆洲區光榮路１０２號十二樓之一,19.8,住,,,1100708,土地1建物1車位1,十二層,十三層,住宅大樓(11層含以上有電梯),住家用,鋼筋混凝土造,1140422,121.23,3,2,2,有,有,17090000,172059,坡道平面,34.69,2200000,預售屋、或土地及建物分件登記案件；,RPPOMLSJPHKGFGF09DA,53.3,0,3.98,有,
蘆洲區,房地(土地+建物),新北市蘆洲區光榮路１０２號二樓之二,19.9,住,,,1100716,土地1建物1車位0,二層,十三層,住宅大樓(11層含以上有電梯),住家用,鋼筋混凝土造,1140422,87.05,3,2,2,有,有,14080000,161746,,0,0,預售屋、或土地及建物分件登記案件；,RPROMLSJPHKGFGF66DA,53.31,0,4.29,有,
蘆洲區,房地(土地+建物),新北市蘆洲區光榮路１０２號四樓之二,19.92,住,,,1100707,土地1建物1車位0,四層,十三層,住宅大樓(11層含以上有電梯),住家用,鋼筋混凝土造,1140422,87.06,3,2,2,有,有,14080000,161728,,0,0,預售屋、或土地及建物分件登記案件；,RPTOMLSJPHKGFGF86DA,53.56,0,4.05,有,
蘆洲區,房地(土地+建物)+車位,新北市蘆洲區光榮路１０２號十三樓之六,17.4,住,,,1100710,土地1建物1車位1,十三層,十三層,住宅大樓(11層含以上有電梯),住家用,鋼筋混凝土造,1140422,110.75,2,2,1,有,有,15240000,170129,坡道平面,34.69,2300000,權利人於114年2月27日取得本標的預售屋、或土地及建物分件登記案件；,RPOPMLTJPHKGFGF56DA,46.34,0,3.97,有,
蘆洲區,房地(土地+建物),新北市蘆洲區光榮路１０２號三樓之八,24.87,住,,,1100718,土地1建物1車位0,三層,十三層,住宅大樓(11層含以上有電梯),住家用,鋼筋混凝土造,1140422,108.71,3,2,2,有,有,17250000,158679,,0,0,預售屋、或土地及建物分件登記案件；,RPTQMLTJPHKGFGF17DA,68.13,0,3.78,有,
蘆洲區,房地(土地+建物),新北市蘆洲區光榮路１０２號十三樓之八,24.87,住,,,1100711,土地1建物1車位0,十三層,十三層,住宅大樓(11層含以上有電梯),住家用,鋼筋混凝土造,1140422,108.71,3,2,2,有,有,18000000,165578,,0,0,權利人於110年9月30日取得本標的預售屋、或土地及建物分件登記案件；,RPPSMLTJPHKGFGF96DA,68.13,0,3.78,有,
蘆洲區,房地(土地+建物)+車位,新北市蘆洲區光榮路１０２號九樓之一,19.8,住,,,1100708,土地1建物1車位1,九層,十三層,住宅大樓(11層含以上有電梯),住家用,鋼筋混凝土造,1140422,121.23,3,2,2,有,有,16620000,167206,坡道平面,34.69,2150000,權利人於114年5月24日取得本標的預售屋、或土地及建物分件登記案件；,RPPNMLKKPHKGFGF28DA,53.3,0,3.98,有,
蘆洲區,房地(土地+建物)+車位,新北市蘆洲區光榮路１０２號十一樓之二,19.92,住,,,1100718,土地1建物1車位1,十一層,十三層,住宅大樓(11層含以上有電梯),住家用,鋼筋混凝土造,1140422,121.75,3,2,2,有,有,17010000,168964,坡道平面,34.69,2300000,權利人於114年6月6日取得本標的預售屋、或土地及建物分件登記案件；,RPQOMLQKPHKGFGF09DA,53.56,0,4.05,有,
蘆洲區,房地(土地+建物)+車位,新北市蘆洲區光榮路１０２號三樓之六,17.58,住,,,1100707,土地1建物1車位1,三層,十三層,住宅大樓(11層含以上有電梯),住家用,鋼筋混凝土造,1140422,111.67,2,2,1,有,有,14020000,150948,坡道平面,34.69,2400000,預售屋、或土地及建物分件登記案件；,RPQTMLSJPHKGFGF07DA,46.13,0,4.71,有,
蘆洲區,房地(土地+建物),新北市蘆洲區光榮路１０２號九樓之七,17.3,住,,,1100715,土地1建物1車位0,九層,十三層,住宅大樓(11層含以上有電梯),住家用,鋼筋混凝土造,1140422,75.57,2,2,1,有,有,12470000,165013,,0,0,權利人於112年7月3日取得本標的預售屋、或土地及建物分件登記案件；,RPOQMLTJPHKGFGF66DA,46.17,0,3.84,有,
蘆洲區,房地(土地+建物)+車位,新北市蘆洲區光榮路１０２號九樓之八,24.87,住,,,1100709,土地1建物1車位1,九層,十三層,住宅大樓(11層含以上有電梯),住家用,鋼筋混凝土造,1140422,143.4,3,2,2,有,有,19700000,163738,坡道平面,34.69,1900000,權利人於114年3月31日取得本標的預售屋、或土地及建物分件登記案件；,RPTRMLTJPHKGFGF27DA,68.13,0,3.78,有,
蘆洲區,房地(土地+建物)+車位,新北市蘆洲區光榮路１０２號十樓,29.34,住,,,1100623,土地1建物1車位1,十層,十三層,住宅大樓(11層含以上有電梯),住家用,鋼筋混凝土造,1140422,162.98,3,2,2,有,有,22920000,162289,坡道平面,34.69,2100000,預售屋、或土地及建物分件登記案件；,RPRQMLNJPHKGFGF98DA,80.63,0,4.18,有,
蘆洲區,房地(土地+建物)+車位,新北市蘆洲區光榮路１０２號十一樓之五,25.83,住,,,1100608,土地1建物1車位1,十一層,十三層,住宅大樓(11層含以上有電梯),住家用,鋼筋混凝土造,1140422,147.58,3,2,2,有,有,20810000,164851,坡道平面,34.69,2200000,預售屋、或土地及建物分件登記案件；,RPXQMLNJPHKGFGF96DA,70.8,0,3.89,有,
蘆洲區,房地(土地+建物)+車位,新北市蘆洲區光榮路１０２號十三樓,29.34,住,,,1100628,土地1建物1車位1,十三層,十三層,住宅大樓(11層含以上有電梯),住家用,鋼筋混凝土造,1140422,162.98,3,2,2,有,有,22980000,163536,坡道平面,34.69,2000000,預售屋、或土地及建物分件登記案件；,RPPSMLNJPHKGFGF98DA,80.63,0,4.18,有,
蘆洲區,房地(土地+建物),新北市蘆洲區光榮路１０２號七樓之三,19.92,住,,,1100626,土地1建物1車位0,七層,十三層,住宅大樓(11層含以上有電梯),住家用,鋼筋混凝土造,1140422,87.06,3,2,2,有,有,14390000,165288,,0,0,預售屋、或土地及建物分件登記案件；,RPSSMLNJPHKGFGF66DA,53.56,0,4.05,有,
蘆洲區,房地(土地+建物)+車位,新北市蘆洲區光榮路１０２號十二樓之五,25.83,住,,,1100602,土地1建物1車位1,十二層,十三層,住宅大樓(11層含以上有電梯),住家用,鋼筋混凝土造,1140422,147.58,3,2,2,有,有,20880000,165471,坡道平面,34.69,2200000,預售屋、或土地及建物分件登記案件；,RPUSMLNJPHKGFGF86DA,70.8,0,3.89,有,
蘆洲區,房地(土地+建物),新北市蘆洲區光榮路１０２號五樓之一,19.8,住,,,1100630,土地1建物1車位0,五層,十三層,住宅大樓(11層含以上有電梯),住家用,鋼筋混凝土造,1140422,86.54,3,2,2,有,有,14150000,163508,,0,0,權利人於112年12月12日取得本標的預售屋、或土地及建物分件登記案件；,RPRNMLSJPHKGFGF56DA,53.3,0,3.98,有,
蘆洲區,房地(土地+建物),新北市蘆洲區光榮路１０２號六樓之一,19.8,住,,,1100627,土地1建物1車位0,六層,十三層,住宅大樓(11層含以上有電梯),住家用,鋼筋混凝土造,1140422,86.54,3,2,2,有,有,14230000,164433,,0,0,權利人於114年2月14日取得本標的預售屋、或土地及建物分件登記案件；,RPTNMLSJPHKGFGF76DA,53.3,0,3.98,有,
蘆洲區,房地(土地+建物),新北市蘆洲區光榮路１０２號十樓之一,19.8,住,,,1100628,土地1建物1車位0,十層,十三層,住宅大樓(11層含以上有電梯),住家用,鋼筋混凝土造,1140422,86.54,3,2,2,有,有,14260000,164779,,0,0,權利人於110年12月13日取得本標的預售屋、或土地及建物分件登記案件；,RPWNMLSJPHKGFGF07DA,53.3,0,3.98,有,
蘆洲區,房地(土地+建物)+車位,新北市蘆洲區光榮路１０２號五樓之二,19.92,住,,,1100626,土地1建物1車位1,五層,十三層,住宅大樓(11層含以上有電梯),住家用,鋼筋混凝土造,1140422,121.75,3,2,2,有,有,15850000,159660,坡道平面,34.69,1950000,預售屋、或土地及建物分件登記案件；,RPVOMLSJPHKGFGF07DA,53.56,0,4.05,有,
蘆洲區,房地(土地+建物)+車位,新北市蘆洲區光榮路１０２號十樓之五,25.83,住,,,1100608,土地1建物1車位1,十層,十三層,住宅大樓(11層含以上有電梯),住家用,鋼筋混凝土造,1140422,147.58,3,2,2,有,有,21140000,167774,坡道平面,34.69,2200000,預售屋、或土地及建物分件登記案件；,RPVQMLSJPHKGFGF27DA,70.8,0,3.89,有,
蘆洲區,房地(土地+建物),新北市蘆洲區光榮路１０２號四樓之六,17.4,住,,,1100609,土地1建物1車位0,四層,十三層,住宅大樓(11層含以上有電梯),住家用,鋼筋混凝土造,1140422,76.06,2,2,1,有,有,11580000,152248,,0,0,預售屋、或土地及建物分件登記案件；,RPRTMLSJPHKGFGF17DA,46.34,0,3.97,有,
蘆洲區,房地(土地+建物),新北市蘆洲區光榮路１０２號九樓之六,17.4,住,,,1100623,土地1建物1車位0,九層,十三層,住宅大樓(11層含以上有電梯),住家用,鋼筋混凝土造,1140422,76.06,2,2,1,有,有,12580000,165396,,0,0,預售屋、或土地及建物分件登記案件；,RPUOMLTJPHKGFGF07DA,46.34,0,3.97,有,
蘆洲區,房地(土地+建物),新北市蘆洲區光榮路１０２號四樓之七,17.3,住,,,1100628,土地1建物1車位0,四層,十三層,住宅大樓(11層含以上有電梯),住家用,鋼筋混凝土造,1140422,75.57,2,2,1,有,有,11300000,149530,,0,0,權利人於110年8月13日取得本標的預售屋、或土地及建物分件登記案件；,RPUPMLTJPHKGFGF17DA,46.17,0,3.84,有,
蘆洲區,房地(土地+建物),新北市蘆洲區光榮路１０２號七樓之八,24.87,住,,,1100608,土地1建物1車位0,七層,十三層,住宅大樓(11層含以上有電梯),住家用,鋼筋混凝土造,1140422,108.71,3,2,2,有,有,16540000,152148,,0,0,權利人於114年6月16日取得本標的預售屋、或土地及建物分件登記案件；,RPQRMLTJPHKGFGF96DA,68.13,0,3.78,有,
蘆洲區,房地(土地+建物),新北市蘆洲區光榮路１０２號十樓之八,24.87,住,,,1100608,土地1建物1車位0,十層,十三層,住宅大樓(11層含以上有電梯),住家用,鋼筋混凝土造,1140422,108.71,3,2,2,有,有,17490000,160887,,0,0,權利人於114年6月16日取得本標的預售屋、或土地及建物分件登記案件；,RPURMLTJPHKGFGF37DA,68.13,0,3.78,有,
蘆洲區,房地(土地+建物)+車位,新北市蘆洲區光榮路１０２號五樓,29.34,住,,,1100606,土地1建物1車位1,五層,十三層,住宅大樓(11層含以上有電梯),住家用,鋼筋混凝土造,1140422,162.98,3,2,2,有,有,23060000,161041,坡道平面,34.69,2400000,預售屋、或土地及建物分件登記案件；,RPRNMLRJPHKGFGF09DA,80.63,0,4.18,有,
蘆洲區,房地(土地+建物)+車位,新北市蘆洲區光榮路１０２號六樓,29.34,住,,,1100606,土地1建物1車位1,六層,十三層,住宅大樓(11層含以上有電梯),住家用,鋼筋混凝土造,1140422,162.98,3,2,2,有,有,22680000,158859,坡道平面,34.69,2300000,預售屋、或土地及建物分件登記案件；,RPSNMLRJPHKGFGF56DA,80.63,0,4.18,有,
蘆洲區,房地(土地+建物)+車位,新北市蘆洲區光榮路１０２號七樓,29.34,住,,,1100610,土地1建物1車位1,七層,十三層,住宅大樓(11層含以上有電梯),住家用,鋼筋混凝土造,1140422,162.98,3,2,2,有,有,22660000,159482,坡道平面,34.69,2200000,預售屋、或土地及建物分件登記案件；,RPWNMLRJPHKGFGF96DA,80.63,0,4.18,有,
蘆洲區,房地(土地+建物)+車位,新北市蘆洲區光榮路１０２號十二樓,29.34,住,,,1100603,土地1建物1車位1,十二層,十三層,住宅大樓(11層含以上有電梯),住家用,鋼筋混凝土造,1140422,162.98,3,2,2,有,有,23120000,163068,坡道平面,34.69,2200000,權利人於113年3月26日取得本標的預售屋、或土地及建物分件登記案件；,RPOOMLRJPHKGFGF88DA,80.63,0,4.18,有,
蘆洲區,房地(土地+建物),新北市蘆洲區光榮路１０２號六樓之二,19.92,住,,,1100619,土地1建物1車位0,六層,十三層,住宅大樓(11層含以上有電梯),住家用,鋼筋混凝土造,1140422,87.06,3,2,2,有,有,14590000,167586,,0,0,預售屋、或土地及建物分件登記案件；,RPWOMLSJPHKGFGF17DA,53.56,0,4.05,有,
蘆洲區,房地(土地+建物)+車位,新北市蘆洲區光榮路１０２號六樓之七,17.3,住,,,1100619,土地1建物1車位1,六層,十三層,住宅大樓(11層含以上有電梯),住家用,鋼筋混凝土造,1140422,110.26,2,2,1,有,有,13510000,152971,坡道平面,34.69,1950000,112年7月20日依原價款讓渡。預售屋、或土地及建物分件登記案件；,RPVPMLTJPHKGFGF27DA,46.17,0,3.84,有,
蘆洲區,房地(土地+建物)+車位,新北市蘆洲區光榮路１０２號七樓之七,17.3,住,,,1100618,土地1建物1車位1,七層,十三層,住宅大樓(11層含以上有電梯),住家用,鋼筋混凝土造,1140422,110.26,2,2,1,有,有,13710000,154294,坡道平面,34.69,2050000,預售屋、或土地及建物分件登記案件；,RPWPMLTJPHKGFGF37DA,46.17,0,3.84,有,
蘆洲區,房地(土地+建物)+車位,新北市蘆洲區光榮路１０２號二樓,29.34,住,,,1100612,土地1建物1車位1,二層,十三層,住宅大樓(11層含以上有電梯),住家用,鋼筋混凝土造,1140422,162.98,3,2,2,有,有,22280000,155741,坡道平面,34.69,2300000,權利人於114年5月7日取得本標的預售屋、或土地及建物分件登記案件；,RPPOMLQKPHKGFGF98DA,80.43,0,4.38,有,
蘆洲區,房地(土地+建物)+車位,新北市蘆洲區光榮路１０２號四樓,29.34,住,,,1100626,土地1建物1車位1,四層,十三層,住宅大樓(11層含以上有電梯),住家用,鋼筋混凝土造,1140422,162.98,3,2,2,有,有,23130000,163536,坡道平面,34.69,2150000,預售屋、或土地及建物分件登記案件；,RPQNMLRJPHKGFGF98DA,80.63,0,4.18,有,
蘆洲區,房地(土地+建物)+車位,新北市蘆洲區光榮路１０２號九樓之五,25.83,住,,,1100615,土地1建物1車位1,九層,十三層,住宅大樓(11層含以上有電梯),住家用,鋼筋混凝土造,1140422,147.58,3,2,2,有,有,20560000,164408,坡道平面,34.69,2000000,預售屋、或土地及建物分件登記案件；,RPUQMLSJPHKGFGF17DA,70.8,0,3.89,有,
蘆洲區,房地(土地+建物)+車位,新北市蘆洲區光榮路１０２號六樓之六,17.4,住,,,1100601,土地1建物1車位1,六層,十三層,住宅大樓(11層含以上有電梯),住家用,鋼筋混凝土造,1140422,110.75,2,2,1,有,有,14030000,155535,坡道平面,34.69,2200000,預售屋、或土地及建物分件登記案件；,RPOOMLTJPHKGFGF09DA,46.34,0,3.97,有,
蘆洲區,房地(土地+建物),新北市蘆洲區光榮路１０２號五樓之八,24.87,住,,,1100608,土地1建物1車位0,五層,十三層,住宅大樓(11層含以上有電梯),住家用,鋼筋混凝土造,1140422,108.71,3,2,2,有,有,16340000,150308,,0,0,預售屋、或土地及建物分件登記案件；,RPWQMLTJPHKGFGF47DA,68.13,0,3.78,有,
蘆洲區,房地(土地+建物)+車位,新北市蘆洲區光榮路１０２號六樓之八,24.87,住,,,1100601,土地1建物1車位1,六層,十三層,住宅大樓(11層含以上有電梯),住家用,鋼筋混凝土造,1140422,143.4,3,2,2,有,有,18640000,151228,坡道平面,34.69,2200000,預售屋、或土地及建物分件登記案件；,RPORMLTJPHKGFGF76DA,68.13,0,3.78,有,
蘆洲區,房地(土地+建物),新北市蘆洲區光榮路１０２號二樓之一,19.8,住,,,1100629,土地1建物1車位0,二層,十三層,住宅大樓(11層含以上有電梯),住家用,鋼筋混凝土造,1140422,86.54,3,2,2,有,有,13940000,161082,,0,0,預售屋、或土地及建物分件登記案件；,RPPNMLSJPHKGFGF98DA,53.07,0,4.21,有,
蘆洲區,房地(土地+建物)+車位,新北市蘆洲區光榮路１０２號十三樓之五,25.83,住,,,1100602,土地1建物1車位1,十三層,十三層,住宅大樓(11層含以上有電梯),住家用,鋼筋混凝土造,1140422,147.58,3,2,2,有,有,20880000,165471,坡道平面,34.69,2200000,預售屋、或土地及建物分件登記案件；,RPQRMLSJPHKGFGF86DA,70.8,0,3.89,有,
蘆洲區,房地(土地+建物)+車位,新北市蘆洲區光榮路１０２號八樓,29.34,住,,,1100530,土地1建物1車位1,八層,十三層,住宅大樓(11層含以上有電梯),住家用,鋼筋混凝土造,1140422,162.98,3,2,2,有,有,22610000,161041,坡道平面,34.69,1950000,預售屋、或土地及建物分件登記案件；,RPQQMLNJPHKGFGF88DA,80.63,0,4.18,有,
蘆洲區,房地(土地+建物),新北市蘆洲區光榮路１０２號十一樓之三,19.92,住,,,1100522,土地1建物1車位0,十一層,十三層,住宅大樓(11層含以上有電梯),住家用,鋼筋混凝土造,1140422,87.06,3,2,2,有,有,14760000,169538,,0,0,權利人於114年3月27日取得本標的預售屋、或土地及建物分件登記案件；,RPTQMLNJPHKGFGF56DA,53.56,0,4.05,有,
蘆洲區,房地(土地+建物),新北市蘆洲區光榮路１０２號七樓之五,25.83,住,,,1100523,土地1建物1車位0,七層,十三層,住宅大樓(11層含以上有電梯),住家用,鋼筋混凝土造,1140422,112.89,3,2,2,有,有,18300000,162105,,0,0,權利人於114年3月25日取得本標的預售屋、或土地及建物分件登記案件；,RPUQMLNJPHKGFGF66DA,70.8,0,3.89,有,
蘆洲區,房地(土地+建物)+車位,新北市蘆洲區光榮路１０２號九樓,29.34,住,,,1100522,土地1建物1車位1,九層,十三層,住宅大樓(11層含以上有電梯),住家用,鋼筋混凝土造,1140422,162.98,3,2,2,有,有,23160000,161821,坡道平面,34.69,2400000,預售屋、或土地及建物分件登記案件；,RPORMLNJPHKGFGF78DA,80.63,0,4.18,有,
蘆洲區,房地(土地+建物),新北市蘆洲區光榮路１０２號八樓之三,19.92,住,,,1100523,土地1建物1車位0,八層,十三層,住宅大樓(11層含以上有電梯),住家用,鋼筋混凝土造,1140422,87.06,3,2,2,有,有,14560000,167241,,0,0,預售屋、或土地及建物分件登記案件；,RPPRMLNJPHKGFGF88DA,53.56,0,4.05,有,
蘆洲區,房地(土地+建物)+車位,新北市蘆洲區光榮路１０２號八樓之八,24.87,住,,,1100523,土地1建物1車位1,八層,十三層,住宅大樓(11層含以上有電梯),住家用,鋼筋混凝土造,1140422,143.4,3,2,2,有,有,19200000,156379,坡道平面,34.69,2200000,預售屋、或土地及建物分件登記案件；,RPOSMLNJPHKGFGF88DA,68.13,0,3.78,有,
蘆洲區,房地(土地+建物)+車位,新北市蘆洲區光榮路１０２號三樓之二,19.92,住,,,1100522,土地1建物1車位1,三層,十三層,住宅大樓(11層含以上有電梯),住家用,鋼筋混凝土造,1140422,121.75,3,2,2,有,有,15750000,158511,坡道平面,34.69,1950000,預售屋、或土地及建物分件登記案件；,RPSOMLSJPHKGFGF76DA,53.56,0,4.05,有,
蘆洲區,房地(土地+建物)+車位,新北市蘆洲區光榮路１０２號十二樓之二,19.92,住,,,1100529,土地1建物1車位1,十二層,十三層,住宅大樓(11層含以上有電梯),住家用,鋼筋混凝土造,1140422,121.75,3,2,2,有,有,16780000,165173,坡道平面,34.69,2400000,權利人於113年12月30日取得本標的預售屋、或土地及建物分件登記案件；,RPTPMLSJPHKGFGF96DA,53.56,0,4.05,有,
蘆洲區,房地(土地+建物),新北市蘆洲區光榮路１０２號五樓之六,17.4,住,,,1100520,土地1建物1車位0,五層,十三層,住宅大樓(11層含以上有電梯),住家用,鋼筋混凝土造,1140422,76.06,2,2,1,有,有,11760000,154615,,0,0,權利人於111年10月26日取得本標的預售屋、或土地及建物分件登記案件；,RPSTMLSJPHKGFGF27DA,46.34,0,3.97,有,
蘆洲區,房地(土地+建物),新北市蘆洲區光榮路１０２號十樓之六,17.4,住,,,1100528,土地1建物1車位0,十層,十三層,住宅大樓(11層含以上有電梯),住家用,鋼筋混凝土造,1140422,76.06,2,2,1,有,有,12570000,165264,,0,0,預售屋、或土地及建物分件登記案件；,RPVOMLTJPHKGFGF17DA,46.34,0,3.97,有,
蘆洲區,房地(土地+建物),新北市蘆洲區光榮路１０２號四樓之三,19.92,住,,,1100521,土地1建物1車位0,四層,十三層,住宅大樓(11層含以上有電梯),住家用,鋼筋混凝土造,1140422,87.06,3,2,2,有,有,13760000,158052,,0,0,權利人於114年5月12日取得本標的預售屋、或土地及建物分件登記案件；,RPWPMLSJPHKGFGF27DA,53.56,0,4.05,有,
蘆洲區,房地(土地+建物),新北市蘆洲區光榮路１０２號五樓之三,19.92,住,,,1100523,土地1建物1車位0,五層,十三層,住宅大樓(11層含以上有電梯),住家用,鋼筋混凝土造,1140422,87.06,3,2,2,有,有,13980000,160579,,0,0,預售屋、或土地及建物分件登記案件；,RPXPMLSJPHKGFGF37DA,53.56,0,4.05,有,
蘆洲區,房地(土地+建物),新北市蘆洲區光榮路１０２號六樓之三,19.92,住,,,1100521,土地1建物1車位0,六層,十三層,住宅大樓(11層含以上有電梯),住家用,鋼筋混凝土造,1140422,87.06,3,2,2,有,有,14060000,161498,,0,0,預售屋、或土地及建物分件登記案件；,RPOQMLSJPHKGFGF56DA,53.56,0,4.05,有,
蘆洲區,房地(土地+建物)+車位,新北市蘆洲區光榮路１０２號六樓之五,25.83,住,,,1100529,土地1建物1車位1,六層,十三層,住宅大樓(11層含以上有電梯),住家用,鋼筋混凝土造,1140422,147.58,3,2,2,有,有,20400000,161219,坡道平面,34.69,2200000,預售屋、或土地及建物分件登記案件；,RPSQMLSJPHKGFGF96DA,70.8,0,3.89,有,
蘆洲區,房地(土地+建物),新北市蘆洲區光榮路１０２號二樓之七,17.28,住,,,1100528,土地1建物1車位0,二層,十三層,住宅大樓(11層含以上有電梯),住家用,鋼筋混凝土造,1140422,75.55,2,2,1,有,有,11050000,146261,,0,0,預售屋、或土地及建物分件登記案件；,RPPPMLTJPHKGFGF66DA,45.87,0,4.12,有,
蘆洲區,房地(土地+建物),新北市蘆洲區光榮路１０２號三樓之七,17.3,住,,,1100521,土地1建物1車位0,三層,十三層,住宅大樓(11層含以上有電梯),住家用,鋼筋混凝土造,1140422,75.57,2,2,1,有,有,11200000,148207,,0,0,權利人於113年10月21日取得本標的預售屋、或土地及建物分件登記案件；,RPSPMLTJPHKGFGF96DA,46.17,0,3.84,有,
蘆洲區,房地(土地+建物),新北市蘆洲區光榮路１０２號八樓之七,17.3,住,,,1100523,土地1建物1車位0,八層,十三層,住宅大樓(11層含以上有電梯),住家用,鋼筋混凝土造,1140422,75.57,2,2,1,有,有,11900000,157470,,0,0,預售屋、或土地及建物分件登記案件；,RPXPMLTJPHKGFGF47DA,46.17,0,3.84,有,
蘆洲區,房地(土地+建物),新北市蘆洲區光榮路１０２號二樓之八,24.87,住,,,1100529,土地1建物1車位0,二層,十三層,住宅大樓(11層含以上有電梯),住家用,鋼筋混凝土造,1140422,108.71,3,2,2,有,有,17060000,156931,,0,0,預售屋、或土地及建物分件登記案件；,RPRQMLTJPHKGFGF96DA,67.77,0,4.14,有,
蘆洲區,房地(土地+建物)+車位,新北市蘆洲區光榮路１０２號十一樓,29.34,住,,,1100528,土地1建物1車位1,十一層,十三層,住宅大樓(11層含以上有電梯),住家用,鋼筋混凝土造,1140422,162.98,3,2,2,有,有,23150000,162522,坡道平面,34.69,2300000,預售屋、或土地及建物分件登記案件；,RPXNMLRJPHKGFGF07DA,80.63,0,4.18,有,
蘆洲區,房地(土地+建物)+車位,新北市蘆洲區光榮路１０２號十二樓之八,24.87,住,,,1100529,土地1建物1車位1,十二層,十三層,住宅大樓(11層含以上有電梯),住家用,鋼筋混凝土造,1140422,143.4,3,2,2,有,有,20370000,166222,坡道平面,34.69,2300000,預售屋、或土地及建物分件登記案件；,RPXRMLTJPHKGFGF67DA,68.13,0,3.78,有,
,,,,,,,,,,,,,,,,,,,,,,,,,,,,,,,,
