抓取時間,搜尋結果第幾頁,物件標題,地址,房屋類型,屋齡,建坪,實際坪數,所在樓層,格局,額外資訊1,額外資訊2,目前價格,原始價格,是否含車位價格
2025_10_16 23_46_48,1,台北好境景觀戶,新北市深坑區埔新街,住宅大樓,15.2年,建坪46.37,主+陽26.30,11/11樓,3房(室)2廳2衛, 高樓層 稀有釋出  優質管理 ,永慶房屋有天然瓦斯房間都有窗,"2,280","2,280",含車位價
2025_10_16 23_46_48,1,台北好境景觀戶,新北市深坑區埔新街,住宅大樓,15.2年,建坪46.37,主+陽26.30,11/11樓,3房(室)2廳2衛, 高樓層 稀有釋出  優質管理 ,永慶房屋有天然瓦斯房間都有窗,"2,280","2,280",含車位價
2025_10_16 23_46_48,1,四號公園旁協和紀,新北市中和區宜安路,住宅大樓,11.8年,建坪51.59,主+陽28.04,7/13樓,3房(室)2廳2衛, 近永安捷運稀有三房平面車釋出 ,永慶房屋廁所有窗有天然瓦斯房間都有窗近捷運永安市場站近捷運景安站,"4,098","4,098",含車位價350萬元
2025_10_16 23_46_48,1,捷運裝潢社區透天,新北市新莊區思源路,透天厝,13.7年,建坪38.18,主+陽26.39,1~2/2樓,3房(室)3廳1.5衛(含加蓋--房(室)1廳--衛),"  店面住家辦公皆可,附平面車位 ",永慶房屋廁所有窗有天然瓦斯房間都有窗近捷運幸福站,"3,288","3,588萬",含車位價210萬元
2025_10_16 23_46_48,1,新埔捷運方正公寓,新北市板橋區光武街,公寓,48.9年,建坪30.86,主30.86,2/4樓,3房(室)2廳1衛, 使用空間大、方便規劃 ,永慶房屋廁所有窗有天然瓦斯房間都有窗近捷運新埔民生站近捷運新埔站,"1,350","1,680萬",無
2025_10_16 23_46_48,1,美河高樓景觀典藏,新北市新店區中央路,辦公商業大樓,12.9年,建坪62.60,主+陽32.98,15/29樓,3房(室)2廳2衛, 美河市機能、鄉村逸境風、小碧潭 ,永慶房屋廁所有窗有天然瓦斯房間都有窗近捷運小碧潭站,"4,288","4,458萬",含車位價250萬元
2025_10_16 23_46_48,1,遠東科技園區二樓,新北市板橋區信義路,公寓,43.9年,建坪28.87,主+陽28.87,2/5樓,3房(室)2廳1衛, 房間都有窗 保留前後陽台 ,永慶房屋廁所有窗房間都有窗近捷運亞東醫院站,"1,250","1,298萬",無
2025_10_16 23_46_48,1,東方富域白淨居,新北市板橋區縣民大道二段,住宅大樓,14.8年,建坪106.61,主+陽56.98,10/30樓,3房(室)2廳3衛, 社區戶數單純鄰近板橋車站 ,永慶房屋廁所有窗有天然瓦斯房間都有窗近捷運板橋站,"7,480","7,480",含車位價
2025_10_16 23_46_48,1,半島綠意邊間三房,新北市汐止區樟樹二路,住宅大樓,7.6年,建坪52.73,主+陽27.45,3/15樓,3房(室)2廳2衛, 平面大車位，方正格局 ,永慶房屋廁所有窗有天然瓦斯房間都有窗,"2,466","2,466",含車位價400萬元
2025_10_16 23_46_48,1,水丰景x臻藏席次,新北市三重區神農街,住宅大樓,5.5年,建坪34.70,主+陽21.01,13/15樓,3房(室)2廳2衛, 二重重劃區左岸x邊間標準三房 ,永慶房屋廁所有窗有天然瓦斯房間都有窗,"2,500","2,710萬",無
2025_10_16 23_46_48,1,民光角窗金店住辦,新北市永和區民光街,公寓,52.8年,建坪21.69,主21.69,1/4樓,1房(室)2廳1衛, 邊間三角窗、純一樓有後門可走 ,永慶房屋廁所有窗有天然瓦斯房間都有窗三角窗近捷運景平站,"2,200","2,600萬",無
2025_10_16 23_46_48,1,新都心富裔河大戶,新北市新店區復興路,住宅大樓,9.1年,建坪202.04,主+陽115.76,22~23/23樓,6房(室)2廳6.5衛, 稀有樓中樓鳥瞰山河市景戶戶溫泉 ,永慶房屋廁所有窗有天然瓦斯房間都有窗近捷運十四張站近捷運新北捷十四張站,"11,500","12,108萬",含車位價
2025_10_16 23_46_48,1,大花園庭院一樓,新北市新店區玫瑰路,公寓,35.9年,建坪49.80,主+平+陽45.38,B1~2/5樓,4房(室)2廳3衛, 社區有地下室平面車位停車便利 ,永慶房屋,"1,580","1,580",無
2025_10_16 23_46_48,1,合環永新A1露臺,新北市新店區永新街,住宅大樓,3.5年,建坪114.37,主+陽64.98,13/14樓,4房(室)2廳3衛, 位置方便，空間好運用 ,永慶房屋廁所有窗有天然瓦斯房間都有窗近捷運七張站,"9,751","9,751",含車位價700萬元
2025_10_16 23_46_48,1,大坪林典藏複式宅,新北市新店區大豐路,公寓,54.6年,建坪21.78,主21.78,4/4樓,4房(室)3廳2衛(含加蓋2房(室)1廳1衛), 大豐路商圈機能宅、下樓美食街 ,永慶房屋廁所有窗房間都有窗近捷運大坪林站,"1,398","1,598萬",無
2025_10_16 23_46_48,1,景新氣派馬路金店,新北市中和區景新街,店面,12.4年,建坪48.27,主29.35,1/14樓,--房(室)1廳1衛, 中和、新店生活圈空間好規劃 ,永慶房屋正面大馬路近捷運新北捷新和國小站近捷運景平站,"2,688","2,847萬",含車位價
2025_10_16 23_46_48,1,大坪林靜巷庭院居,新北市新店區大豐路,公寓,51.7年,建坪20.15,主20.15,1/4樓,3房(室)2廳1衛, 大坪林捷運大豐路生活圈 ,永慶房屋廁所有窗近捷運大坪林站,"1,580","1,680萬",無
2025_10_16 23_46_48,1,富裔河河景雙車位,新北市新店區復興路,住宅大樓,9.1年,建坪123.62,主+陽62.57,13/23樓,3房(室)2廳3.5衛, 新店溪景、一層兩戶180度景觀 ,永慶房屋廁所有窗有天然瓦斯房間都有窗近捷運十四張站近捷運秀朗橋站,"5,880","6,188萬",含車位價
2025_10_16 23_46_48,1,免千萬電梯大三房,新北市新店區安祥路,住宅大樓,29.6年,建坪44.82,主+陽42.17,8/18樓,3房(室)2廳2衛, 採光好、大空間、高樓層 ,永慶房屋廁所有窗房間都有窗,980,"1,122萬",無
2025_10_16 23_46_48,1,世界H2-3樓,新北市土城區,住宅大樓,#NAME?,建坪37.67,主+陽20.96,3/24樓,3房(室)2廳2衛, 近海山捷運站，生活機能佳 ,永慶房屋有天然瓦斯近捷運海山站,"2,450","2,880萬",含車位價
2025_10_16 23_46_48,1,重劃區旁三房車位,新北市新莊區昌平街,住宅大樓,30.2年,建坪41.88,主+陽22.43,8/16樓,3房(室)2廳2衛, 高樓層低總價雙語三房車稀有釋出 ,永慶房屋有天然瓦斯房間都有窗近捷運幸福站,"1,950","1,950",含車位價
2025_10_16 23_46_48,1,宏福大戶四房車位,新北市新莊區昌平街,住宅大樓,30.2年,建坪55.44,主+陽28.81,6/17樓,4房(室)2廳2衛, 鄰近昌平學區、昌平商圈 ,永慶房屋有天然瓦斯近捷運幸福站,"3,200","3,200",含車位價
2025_10_16 23_46_48,1,碧潭獨戶晴光居所,新北市新店區新店後街,公寓,32.4年,建坪41.54,主+陽39.51,3/4樓,4房(室)2廳3衛, 一層一戶，四面採光，坪數實在 ,永慶房屋廁所有窗房間都有窗近捷運新店站,"1,950","2,200萬",無
2025_10_16 23_46_48,1,近東湖電梯兩房宅,新北市汐止區中興路,住宅大樓,9.5年,建坪27.54,主+陽12.59,15/15樓,2房(室)2廳1衛, 高樓遠景，地點明顯，有裝潢 ,永慶房屋有天然瓦斯房間都有窗近捷運SB12站(施工中),"1,930","1,930",含車位價
2025_10_16 23_46_48,1,白馬山河景觀大院,新北市汐止區忠二街,透天厝,43.2年,建坪105.73,主+平+陽73.62,1~2/2樓,7房(室)3廳4衛(含加蓋1房(室)--廳--衛), 看山看水超大地坪 ,永慶房屋廁所有窗房間都有窗,"8,000","8,000",無
2025_10_16 23_46_48,1,景秀天廈三房平車,新北市中和區景平路,住宅大樓,32.9年,建坪67.19,主+陽45.29,12/12樓,3房(室)3廳2衛, 高樓層大空間景觀採光好 ,永慶房屋廁所有窗有天然瓦斯房間都有窗近捷運景平站近捷運南勢角站,"3,388","3,388",含車位價
2025_10_16 23_46_48,1,新埔邊間捷運美宅,新北市板橋區自由路,公寓,42.0年,建坪27.85,主+陽27.85,4/5樓,3房(室)2廳2衛, 精緻典雅裝潢、方正邊間格局 ,永慶房屋廁所有窗有天然瓦斯房間都有窗近捷運新埔民生站近捷運新埔站,"1,780","1,780",無
2025_10_16 23_46_48,1,亞東黃金三樓收租,新北市土城區廣明街,公寓,48.3年,建坪22.87,主22.87,3/4樓,4房(室)--廳4衛, 收租置產生活機能佳 ,永慶房屋廁所有窗房間都有窗近捷運亞東醫院站,"1,060","1,260萬",無
2025_10_16 23_46_48,1,全新花現美好挑高,新北市板橋區信義路,店面,2.2年,建坪17.16,主+陽9.02,1/6樓,--房(室)2廳1衛, 可住辦、可個人工作室、隨心所欲 ,永慶房屋近捷運亞東醫院站,"1,880","1,980萬",無
2025_10_16 23_46_48,1,南勢角正馬路金店,新北市中和區景新街,店面,12.4年,建坪36.14,主23.40,1/14樓,--房(室)1廳1衛, 屋況佳、正景新街大馬路店面 ,永慶房屋正面大馬路近捷運新北捷新和國小站近捷運南勢角站,"2,118","2,269萬",含車位價
2025_10_16 23_46_48,1,正景新街面寬金店,新北市中和區景新街,店面,12.4年,建坪84.42,主52.75,1/14樓,--房(室)2廳2衛, 正大馬路大樓漂亮面寬店面 ,永慶房屋有天然瓦斯正面大馬路近捷運新北捷新和國小站近捷運南勢角站,"4,808","5,980萬",含車位價
2025_10_16 23_46_56,2,金城舞I5-8樓,新北市土城區,住宅大樓,#NAME?,建坪31.05,主+陽16.64,8/24樓,#NAME?, 近海山捷運站、生活機能完善 ,永慶房屋近捷運海山站,"1,938","1,998萬",含車位價
2025_10_16 23_46_56,2,金城舞I5-8樓,新北市土城區,住宅大樓,#NAME?,建坪31.05,主+陽16.64,8/24樓,#NAME?, 近海山捷運站、生活機能完善 ,永慶房屋近捷運海山站,"1,938","1,998萬",含車位價
2025_10_16 23_46_56,2,曠野明亮四房車位,新北市土城區學士路,住宅大樓,2.6年,建坪53.14,主+陽29.99,4/19樓,4房(室)2廳2衛, 近海山捷運、純住宅稀有釋出 ,永慶房屋有天然瓦斯近捷運海山站近捷運LG10站(施工中),"3,638","3,638",含車位價280萬元
2025_10_16 23_46_56,2,知名連鎖三角店面,新北市汐止區中興路,店面,24.9年,建坪87.83,主+陽56.95,1/12樓,#NAME?, 三角窗面寬主要交通幹線能見度強 ,永慶房屋正面大馬路三角窗出租中近捷運SB12站(施工中),"6,500","6,500",含車位價
2025_10_16 23_46_56,2,正中興路黃金店面,新北市汐止區中興路,店面,33.9年,建坪92.34,主+平+陽61.51,1~2/7樓,--房(室)2廳2衛(含加蓋--房(室)--廳2衛), 汐止中興路大馬路邊好樂迪斜對面 ,永慶房屋正面大馬路近捷運SB12站(施工中),"10,888","12,688萬",含車位價550萬元
2025_10_16 23_46_56,2,學區公園首購三房,新北市永和區民族街,公寓,55.0年,建坪23.30,主+陽23.30,2/4樓,3房(室)2廳1衛, 邊間採光佳同層僅一戶環境單純 ,永慶房屋有天然瓦斯房間都有窗近捷運景平站,"1,298","1,388萬",無
2025_10_16 23_46_56,2,溫馨典藏史丹佛,新北市板橋區新府路,住宅大樓,18.0年,建坪101.43,主+陽51.96,19/24樓,3房(室)2廳2衛, 面市府廣場景觀佳邊間採光明亮 ,永慶房屋有天然瓦斯房間都有窗近捷運板橋站,"7,988","7,988",含車位價600萬元
2025_10_16 23_46_56,2,金鳳凰邊間華廈,新北市土城區學府路一段,其他,30.7年,建坪26.48,主+陽22.72,3/7樓,2房(室)2廳1衛, 邊間 ,永慶房屋廁所有窗近捷運LG10站(施工中),"1,388","1,388",無
2025_10_16 23_46_56,2,捷運邊間四房美寓,新北市新店區光明街,公寓,45.0年,建坪37.68,主+陽37.68,3/5樓,4房(室)2廳2衛, 免爬高，三面採光，浴廁開窗 ,永慶房屋廁所有窗房間都有窗近捷運新店區公所站近捷運新店站,"1,780","2,080萬",無
2025_10_16 23_46_56,2,永和帝王高樓車位,新北市永和區永和路二段,辦公商業大樓,26.5年,建坪24.81,主13.60,12/14樓,1房(室)1廳1衛, 24h管理、代收垃圾 ,永慶房屋有天然瓦斯房間都有窗近捷運頂溪站,"1,680","2,188萬",含車位價180萬元
2025_10_16 23_46_56,2,副都心捷運辦公,新北市新莊區新北大道四段,辦公商業大樓,12.5年,建坪62.90,主+陽34.30,16/19樓,--房(室)1廳1衛, 副都心地標商辦首選 ,永慶房屋廁所有窗有天然瓦斯房間都有窗近捷運新莊副都心站,"3,458","3,458",含車位價250萬元
2025_10_16 23_46_56,2,幸福時光精裝二房,新北市板橋區光環路二段,住宅大樓,6.8年,建坪37.35,主+陽18.72,8/20樓,2房(室)2廳2衛, 高樓遠景採光佳，室內屋況佳 ,永慶房屋有天然瓦斯房間都有窗近捷運中原站,"2,380","2,480萬",含車位價280萬元
2025_10_16 23_46_56,2,稀有陽台大套房,新北市板橋區民生路二段,住宅大樓,28.1年,建坪12.94,主+陽10.21,13/24樓,--房(室)1廳1衛, 套房少有天然瓦斯加大陽台 ,永慶房屋有天然瓦斯房間都有窗近捷運新埔站近捷運新埔民生站,"1,388","1,388",無
2025_10_16 23_46_56,2,專任元寶双囍兩房,新北市新店區光華街,住宅大樓,7.7年,建坪28.05,主+陽18.63,7/14樓,2房(室)2廳1衛, 近安康捷運站，生活機能佳 ,永慶房屋,"1,588","1,588",無
2025_10_16 23_46_56,2,車站捷運百貨好近,新北市板橋區中山路一段,套房,28.6年,建坪17.42,主+陽13.12,7/18樓,1房(室)1廳1衛, 捷運府中站 介壽公園 特區旁 ,永慶房屋房間都有窗近捷運府中站近捷運板橋站,"1,220","1,300萬",無
2025_10_16 23_46_56,2,專任華府邊間三房,新北市新莊區後港一路,華廈,32.7年,建坪35.06,主+平23.97,1/6樓,3房(室)2廳2衛, 格局方正、前後門進出方便 ,永慶房屋廁所有窗房間都有窗近捷運丹鳳站,"1,688","1,798萬",無
2025_10_16 23_46_56,2,國泰方正漂亮美寓,新北市中和區秀朗路三段,公寓,46.1年,建坪35.48,主35.48,4/5樓,3房(室)2廳2衛, 國泰建設 一層一戶 ,永慶房屋廁所有窗有天然瓦斯房間都有窗近捷運秀朗橋站,"1,798","1,798",無
2025_10_16 23_46_56,2,僑三採光三房,新北市板橋區僑中三街,公寓,42.6年,建坪31.26,主+陽31.26,4/5樓,3房(室)2廳2衛, 室內大空間 房間都有窗 ,永慶房屋房間都有窗,"1,198","1,378萬",無
2025_10_16 23_46_56,2,健華新城景觀三房,新北市板橋區文化路一段,住宅大樓,19.8年,建坪55.08,主+陽33.54,13/14樓,3房(室)2廳2衛, 全社區坡道平面車位，高樓景觀戶 ,永慶房屋廁所有窗有天然瓦斯房間都有窗近捷運新埔站近捷運板橋站,"3,800","3,990萬",無
2025_10_16 23_46_56,2,中正國小邊間二樓,新北市新店區平等街,公寓,50.4年,建坪29.16,主+陽29.17,2/4樓,3房(室)2廳1衛, 格局方正、邊間採光通風良好 ,永慶房屋廁所有窗有天然瓦斯房間都有窗近捷運小碧潭站近捷運七張站,"1,588","1,688萬",無
2025_10_16 23_46_56,2,畫世紀邊間四房,新北市板橋區漢生東路,住宅大樓,16.2年,建坪65.75,主+陽37.53,11/29樓,4房(室)2廳2衛, 格局方正邊間條件 ,永慶房屋廁所有窗有天然瓦斯房間都有窗近捷運板橋站近捷運板新站,"5,398","5,930萬",含車位價280萬元
2025_10_16 23_46_56,2,捷運電梯7+8,新北市土城區中央路四段,華廈,32.5年,建坪41.14,主+陽32.39,7/7樓,5房(室)4廳3衛(含加蓋2房(室)2廳1衛), 近板南捷運、格局方正，採光明亮 ,永慶房屋廁所有窗房間都有窗近捷運媽祖田站(施工中)近捷運頂埔站(施工中),"1,898","2,038萬",無
2025_10_16 23_46_56,2,鑫洋百景四房雙車,新北市新店區北新路一段,住宅大樓,9.1年,建坪101.07,主+陽50.95,4/26樓,4房(室)2廳2衛, 面公園 近捷運 近運動中心 ,永慶房屋廁所有窗有天然瓦斯房間都有窗近捷運新店區公所站近捷運七張站,"7,380","7,880萬",含車位價580萬元
2025_10_16 23_46_56,2,獨家市景庭院大宅,新北市新店區五峰路,透天厝,43.8年,建坪66.15,主+平+陽66.14,1~2/2樓,4房(室)2廳3衛, 景觀佳、座南朝北、土地大 ,永慶房屋廁所有窗房間都有窗近捷運新店區公所站,"2,888","3,568萬",無
2025_10_16 23_46_56,2,高樓之上幸福剛好,新北市新莊區福美街,住宅大樓,6.5年,建坪37.46,主+陽15.86,15/15樓,2房(室)2廳1衛, 室內挑高3米6，高樓層採光好 ,永慶房屋有天然瓦斯房間都有窗近捷運新北產業園區站,"2,280","2,280",含車位價250萬元
2025_10_16 23_46_56,2,新板史丹佛陽光居,新北市板橋區新府路,住宅大樓,18.0年,建坪59.97,主+陽32.53,21/24樓,2房(室)2廳2衛, 高樓景觀邊間方正空間好規劃平車 ,永慶房屋有天然瓦斯房間都有窗近捷運板橋站,"5,068","5,068",含車位價280萬元
2025_10_16 23_46_56,2,大禾首購裝潢兩房,新北市板橋區藝文街,住宅大樓,5.2年,建坪37.99,主+陽17.15,14/18樓,2房(室)2廳1衛, 首購2房精美裝潢可直接入住 ,永慶房屋房間都有窗,"1,988","2,170萬",含車位價240萬元
2025_10_16 23_46_56,2,寶地三房平車美宅,新北市新店區安康路二段,華廈,30.3年,建坪42.09,主+陽26.18,6/8樓,3房(室)2廳2衛, 免整理、低公設 ,永慶房屋有天然瓦斯房間都有窗,"1,850","1,850",含車位價
2025_10_16 23_46_56,2,擁有夢想的權利,新北市永和區保生路,住宅大樓,25.8年,建坪18.12,主+陽11.58,12/26樓,1房(室)1廳1衛, 可隔1房1廳無暗房衛浴開窗 ,永慶房屋廁所有窗房間都有窗近捷運永和永平國小站(施工中)近捷運永安市場站,"1,388","1,488萬",無
2025_10_16 23_46_56,2,光華學區首選兩房,新北市新莊區西盛街,住宅大樓,33.0年,建坪20.88,主+陽17.58,2/16樓,2房(室)1廳1衛, 邊間 通風採光佳 ,永慶房屋有天然瓦斯房間都有窗,"1,028","1,080萬",無
2025_10_16 23_46_56,2,秀朗明亮三房美寓,新北市永和區永元路,公寓,45.0年,建坪25.69,主25.69,4/5樓,3房(室)2廳1衛, 近秀朗國小 ,永慶房屋有天然瓦斯房間都有窗,"1,398","1,558萬",無
2025_10_16 23_47_02,3,擁有夢想的權利,新北市永和區保生路,住宅大樓,25.8年,建坪18.12,主+陽11.58,12/26樓,1房(室)1廳1衛, 可隔1房1廳無暗房衛浴開窗 ,永慶房屋廁所有窗房間都有窗近捷運永和永平國小站(施工中)近捷運永安市場站,"1,388","1,488萬",無
2025_10_16 23_47_02,3,擁有夢想的權利,新北市永和區保生路,住宅大樓,25.8年,建坪18.12,主+陽11.58,12/26樓,1房(室)1廳1衛, 可隔1房1廳無暗房衛浴開窗 ,永慶房屋廁所有窗房間都有窗近捷運永和永平國小站(施工中)近捷運永安市場站,"1,388","1,488萬",無
2025_10_16 23_47_02,3,光華學區三房車位,新北市新莊區西盛街,住宅大樓,34.4年,建坪41.32,主+陽26.93,5/15樓,3房(室)2廳2衛, 格局方正、前後陽台 ,永慶房屋廁所有窗房間都有窗,"1,498","1,750萬",含車位價
2025_10_16 23_47_02,3,冠德鋼骨傳世尊邸,新北市新莊區思源路,住宅大樓,10.9年,建坪90.35,主+陽44.36,17/25樓,4房(室)2廳2衛," SRC結構,中空樓板,精美裝潢 ",永慶房屋新上廁所有窗有天然瓦斯房間都有窗近捷運幸福站,"5,980","5,980",含車位價500萬元
2025_10_16 23_47_02,3,永和秀朗芳鄰三樓,新北市永和區中正路,公寓,46.1年,建坪29.08,主29.08,3/5樓,3房(室)2廳1衛, 一巷住宅得和中正路生活圈機能棒 ,永慶房屋新上廁所有窗有天然瓦斯房間都有窗,"1,688","1,750萬",無
2025_10_16 23_47_02,3,帝京高樓景觀豪邸,新北市新莊區中正路,住宅大樓,8.9年,建坪79.98,主+陽38.57,19/22樓,2房(室)2廳2衛, 質感裝潢，一卡皮箱即可入住 ,永慶房屋新上廁所有窗有天然瓦斯房間都有窗近捷運新莊站,"4,880","4,880",含車位價500萬元
2025_10_16 23_47_02,3,璽悅双星可塑兩房,新北市中和區民利街,住宅大樓,4.9年,建坪24.62,主+陽16.19,9/15樓,1房(室)2廳1衛, 屋齡4年，優雅靜巷 近學區市場 ,永慶房屋新上廁所有窗有天然瓦斯房間都有窗近捷運中和高中站(施工中),"1,558","1,558",無
2025_10_16 23_47_02,3,中正景觀三房車位,新北市永和區中正路,住宅大樓,29.9年,建坪36.44,主+陽25.40,17/18樓,3房(室)2廳1.5衛, 高樓視野景觀棒雙拼單純屋況好 ,永慶房屋廁所有窗有天然瓦斯房間都有窗近捷運永安市場站,"2,498","2,498",含車位價
2025_10_16 23_47_02,3,智光邊間公寓三樓,新北市永和區中正路,公寓,52.3年,建坪20.35,主19.32,3/4樓,3房(室)2廳1衛, 房間皆有窗、有天然瓦斯前後陽台 ,永慶房屋新上廁所有窗有天然瓦斯房間都有窗近捷運景平站近捷運南勢角站,"1,398","1,398",無
2025_10_16 23_47_02,3,圓通獨棟邊間3樓,新北市中和區圓通路,公寓,43.0年,建坪29.64,主+陽29.65,3/5樓,3房(室)2廳1衛, 獨棟邊間，格局方正，公寓3樓 ,永慶房屋新上有天然瓦斯房間都有窗,"1,398","1,398",無
2025_10_16 23_47_02,3,專任光華裝潢大戶,新北市新莊區民安西路,住宅大樓,29.6年,建坪61.99,主+陽41.44,15/21樓,4房(室)2廳2衛, 格局方正 使用空間大 ,永慶房屋新上廁所有窗房間都有窗,"1,858","1,858",含車位價200萬元
2025_10_16 23_47_02,3,伊吉邦邊間大空間,新北市新莊區新北大道七段,住宅大樓,26.5年,建坪26.10,主+陽19.25,3/18樓,3房(室)2廳1衛(含加蓋2房(室)--廳--衛), 挑高使用空間大 ,永慶房屋新上,"1,158","1,268萬",無
2025_10_16 23_47_02,3,大坪林公寓3樓,新北市新店區大豐路,公寓,48.3年,建坪28.00,主+陽28.00,3/4樓,3房(室)2廳1衛, 大坪林捷運稀有釋出公寓3樓 ,永慶房屋近捷運大坪林站,"1,320","1,395萬",無
2025_10_16 23_47_02,3,景觀方正電梯三房,新北市土城區金安街,住宅大樓,31.7年,建坪31.66,主+陽27.45,11/13樓,3房(室)2廳2衛, 低公設低管理費 格局方正好規劃 ,永慶房屋新上有天然瓦斯近捷運頂埔站(施工中)近捷運頂埔站,"1,288","1,288",無
2025_10_16 23_47_02,3,風華SGS嚴選宅,新北市板橋區文化路二段,住宅大樓,1.3年,建坪29.20,主+陽13.36,5/15樓,2房(室)2廳1衛, 黃金門牌-文化路二段 新屋落成 ,永慶房屋有天然瓦斯房間都有窗近捷運江子翠站,"1,888","2,068萬",含車位價
2025_10_16 23_47_02,3,正大仁街公寓一樓,新北市中和區大仁街,公寓,46.8年,建坪22.93,主22.93,1/5樓,3房(室)1廳1衛(含加蓋--房(室)--廳1衛), 一樓免爬高、地下室大空間 ,永慶房屋有天然瓦斯房間都有窗近捷運景平站近捷運秀朗橋站,"2,399","2,399",無
2025_10_16 23_47_02,3,大美明廳明房兩房,新北市板橋區華江九路,住宅大樓,5.4年,建坪38.22,主+陽15.58,15/17樓,2房(室)2廳1衛, 住家兩房，川型格局好規劃 ,永慶房屋新上有天然瓦斯房間都有窗近捷運江子翠站近捷運新埔民生站,"2,480","2,480",含車位價220萬元
2025_10_16 23_47_02,3,台北宜安通風三房,新北市中和區宜安路,華廈,21.3年,建坪35.35,主+陽24.39,8/9樓,3房(室)2廳2衛, 通風方正好規劃 ,永慶房屋新上廁所有窗有天然瓦斯房間都有窗近捷運景平站近捷運南勢角站,"2,700","2,700",無
2025_10_16 23_47_02,3,皇樓三房平車美屋,新北市中和區廣福路,住宅大樓,24.0年,建坪39.36,主+陽24.57,13/16樓,3房(室)2廳2衛, 平面大車位屋況好高樓遠景邊間 ,永慶房屋新上廁所有窗有天然瓦斯房間都有窗近捷運中和站近捷運中和站(施工中),"2,460","2,460",含車位價250萬元
2025_10_16 23_47_02,3,福和小資庭院一樓,新北市永和區成功路一段,公寓,48.1年,建坪14.46,主14.46,1/4樓,1房(室)1廳1衛, 庭院空間大採光佳 低總價好入手 ,永慶房屋新上有天然瓦斯房間都有窗,"1,168","1,168",無
2025_10_16 23_47_02,3,詩鄉明亮邊間車庫,新北市新店區安忠路,公寓,32.1年,建坪60.99,主+陽+露45.81,3~4/4樓,3房(室)2廳2.5衛(含加蓋--房(室)--廳0.5衛), 挑高使用大空間獨有車庫景觀棒 ,永慶房屋,"1,980","1,980",無
2025_10_16 23_47_02,3,台灣科技總部辦公,新北市新店區中興路二段,廠辦,25.5年,建坪209.74,主+陽157.49,3/10樓,14房(室)2廳2衛, 一層一戶精美裝潢近裕隆城潛力大 ,永慶房屋有天然瓦斯,"8,888","8,888",含車位價
2025_10_16 23_47_02,3,將捷景觀雙衛平車,新北市新店區順德街,住宅大樓,2.2年,建坪38.70,主+陽18.27,4/13樓,2房(室)2廳2衛, 前棟面全陽泳池，棟距寬敞明亮 ,永慶房屋新上有天然瓦斯房間都有窗近捷運小碧潭站,"2,888","2,888",含車位價270萬元
2025_10_16 23_47_02,3,民利邊間家倍佳,新北市中和區民利街,公寓,48.2年,建坪18.11,主18.11,4/4樓,5房(室)2廳3衛(含加蓋2房(室)--廳2衛), 邊間活巷採光通風好 ,永慶房屋新上廁所有窗近捷運中和高中站(施工中),"1,150","1,150",無
2025_10_16 23_47_02,3,僑中巷寬稀有一樓,新北市板橋區僑中二街,公寓,43.0年,建坪26.57,主+平26.58,1/5樓,2房(室)2廳1衛, 面寬六米、可住可店可辦公 ,永慶房屋新上廁所有窗,"1,998","1,998",無
2025_10_16 23_47_02,3,邊間一樓大空間,新北市中和區民利街,公寓,40.8年,建坪29.87,主+平29.87,1/5樓,3房(室)2廳1衛, 格局方正有天然瓦斯 ,永慶房屋廁所有窗有天然瓦斯近捷運中和高中站(施工中)近捷運莒光站(施工中),"1,980","1,980",無
2025_10_16 23_47_02,3,單價只要40萬,新北市中和區民利街,公寓,37.7年,建坪37.44,主+陽37.43,4/5樓,3房(室)2廳2衛, 陽台進出格局方正天然瓦斯 ,永慶房屋有天然瓦斯近捷運中和高中站(施工中),"1,498","1,798萬",無
2025_10_16 23_47_02,3,嘉穗公園旁家倍佳,新北市中和區民利街,公寓,46.7年,建坪24.66,主24.66,4/4樓,6房(室)3廳3衛(含加蓋3房(室)1廳2衛), 格局方正前後陽台皆有保留 ,永慶房屋新上房間都有窗近捷運中和高中站(施工中),"1,298","1,298",無
2025_10_16 23_47_02,3,天闊高樓河景四房,新北市新店區環河路,住宅大樓,26.2年,建坪51.40,主+陽39.65,30/34樓,4房(室)2廳3衛, SRC鋼骨耐震，高樓無敵河景 ,永慶房屋新上廁所有窗有天然瓦斯房間都有窗近捷運新店站近捷運新店區公所站,"3,250","3,250",無
2025_10_16 23_47_02,3,大坪林景觀兩房車,新北市新店區二十張路,住宅大樓,2.6年,建坪32.10,主+陽18.31,9/13樓,2房(室)2廳1衛, 大坪林稀有新成屋 邊間三面採光 ,永慶房屋廁所有窗有天然瓦斯房間都有窗近捷運大坪林站,"2,880","2,880",含車位價190萬元
2025_10_16 23_47_02,3,詩鄉氣派大空間,新北市新店區安忠路,透天厝,31.0年,建坪111.77,主+平+陽+露105.59,B1~3/3樓,6房(室)2廳4衛(含加蓋2房(室)--廳--衛), 獨立大露臺車庫挑高設計管理嚴謹 ,永慶房屋廁所有窗有天然瓦斯房間都有窗,"3,200","3,400萬",無
2025_10_16 23_47_06,4,詩鄉氣派大空間,新北市新店區安忠路,透天厝,31.0年,建坪111.77,主+平+陽+露105.59,B1~3/3樓,6房(室)2廳4衛(含加蓋2房(室)--廳--衛), 獨立大露臺車庫挑高設計管理嚴謹 ,永慶房屋廁所有窗有天然瓦斯房間都有窗,"3,200","3,400萬",無
2025_10_16 23_47_06,4,詩鄉氣派大空間,新北市新店區安忠路,透天厝,31.0年,建坪111.77,主+平+陽+露105.59,B1~3/3樓,6房(室)2廳4衛(含加蓋2房(室)--廳--衛), 獨立大露臺車庫挑高設計管理嚴謹 ,永慶房屋廁所有窗有天然瓦斯房間都有窗,"3,200","3,400萬",無
2025_10_16 23_47_06,4,音歐大套房美居,新北市新莊區中港路,套房,22.1年,建坪12.65,主+陽9.51,2/10樓,--房(室)1廳1衛, 一層三戶 ,永慶房屋新上有天然瓦斯房間都有窗,938,988萬,無
2025_10_16 23_47_06,4,碧潭春風庭院一樓,新北市新店區北宜路二段,住宅大樓,23.5年,建坪27.46,主+陽22.99,1/14樓,3房(室)2廳2衛, 公設比低，格局方正 ,永慶房屋有天然瓦斯房間都有窗,"1,398","1,658萬",無
2025_10_16 23_47_06,4,朝代美裝兩房平車,新北市永和區成功路二段,住宅大樓,32.0年,建坪41.58,主+陽24.48,8/15樓,2房(室)2廳1衛, 北市一橋之隔 高樓遠景 ,永慶房屋廁所有窗有天然瓦斯房間都有窗,"2,380","2,380",含車位價220萬元
2025_10_16 23_47_06,4,近捷運採光套房,新北市新店區北新路一段,住宅大樓,13.7年,建坪9.39,主5.71,2/13樓,1房(室)1廳1衛, 屋齡新採光極佳，捷運步行3分鐘 ,永慶房屋新上房間都有窗近捷運新店站,898,958萬,無
2025_10_16 23_47_06,4,河景水都可三房,新北市永和區環河東路四段,住宅大樓,19.3年,建坪65.71,主+陽39.50,15/28樓,2房(室)2廳2衛, 高樓景觀坡平車位稀有釋出 ,永慶房屋有天然瓦斯房間都有窗近捷運秀朗橋站,"4,298","4,498萬",含車位價
2025_10_16 23_47_06,4,大坪林捷運三房車,新北市新店區寶元路二段,華廈,24.8年,建坪45.85,主+陽31.05,6/6樓,3房(室)2廳2衛, 近裕隆城、大坪林捷運站 低公設 ,永慶房屋廁所有窗有天然瓦斯房間都有窗近捷運Y5站(施工中)近捷運大坪林站,"2,750","3,120萬",含車位價
2025_10_16 23_47_06,4,亞東好境生活社區,新北市板橋區四川路二段,住宅大樓,31.8年,建坪35.30,主+陽25.80,15/17樓,3房(室)2廳2衛, 低管理費屋況佳 ,永慶房屋新上有天然瓦斯近捷運亞東醫院站,"2,250","2,250",無
2025_10_16 23_47_06,4,公園綠意三房平車,新北市板橋區文德路,住宅大樓,0.8年,建坪47.97,主+陽23.55,12/12樓,3房(室)2廳2衛, 新埔捷運生活圈生活機能完善 ,永慶房屋廁所有窗有天然瓦斯房間都有窗近捷運新埔民生站近捷運新埔站,"3,396","3,396",含車位價280萬元
2025_10_16 23_47_06,4,新店碧園小品首選,新北市新店區新店路,辦公商業大樓,31.1年,建坪22.40,主+陽20.97,6/8樓,2房(室)2廳1衛, 近新店捷運公車總站碧潭商場 ,永慶房屋,"1,398","1,498萬",無
2025_10_16 23_47_06,4,綠昂高樓景觀宅,新北市新店區安德街,住宅大樓,31.0年,建坪28.08,主+陽+露24.19,11/12樓,2房(室)1廳1衛(含加蓋1房(室)--廳--衛), 高樓景觀，一層兩戶 ,永慶房屋有天然瓦斯房間都有窗,"1,298","1,420萬",無
2025_10_16 23_47_06,4,秀朗邊間三房華廈,新北市永和區民有街,華廈,34.1年,建坪45.63,主+陽42.45,2/6樓,3房(室)2廳2衛, 邊間前後陽台雙套衛浴開窗公設低 ,永慶房屋廁所有窗有天然瓦斯房間都有窗近捷運景平站,"2,588","2,698萬",無
2025_10_16 23_47_06,4,達觀首選A1兩房,新北市新店區達觀路,住宅大樓,29.3年,建坪20.83,主+陽16.60,4/19樓,2房(室)2廳1衛, 不須大整理即可入住 ,永慶房屋,798,798,無
2025_10_16 23_47_06,4,新埔菲陽邊間三房,新北市板橋區互助街,住宅大樓,7.4年,建坪47.64,主+陽22.61,13/22樓,3房(室)2廳2衛, 新埔商圈、知名建商、生活機能佳 ,永慶房屋廁所有窗有天然瓦斯房間都有窗近捷運新埔民生站近捷運新埔站,"3,580","3,880萬",含車位價250萬元
2025_10_16 23_47_06,4,文青中和站邊間,新北市中和區中山路二段,辦公商業大樓,17.8年,建坪27.31,主+陽15.41,2/12樓,2房(室)1廳1衛(含加蓋1房(室)--廳--衛), 近中和站交通便利機能便利 ,永慶房屋有天然瓦斯房間都有窗近捷運中和站(施工中)近捷運中和站,"1,880","1,998萬",含車位價150萬元
2025_10_16 23_47_06,4,遠雄捷運質感首品,新北市新莊區中德路,辦公商業大樓,7.9年,建坪35.86,主+陽13.69,12/15樓,2房(室)2廳1衛, 遠雄兩室平面車位近捷運宏匯公園 ,永慶房屋新上房間都有窗近捷運新莊副都心站,"1,820","1,820",含車位價220萬元
2025_10_16 23_47_06,4,唯美峰盛花園首品,新北市新莊區中德路,辦公商業大樓,7.9年,建坪47.48,主+陽21.28,9/15樓,2房(室)2廳1衛, 近捷運近宏匯近公園遠雄質感小宅 ,永慶房屋新上房間都有窗近捷運新莊副都心站,"2,588","2,588",含車位價220萬元
2025_10_16 23_47_06,4,綠中海高樓美景觀,新北市新店區安祥路,華廈,19.6年,建坪28.03,主+陽21.09,8/9樓,3房(室)2廳2衛, 標準三房、次高樓 ,永慶房屋有天然瓦斯房間都有窗,"1,088","1,088",無
2025_10_16 23_47_06,4,雙十面寬店面,新北市板橋區雙十路二段,公寓,51.8年,建坪24.14,主24.14,1/4樓,--房(室)1廳1衛, 近江子翠捷運站一樓店面面寬 ,永慶房屋近捷運江子翠站,"2,366","2,460萬",無
2025_10_16 23_47_06,4,懷翠庭園邊間四房,新北市板橋區懷德街,公寓,37.2年,建坪35.10,主+陽32.82,4/5樓,4房(室)2廳2衛, 方正格局，前後陽台，邊間採光佳 ,永慶房屋廁所有窗有天然瓦斯房間都有窗近捷運江子翠站,"1,558","1,688萬",無
2025_10_16 23_47_06,4,江翠文聖巷寬美居,新北市板橋區文聖街,公寓,42.9年,建坪26.15,主+陽26.14,4/5樓,2房(室)2廳1衛," 後陽台正面音樂公園,八米巷寬 ",永慶房屋廁所有窗有天然瓦斯房間都有窗近捷運江子翠站,"1,388","1,498萬",無
2025_10_16 23_47_06,4,双捷一品邊間好宅,新北市中和區景平路,住宅大樓,3.9年,建坪31.81,主+陽14.61,10/12樓,1房(室)2廳1衛, 鄰近捷運站久泰機構出品 ,永慶房屋廁所有窗有天然瓦斯房間都有窗近捷運景安站近捷運南勢角站,"2,438","2,558萬",含車位價250萬元
2025_10_16 23_47_06,4,江翠高樓三房平車,新北市板橋區雙十路二段,住宅大樓,1.8年,建坪44.55,主+陽24.38,14/14樓,3房(室)2廳2衛," 江翠站步行約3分鐘,生活機能佳 ",永慶房屋有天然瓦斯房間都有窗近捷運江子翠站,"3,988","3,988",含車位價350萬元
2025_10_16 23_47_06,4,江翠全新四房平車,新北市板橋區雙十路二段,住宅大樓,1.8年,建坪54.80,主+陽31.22,12/14樓,4房(室)2廳2衛," 全新成屋,面雙十路採光佳 ",永慶房屋廁所有窗有天然瓦斯房間都有窗近捷運江子翠站,"4,980","4,980",含車位價310萬元
2025_10_16 23_47_06,4,江翠全聯邊間四房,新北市板橋區民治街,公寓,48.1年,建坪25.23,主+陽25.23,4/4樓,4房(室)1廳2衛, 採買方便靜巷宜居 ,永慶房屋廁所有窗有天然瓦斯房間都有窗近捷運江子翠站,"1,268","1,268",無
2025_10_16 23_47_06,4,高樓清風國道雅居,新北市深坑區北深路三段,住宅大樓,29.4年,建坪38.08,主+陽33.40,12/12樓,3房(室)2廳2衛, 高樓層、近國道 ,永慶房屋,"1,350","1,480萬",無
2025_10_16 23_47_06,4,近捷運庭院三房,新北市中和區華新街,華廈,30.8年,建坪23.79,主+陽20.08,1/7樓,3房(室)2廳1衛, 近捷運 有管理 鬧中取靜 ,永慶房屋,"2,300","2,300",無
2025_10_16 23_47_06,4,中和市民活巷透天,新北市中和區市民街,透天厝,50.1年,建坪22.05,主22.05,1~2/2樓,5房(室)2廳3衛(含加蓋2房(室)--廳3衛), 稀有釋出好停車透天 ,永慶房屋廁所有窗近捷運莒光站(施工中),"2,280","2,380萬",無
2025_10_16 23_47_06,4,學區邊間正3房,新北市板橋區長安街,公寓,31.2年,建坪30.80,主+平28.73,1/5樓,3房(室)2廳2衛(含加蓋--房(室)2廳--衛), 正3房格局 使用空間大 ,永慶房屋廁所有窗有天然瓦斯房間都有窗近捷運板橋站近捷運府中站,"2,098","2,268萬",無
2025_10_16 23_47_06,4,PARK優質靜匿,新北市土城區中央路一段,辦公商業大樓,5.9年,建坪30.65,主+陽17.95,6/32樓,2房(室)2廳1衛, 近板南捷運站、生活機能佳 ,永慶房屋新上有天然瓦斯房間都有窗近捷運海山站,"2,280","2,280",無
2025_10_16 23_47_12,5,忠泰江翠捷運三房,新北市板橋區華江一路,住宅大樓,0.9年,建坪53.21,主+陽29.04,11/22樓,3房(室)2廳2衛, 重劃核心地段雙衛開窗採光通風佳 ,永慶房屋廁所有窗有天然瓦斯房間都有窗近捷運江子翠站,"4,458","4,758萬",含車位價250萬元
2025_10_16 23_47_12,5,忠泰江翠捷運三房,新北市板橋區華江一路,住宅大樓,0.9年,建坪53.21,主+陽29.04,11/22樓,3房(室)2廳2衛, 重劃核心地段雙衛開窗採光通風佳 ,永慶房屋廁所有窗有天然瓦斯房間都有窗近捷運江子翠站,"4,458","4,758萬",含車位價250萬元
2025_10_16 23_47_12,5,江翠藝文方正三房,新北市板橋區莊敬路,公寓,39.2年,建坪30.38,主+陽27.49,4/5樓,3房(室)2廳2衛, 近江翠捷運，莒光生活圈 ,永慶房屋有天然瓦斯房間都有窗近捷運江子翠站近捷運新埔站,"1,750","1,888萬",無
2025_10_16 23_47_12,5,康橋邊間景觀庭院,新北市新店區青山路,公寓,14.1年,建坪60.56,主+陽59.49,1~2/4樓,3房(室)3廳3衛, 近康橋雙語學校大陸建設青山鎮 ,永慶房屋廁所有窗有天然瓦斯房間都有窗,"4,398","4,680萬",無
2025_10_16 23_47_12,5,樂菲高樓河景戶,新北市新店區央北二路,住宅大樓,2.3年,建坪27.54,主+陽12.65,15/15樓,1房(室)1廳1衛, 高樓層面河景 公設齊全近捷運 ,永慶房屋有天然瓦斯近捷運新北捷十四張站近捷運十四張站,"1,695","1,785萬",含車位價260萬元
2025_10_16 23_47_12,5,新歐高樓三房車位,新北市板橋區南雅東路,住宅大樓,18.2年,建坪43.11,主+陽23.18,14/15樓,3房(室)2廳2衛(含加蓋1房(室)--廳--衛), 鄰近府中捷運站，次高樓邊間 ,永慶房屋新上有天然瓦斯房間都有窗近捷運府中站,"2,650","2,650",含車位價250萬元
2025_10_16 23_47_12,5,公園綠意國泰頂加,新北市板橋區縣民大道三段,公寓,49.7年,建坪25.85,主+陽25.86,4/4樓,5房(室)3廳2衛(含加蓋2房(室)2廳1衛), 知名明星學區室內大空間好規劃 ,永慶房屋廁所有窗有天然瓦斯房間都有窗,"1,498","1,550萬",無
2025_10_16 23_47_12,5,江翠捷運邊間三樓,新北市板橋區懷德街,公寓,51.6年,建坪33.43,主+陽33.42,3/4樓,4房(室)2廳1衛, 方正格局，前陽台進出 ,永慶房屋新上廁所有窗有天然瓦斯房間都有窗近捷運江子翠站,"1,880","1,880",無
2025_10_16 23_47_12,5,美城稀有大邊間,新北市新店區永業路,公寓,44.8年,建坪32.90,主32.90,4/5樓,3房(室)2廳2衛, 邊間三面採光近公車站便利商店 ,永慶房屋房間都有窗,988,988,無
2025_10_16 23_47_12,5,碧潭4房美寓,新北市新店區永業路,公寓,45.6年,建坪36.34,主+陽36.33,4/5樓,4房(室)2廳2衛, 看出去綠景舒服，捷運散步近 ,永慶房屋房間都有窗近捷運新店站,"1,468","1,468",無
2025_10_16 23_47_12,5,中和高中靜巷美寓,新北市中和區連城路,公寓,46.0年,建坪28.37,主28.37,4/5樓,2房(室)2廳1衛, 近未來捷運、學區、公園、市場 ,永慶房屋有天然瓦斯近捷運中和高中站(施工中),"1,380","1,380",無
2025_10_16 23_47_12,5,江翠邊間採光美寓,新北市板橋區銘傳街,公寓,53.5年,建坪20.21,主20.21,4/4樓,2房(室)1廳1衛, 近江子翠一號出口約350公尺 ,永慶房屋新上廁所有窗房間都有窗近捷運江子翠站近捷運新埔民生站,"1,080","1,080",無
2025_10_16 23_47_12,5,民族公園旁三樓寓,新北市永和區民治街,公寓,55.0年,建坪28.33,主+陽28.33,3/4樓,3房(室)2廳1衛, 有前後陽台、天然瓦斯 ,永慶房屋有天然瓦斯房間都有窗近捷運景平站,"1,680","1,680",無
2025_10_16 23_47_12,5,智光美妝雙衛三樓,新北市永和區民享街,公寓,51.2年,建坪22.44,主22.44,3/4樓,2房(室)2廳2衛, 雙主臥規劃，中正路商圈 ,永慶房屋廁所有窗有天然瓦斯房間都有窗近捷運景平站,"1,488","1,580萬",無
2025_10_16 23_47_12,5,民享方正裝潢一樓,新北市永和區民享街,公寓,52.3年,建坪25.46,主+陽25.46,1/4樓,4房(室)2廳1衛(含加蓋1房(室)--廳1衛), 格局方正 大空間 ,永慶房屋有天然瓦斯近捷運景平站,"1,880","2,280萬",無
2025_10_16 23_47_12,5,景平邊間美妝三樓,新北市中和區大仁街,公寓,50.4年,建坪27.60,主+陽27.60,3/4樓,3房(室)2廳1衛, 邊間低樓層 捷運公車 採買便利 ,永慶房屋廁所有窗有天然瓦斯房間都有窗近捷運景平站近捷運秀朗橋站,"1,688","1,688",無
2025_10_16 23_47_12,5,永和一樓金住店辦,新北市永和區民有街,公寓,54.1年,建坪18.69,主18.69,1/4樓,3房(室)2廳1衛(含加蓋--房(室)1廳--衛), 屋況有裝潢過、增建空間大 ,永慶房屋廁所有窗有天然瓦斯房間都有窗近捷運景平站,"1,888","1,888",無
2025_10_16 23_47_12,5,四號公園公寓頂加,新北市永和區中正路,公寓,44.3年,建坪30.04,主+陽28.39,5/5樓,6房(室)4廳2衛(含加蓋2房(室)2廳1衛), 有前後陽台、增建空間大 ,永慶房屋有天然瓦斯房間都有窗近捷運永安市場站,"1,658","1,798萬",無
2025_10_16 23_47_12,5,景平捷運公寓一樓,新北市中和區大仁街,公寓,49.8年,建坪24.33,主24.33,1/4樓,4房(室)2廳2.5衛(含加蓋--房(室)1廳2.5衛), 門前好停車 一樓進出方便 近捷 ,永慶房屋有天然瓦斯近捷運景平站近捷運秀朗橋站,"1,998","2,180萬",無
2025_10_16 23_47_12,5,捷運露臺景觀兩房,新北市中和區景平路,住宅大樓,28.0年,建坪23.54,主+陽+露20.10,37/41樓,2房(室)2廳1衛(含加蓋2房(室)1廳--衛), 高樓景觀、邊間、後棟安靜不吵 ,永慶房屋房間都有窗近捷運景平站近捷運南勢角站,"1,798","1,798",無
2025_10_16 23_47_12,5,景平捷運挑高首選,新北市中和區景平路,住宅大樓,28.0年,建坪13.40,主+陽10.38,36/41樓,1房(室)2廳1衛(含加蓋1房(室)--廳--衛), 近捷運便利 24小時管理代收  ,永慶房屋房間都有窗近捷運景平站近捷運南勢角站,"1,094","1,150萬",無
2025_10_16 23_47_12,5,三民方正邊間二樓,新北市新店區三民路,公寓,49.2年,建坪28.35,主+陽28.34,2/4樓,2房(室)2廳1衛, 邊間採光通風好，格局方正前陽台 ,永慶房屋新上廁所有窗有天然瓦斯房間都有窗近捷運新店區公所站近捷運小碧潭站,"1,780","1,780",無
2025_10_16 23_47_12,5,公所捷運崇光美寓,新北市新店區三民路,公寓,54.8年,建坪30.22,主30.22,2/4樓,5房(室)2廳2衛(含加蓋2房(室)--廳--衛), 格局方正、採光通風、生活機能佳 ,永慶房屋新上有天然瓦斯房間都有窗近捷運新店區公所站近捷運七張站,"1,850","1,850",無
2025_10_16 23_47_12,5,板橋車站邊間三房,新北市板橋區觀光街,公寓,46.1年,建坪29.06,主+陽29.07,3/5樓,3房(室)3廳1衛, 近板橋車站 中山國中 板新捷運 ,永慶房屋廁所有窗有天然瓦斯房間都有窗近捷運板新站近捷運板橋站,"1,598","1,598",無
2025_10_16 23_47_12,5,綠中海裝潢別墅,新北市新店區安祥路,透天厝,19.6年,建坪59.51,主+陽41.98,1~3/3樓,4房(室)2廳3衛, 免整理別墅 ,永慶房屋有天然瓦斯,"2,688","2,880萬",含車位價150萬元
2025_10_16 23_47_12,5,新青安首選來看看,新北市板橋區四川路一段,住宅大樓,11.8年,建坪17.14,主+陽10.03,10/23樓,1房(室)1廳1衛, 府中晶品 THE VIEW  ,永慶房屋廁所有窗有天然瓦斯房間都有窗近捷運府中站,"1,298","1,430萬",無
2025_10_16 23_47_12,5,低單價公寓首選,新北市新店區安和路三段,公寓,37.9年,建坪42.34,主+陽40.15,3/5樓,3房(室)2廳2衛, 採光佳、空間大 ,永慶房屋房間都有窗,"1,563","1,720萬",無
2025_10_16 23_47_12,5,兆之丘遠景樓中樓,新北市新莊區思源路,住宅大樓,11.9年,建坪103.96,主+陽53.67,21~22/22樓,4房(室)2廳3衛, 鋼骨制震，遠眺山景 ,永慶房屋廁所有窗有天然瓦斯房間都有窗近捷運新北產業園區站,"6,988","7,800萬",含車位價
2025_10_16 23_47_12,5,大坪林商圈金店面,新北市新店區民權路,廠辦,39.9年,建坪39.28,主+平31.31,1/5樓,#NAME?, 近捷運站地點佳交通便利稀有 ,永慶房屋近捷運大坪林站,"4,380","5,800萬",無
2025_10_16 23_47_12,5,德光邊間採光四房,新北市中和區德光路,公寓,47.0年,建坪26.87,主26.87,4/5樓,4房(室)2廳1.5衛, 三面採光、天然瓦斯、格局方正 ,永慶房屋有天然瓦斯房間都有窗,"1,380","1,380",無
2025_10_16 23_47_12,5,新北地王典藏豪邸,新北市板橋區縣民大道二段,住宅大樓,16.1年,建坪111.15,主+陽55.78,15/32樓,3房(室)2廳3衛, 新北連續16年地王珍藏全新未住 ,永慶房屋廁所有窗有天然瓦斯房間都有窗近捷運板橋站,"9,888","9,888",含車位價700萬元
2025_10_16 23_47_17,6,國泰格局方正3房,新北市新店區安和路二段,公寓,39.6年,建坪33.96,主+陽33.96,3/5樓,3房(室)2廳2衛, 前陽台進出，前後陽台，可裝天然 ,永慶房屋新上房間都有窗,"1,360","1,480萬",無
2025_10_16 23_47_17,6,國泰格局方正3房,新北市新店區安和路二段,公寓,39.6年,建坪33.96,主+陽33.96,3/5樓,3房(室)2廳2衛, 前陽台進出，前後陽台，可裝天然 ,永慶房屋新上房間都有窗,"1,360","1,480萬",無
2025_10_16 23_47_17,6,頂溪方正邊間四房,新北市永和區中正路,住宅大樓,38.8年,建坪43.74,主+陽37.29,5/11樓,4房(室)2廳2衛, 頂溪步行約8分鐘使用空間大 ,永慶房屋廁所有窗有天然瓦斯房間都有窗近捷運頂溪站,"2,480","2,480",無
2025_10_16 23_47_17,6,北新路幸福美寓,新北市新店區北新路一段,公寓,48.0年,建坪27.60,主27.60,4/4樓,2房(室)2廳1衛(含加蓋1房(室)--廳--衛), 正北新路門牌稀有釋出 ,永慶房屋廁所有窗有天然瓦斯近捷運新店站近捷運新店區公所站,"1,550","1,628萬",無
2025_10_16 23_47_17,6,七張捷運三房二衛,新北市新店區民族路,公寓,40.6年,建坪35.73,主+陽31.89,4/5樓,3房(室)2廳2衛, 七張捷運大三房二廳二衛 ,永慶房屋有天然瓦斯房間都有窗近捷運七張站近捷運大坪林站,"1,988","1,988",無
2025_10_16 23_47_17,6,景安高樓美妝兩房,新北市中和區復興路,住宅大樓,29.8年,建坪35.64,主+陽29.66,16/16樓,2房(室)1廳2衛, 近捷運 邊間 浴廁開窗  ,永慶房屋新上廁所有窗有天然瓦斯房間都有窗近捷運景安站,"2,198","2,198",無
2025_10_16 23_47_17,6,捷運電梯高樓美屋,新北市新店區北宜路一段,住宅大樓,23.1年,建坪32.79,主+陽25.28,10/14樓,3房(室)2廳2衛(含加蓋1房(室)--廳--衛), 進捷運站 高樓景觀 ,永慶房屋廁所有窗房間都有窗近捷運新店站,"2,430","2,430",無
2025_10_16 23_47_17,6,元氣高樓採光優,新北市中和區中山路三段,辦公商業大樓,17.4年,建坪28.21,主+陽20.71,18/19樓,2房(室)2廳1衛, 方正格，寬敞廳 ,永慶房屋有天然瓦斯房間都有窗近捷運中原站,"1,945","1,945",無
2025_10_16 23_47_17,6,未來捷運三房車位,新北市中和區員山路,住宅大樓,18.0年,建坪46.27,主+陽27.42,13/13樓,3房(室)2廳2衛, 近未來捷運站，坡道平面車位 ,永慶房屋廁所有窗有天然瓦斯房間都有窗近捷運中和高中站(施工中),"2,698","2,797萬",含車位價280萬元
2025_10_16 23_47_17,6,磐郡景觀兩房車位,新北市板橋區和平路,住宅大樓,5.2年,建坪38.41,主+陽17.67,10/12樓,2房(室)2廳1衛, 稀有高樓層露臺戶 ,永慶房屋新上廁所有窗有天然瓦斯房間都有窗,"2,498","2,498",含車位價220萬元
2025_10_16 23_47_17,6,嶄新府中電梯4房,新北市板橋區重慶路,辦公商業大樓,39.1年,建坪42.38,主+陽35.16,2/7樓,4房(室)2廳2衛, 有電梯房間都有對外窗有天然瓦斯 ,永慶房屋有天然瓦斯房間都有窗近捷運府中站,"2,280","2,380萬",無
2025_10_16 23_47_17,6,中正宏運新豐大樓,新北市新莊區中正路,住宅大樓,30.7年,建坪38.43,主+陽34.47,3/14樓,3房(室)2廳2衛, 格局方正、採光佳 ,永慶房屋有天然瓦斯房間都有窗近捷運新莊站,"1,928","2,260萬",無
2025_10_16 23_47_17,6,庭院停車透天別墅,新北市新店區安祥路,透天厝,18.9年,建坪81.33,主+陽60.56,1~4/4樓,4房(室)2廳3衛, 四層、庭院停車、邊間、平面車位 ,永慶房屋廁所有窗有天然瓦斯房間都有窗,"2,650","2,650",含車位價
2025_10_16 23_47_17,6,安靜空間大的三樓,新北市板橋區忠孝路忠義巷,公寓,49.5年,建坪20.49,主20.49,3/4樓,3房(室)2廳2衛(含加蓋--房(室)2廳1衛), 有增建 使用空間大 使用天然氣 ,永慶房屋廁所有窗有天然瓦斯,"1,198","1,298萬",無
2025_10_16 23_47_17,6,低總價電梯三房,新北市板橋區長江路一段,華廈,27.3年,建坪33.42,主+陽24.35,2/7樓,3房(室)2廳2衛, 低公設電梯大樓 生活機能完整 ,永慶房屋有天然瓦斯房間都有窗,"1,598","1,768萬",無
2025_10_16 23_47_17,6,萬安街大空間公寓,新北市新莊區萬安街,公寓,45.7年,建坪20.19,主20.19,5/5樓,5房(室)3廳2衛(含加蓋2房(室)1廳1衛), 近鴻金寶商圈，生活機能好便利 ,永慶房屋房間都有窗,"1,200","1,380萬",無
2025_10_16 23_47_17,6,板橋捷運國泰美寓,新北市板橋區金華街,公寓,48.7年,建坪25.68,主+陽25.69,4/4樓,3房(室)2廳1衛, 國泰格局、前後陽台、一巷住宅 ,永慶房屋有天然瓦斯房間都有窗,"1,080","1,250萬",無
2025_10_16 23_47_17,6,近未來永平站頂加,新北市永和區保平路,公寓,46.8年,建坪39.92,主39.92,5/5樓,5房(室)2廳3衛(含加蓋1房(室)--廳1衛), 近比漾百貨永安市場站 ,永慶房屋廁所有窗有天然瓦斯房間都有窗近捷運永和永平國小站(施工中)近捷運永安市場站,"2,198","2,330萬",無
2025_10_16 23_47_17,6,北歐瑞典潔淨三房,新北市板橋區環河西路五段,住宅大樓,3.2年,建坪44.49,主+陽21.21,6/14樓,3房(室)2廳2衛, 格局方正好規劃，明房明廳 ,永慶房屋有天然瓦斯房間都有窗,"2,580","2,688萬",含車位價250萬元
2025_10_16 23_47_17,6,得和古典裝潢一樓,新北市永和區得和路,公寓,49.1年,建坪20.29,主20.29,1/4樓,2房(室)2廳1衛, 鄰近秀朗學區生活機能佳 ,永慶房屋有天然瓦斯,"1,980","1,980",無
2025_10_16 23_47_17,6,國泰靜巷邊間公寓,新北市板橋區三民路二段,公寓,46.2年,建坪27.17,主27.17,5/5樓,5房(室)2廳2衛(含加蓋2房(室)--廳1衛), 近家樂福、興隆市場未來運動中心 ,永慶房屋有天然瓦斯房間都有窗,"1,298","1,560萬",無
2025_10_16 23_47_17,6,宏泰三房裝潢美寓,新北市新莊區後港一路,公寓,36.0年,建坪44.72,主+陽40.60,5/5樓,3房(室)2廳2衛, 近捷運站 ,永慶房屋廁所有窗有天然瓦斯房間都有窗近捷運丹鳳站,"1,450","1,650萬",無
2025_10_16 23_47_17,6,捷運邊間大空間,新北市中和區忠孝街,公寓,39.7年,建坪44.70,主+陽44.69,5/5樓,3房(室)2廳5衛(含加蓋--房(室)1廳5衛), 使用空間大 ,永慶房屋有天然瓦斯近捷運南勢角站近捷運新北捷新和國小站,"1,750","1,880萬",無
2025_10_16 23_47_17,6,綠中海前棟陽光墅,新北市新店區安祥路,透天厝,19.6年,建坪59.08,主+陽42.05,1~3/3樓,4房(室)2廳3衛, 採光佳、車位大，24小時管理。 ,永慶房屋廁所有窗有天然瓦斯房間都有窗,"2,280","2,480萬",含車位價
2025_10_16 23_47_17,6,福氣滿溢靜謐美邸,新北市土城區明德路一段,住宅大樓,29.9年,建坪38.42,主+陽+露33.08,17/17樓,3房(室)2廳2衛, 通風採光佳、高樓遠景、視野遼闊 ,永慶房屋有天然瓦斯房間都有窗近捷運LG09站(施工中),"1,728","1,888萬",無
2025_10_16 23_47_17,6,南方多功能空間,新北市中和區捷運路,辦公商業大樓,14.5年,建坪22.20,主13.09,9/19樓,--房(室)2廳1衛," 到站即到家,生活機能佳 ",永慶房屋近捷運南勢角站近捷運景安站,"1,836","1,836",無
2025_10_16 23_47_17,6,永和國小新婚電梯,新北市永和區秀朗路一段,辦公商業大樓,28.9年,建坪33.19,主+陽30.83,6/11樓,3房(室)2廳2衛, 邊間三面採光屋況佳，完整學區 ,永慶房屋廁所有窗有天然瓦斯房間都有窗近捷運永安市場站,"2,268","2,268",無
2025_10_16 23_47_17,6,專任碧瑤三房車位,新北市新莊區民安西路,華廈,28.5年,建坪47.90,主+陽+露30.75,2/8樓,3房(室)2廳2衛, 稀有露臺戶，保留前後陽台空間大 ,永慶房屋新上有天然瓦斯房間都有窗,"1,698","1,758萬",含車位價
2025_10_16 23_47_17,6,樂康鈞豐全新成屋,新北市新店區中央六街,華廈,0.4年,建坪44.25,主+陽27.77,2/6樓,2房(室)2廳2衛, 特殊二樓露台一樓平面車位 ,永慶房屋房間都有窗近捷運小碧潭站,"3,988","4,180萬",含車位價
2025_10_16 23_47_17,6,凡登兩房平面車位,新北市新莊區立信一街,住宅大樓,15.8年,建坪32.68,主+陽17.23,12/12樓,2房(室)2廳1衛, 新婚首購精選兩房前後陽台大空間 ,永慶房屋有天然瓦斯房間都有窗近捷運泰山站,"2,048","2,048",含車位價200萬元
2025_10_16 23_47_17,6,民權路廠辦大一樓,新北市新店區民權路,工廠,38.3年,建坪177.70,主+平55.79,B1~1/5樓,3房(室)1廳3衛(含加蓋--房(室)1廳3衛), 近大坪林捷運停車上下貨方便 ,永慶房屋近捷運大坪林站,"6,188","6,188",無
2025_10_16 23_47_22,7,星洲住店雙效益,新北市新莊區新泰路,住宅大樓,32.2年,建坪42.22,主+平+陽32.49,1~2/12樓,1房(室)3廳3衛(含加蓋--房(室)1廳1衛), 稀有釋出使用空間大 ,永慶房屋,"2,340","2,340",含車位價160萬元
2025_10_16 23_47_22,7,星洲住店雙效益,新北市新莊區新泰路,住宅大樓,32.2年,建坪42.22,主+平+陽32.49,1~2/12樓,1房(室)3廳3衛(含加蓋--房(室)1廳1衛), 稀有釋出使用空間大 ,永慶房屋,"2,340","2,340",含車位價160萬元
2025_10_16 23_47_22,7,中央獨戶三房平車,新北市新店區中央七街,華廈,26.7年,建坪43.87,主+陽28.77,3/5樓,3房(室)2廳2衛, 一層一戶，一樓平面車位 ,永慶房屋廁所有窗有天然瓦斯房間都有窗近捷運新北捷十四張站近捷運十四張站,"2,988","3,088萬",含車位價
2025_10_16 23_47_22,7,專任合康三房車位,新北市新莊區民安西路,住宅大樓,19.1年,建坪40.48,主+陽23.22,2/12樓,3房(室)2廳2衛, 格局方正 露臺空間好使用 ,永慶房屋新上廁所有窗有天然瓦斯房間都有窗,"1,798","1,798",含車位價200萬元
2025_10_16 23_47_22,7,捷運站旁稀有一樓,新北市新店區國校路,店面,44.7年,建坪28.63,主28.63,1/5樓,--房(室)2廳1衛(含加蓋--房(室)1廳1衛), 使用空間大 近新店捷運站   ,永慶房屋近捷運新店站,"1,580","1,850萬",無
2025_10_16 23_47_22,7,安康安民電梯鼎家,新北市新店區光華街,華廈,33.0年,建坪36.43,主+陽26.82,6/6樓,5房(室)3廳2.5衛(含加蓋2房(室)1廳1衛), 車位可抽，外梯獨立進出 ,永慶房屋有天然瓦斯房間都有窗,"1,788","2,288萬",無
2025_10_16 23_47_22,7,稀有靜巷樓中樓邸,新北市永和區福和路,公寓,31.8年,建坪50.02,主+陽50.02,4~5/5樓,5房(室)4廳4衛(含加蓋--房(室)1廳1衛), 靜活巷、年輕樓中樓公寓 ,永慶房屋廁所有窗有天然瓦斯房間都有窗近捷運頂溪站,"2,880","3,380萬",無
2025_10_16 23_47_22,7,花園新城電梯美墅,新北市新店區花園一路一段,透天厝,21.8年,建坪133.39,主133.39,B2~3/3樓,7房(室)4廳4衛(含加蓋3房(室)--廳--衛), 新店靜境透天 ,永慶房屋廁所有窗房間都有窗,"3,488","3,888萬",無
2025_10_16 23_47_22,7,民權路廠辦大一樓,新北市新店區民權路,工廠,38.3年,建坪177.70,主+平55.79,B1~1/5樓,3房(室)1廳3衛(含加蓋--房(室)1廳3衛), 近大坪林捷運停車上下貨方便 ,永慶房屋近捷運大坪林站,"6,188","6,188",無
2025_10_16 23_47_22,7,新店獨棟電梯別墅,新北市新店區安祥路,透天厝,16.1年,建坪156.14,主+陽156.14,B1~4/4樓,8房(室)5廳5衛(含加蓋3房(室)1廳1衛), 自家電梯通車庫，獨院明亮私領域 ,永慶房屋廁所有窗有天然瓦斯房間都有窗,"7,688","7,688",無
2025_10_16 23_47_22,7,四維裝潢極品三樓,新北市新莊區四維路,公寓,48.0年,建坪22.89,主22.89,3/4樓,3房(室)2廳2衛, 雙衛浴廁所開窗、裝潢免大整理 ,永慶房屋廁所有窗近捷運丹鳳站,980,980,無
2025_10_16 23_47_22,7,遠陽芝聲家傳兩房,新北市板橋區華東街,住宅大樓,9.7年,建坪35.73,主+陽19.79,22/24樓,2房(室)2廳1衛, 景觀裝潢平面車位 ,永慶房屋有天然瓦斯房間都有窗近捷運亞東醫院站,"2,960","3,380萬",含車位價280萬元
2025_10_16 23_47_22,7,大美雙捷邊間三房,新北市板橋區華江九路,住宅大樓,5.4年,建坪45.37,主+陽19.00,9/17樓,3房(室)2廳1衛, 挑高三米六美式鄉村風 ,永慶房屋有天然瓦斯房間都有窗近捷運江子翠站近捷運新埔民生站,"2,789","3,150萬",含車位價250萬元
2025_10_16 23_47_22,7,新民安讚溫馨兩房,新北市新莊區民安西路,住宅大樓,6.8年,建坪23.58,主+陽15.92,4/15樓,2房(室)2廳1衛, 屋齡新 房間開窗靜巷住宅 ,永慶房屋新上有天然瓦斯房間都有窗,"1,398","1,398",無
2025_10_16 23_47_22,7,頂溪捷運和平公寓,新北市永和區和平街,公寓,45.4年,建坪27.13,主27.13,4/5樓,3房(室)2廳1衛, 捷運6分鐘、次高樓、格局方正 ,永慶房屋有天然瓦斯近捷運頂溪站,"1,798","2,380萬",無
2025_10_16 23_47_22,7,環球稀有邊間頂加,新北市中和區民享街,公寓,37.1年,建坪31.56,主+陽31.56,5/5樓,7房(室)2廳4衛(含加蓋4房(室)--廳2衛), 空間大好利用、邊間採光通風佳 ,永慶房屋新上廁所有窗房間都有窗近捷運莒光站(施工中),"1,198","1,198",無
2025_10_16 23_47_22,7,懷德街邊間三房,新北市板橋區懷德街,公寓,45.9年,建坪30.56,主30.56,5/5樓,4房(室)3廳2衛(含加蓋1房(室)1廳1衛), 邊間採光，商圈完善 ,永慶房屋廁所有窗房間都有窗近捷運江子翠站,"1,400","1,400",無
2025_10_16 23_47_22,7,香格里拉高樓三房,新北市土城區學府路一段,住宅大樓,32.1年,建坪34.21,主+陽29.11,12/14樓,3房(室)2廳2衛, 內棟高樓層有景觀 採光佳 ,永慶房屋新上有天然瓦斯房間都有窗近捷運LG10站(施工中)近捷運海山站,"1,980","1,980",無
2025_10_16 23_47_22,7,極景虹區景觀三房,新北市新店區北新路二段,住宅大樓,30.0年,建坪43.36,主+陽28.74,16/16樓,3房(室)2廳2衛, 近七張捷運站 ,永慶房屋廁所有窗有天然瓦斯房間都有窗近捷運七張站近捷運大坪林站,"2,800","2,998萬",含車位價
2025_10_16 23_47_22,7,美到冒泡遠景華廈,新北市中和區華順街,華廈,35.9年,建坪53.22,主+陽46.97,6/7樓,4房(室)2廳2衛, 大四房 景觀 屋況極佳  ,永慶房屋廁所有窗房間都有窗近捷運莒光站(施工中),"2,598","2,880萬",無
2025_10_16 23_47_22,7,江翠景觀兩房平車,新北市板橋區環河西路四段,住宅大樓,1.5年,建坪42.33,主+陽19.05,11/19樓,2房(室)2廳2衛, 高樓景觀，萬年河景 ,永慶房屋廁所有窗有天然瓦斯房間都有窗,"2,768","2,880萬",含車位價270萬元
2025_10_16 23_47_22,7,勝旺有境二房平車,新北市新店區安光路,住宅大樓,8.5年,建坪41.72,主+陽22.00,9/21樓,2房(室)2廳1衛, 屋況佳採光視野佳名人為鄰 ,永慶房屋新上有天然瓦斯房間都有窗,"2,280","2,280",含車位價220萬元
2025_10_16 23_47_22,7,橋峰 誰與爭峰,新北市板橋區中山路一段,住宅大樓,14.8年,建坪146.32,主+陽84.71,28~29/31樓,4房(室)3廳4衛, 新板特區指標社區 大陸工程鑄造 ,永慶房屋廁所有窗有天然瓦斯房間都有窗近捷運板橋站近捷運板新站,"14,600","16,228萬",含車位價
2025_10_16 23_47_22,7,南角捷運方正公寓,新北市中和區景平路,公寓,45.9年,建坪27.90,主27.90,4/5樓,3房(室)2廳1衛, 南勢角捷運站步行約3分鐘。 ,永慶房屋廁所有窗有天然瓦斯房間都有窗近捷運南勢角站近捷運景安站,"1,458","1,558萬",無
2025_10_16 23_47_22,7,三街頂樓三房車位,新北市新店區中央三街,華廈,26.0年,建坪45.11,主+陽31.55,7/7樓,3房(室)1廳2衛, 稀有頂樓戶邊間四面採光一流 ,永慶房屋廁所有窗有天然瓦斯房間都有窗近捷運小碧潭站,"3,380","3,600萬",含車位價
2025_10_16 23_47_22,7,四季裝潢高頂車位,新北市中和區中山路三段,辦公商業大樓,17.0年,建坪18.70,主+陽8.84,6/14樓,1房(室)1廳1衛, 屋況好、採光佳 ,永慶房屋,"1,128","1,128",含車位價100萬元
2025_10_16 23_47_22,7,小碧潭六房車位,新北市新店區中央三街,華廈,26.0年,建坪84.73,主+陽63.11,6~7/7樓,6房(室)2廳4衛, 有景觀適合大家庭邊間採光 ,永慶房屋廁所有窗有天然瓦斯房間都有窗近捷運小碧潭站,"6,360","6,760萬",含車位價
2025_10_16 23_47_22,7,漢慶裝潢邊間名廈,新北市新莊區新泰路,住宅大樓,32.1年,建坪38.24,主+陽33.77,2/12樓,2房(室)2廳2衛, 前後陽台保留三改二房雙衛浴開窗 ,永慶房屋廁所有窗,"1,980","2,088萬",無
2025_10_16 23_47_22,7,土城學區邊間三房,新北市土城區興城路,公寓,37.7年,建坪33.71,主+陽30.96,5/5樓,3房(室)2廳2衛, 通風採光明亮 ,永慶房屋廁所有窗有天然瓦斯房間都有窗近捷運土城站近捷運LG11站(施工中),"1,380","1,380",無
2025_10_16 23_47_22,7,捷運花園裝潢三房,新北市新莊區中正路,住宅大樓,9.4年,建坪35.67,主+陽22.41,5/15樓,3房(室)2廳2衛, 社區稀有戶型釋出近捷運裝潢美屋 ,永慶房屋新上有天然瓦斯房間都有窗近捷運丹鳳站近捷運泰山貴和站,"1,998","1,998",無
2025_10_16 23_47_22,7,面央北公園大三房,新北市新店區中央路,住宅大樓,30.8年,建坪38.28,主+陽35.25,9/13樓,3房(室)2廳2衛, 近小碧潭捷運美食一條街住戶單純 ,永慶房屋新上有天然瓦斯房間都有窗近捷運小碧潭站,"2,780","2,780",無
2025_10_16 23_47_26,8,樂華黃金兩室車位,新北市永和區中山路一段,辦公商業大樓,25.4年,建坪29.47,主+陽19.12,4/12樓,2房(室)2廳1衛, 永和市中心、頂上交通機能 ,永慶房屋新上近捷運永和永平國小站(施工中)近捷運頂溪站,"2,180","2,180",含車位價180萬元
2025_10_16 23_47_26,8,樂華黃金兩室車位,新北市永和區中山路一段,辦公商業大樓,25.4年,建坪29.47,主+陽19.12,4/12樓,2房(室)2廳1衛, 永和市中心、頂上交通機能 ,永慶房屋新上近捷運永和永平國小站(施工中)近捷運頂溪站,"2,180","2,180",含車位價180萬元
2025_10_16 23_47_26,8,近市場創業做頭家,新北市板橋區民享街,公寓,50.4年,建坪10.73,主+平10.72,1/4樓,--房(室)1廳1衛(含加蓋--房(室)--廳1衛), 周遭住戶多、機能完善 ,永慶房屋近捷運板新站,"1,380","1,450萬",無
2025_10_16 23_47_26,8,江翠景觀三房平車,新北市板橋區環河西路四段,住宅大樓,1.5年,建坪52.09,主+陽25.18,16/19樓,3房(室)2廳2衛, 方正格局，高樓景觀 ,永慶房屋廁所有窗有天然瓦斯房間都有窗,"3,486","3,688萬",含車位價
2025_10_16 23_47_26,8,永鼎捷運三房車,新北市土城區中央路四段,住宅大樓,10.5年,建坪48.59,主+陽24.19,4/13樓,3房(室)2廳2衛, 捷運站正出口，屋齡新，格局方正 ,永慶房屋新上廁所有窗有天然瓦斯房間都有窗近捷運頂埔站(施工中)近捷運頂埔站,"2,750","2,750",含車位價200萬元
2025_10_16 23_47_26,8,碧波白稀有二房,新北市新店區北新路一段,住宅大樓,5.9年,建坪24.25,主+陽16.24,5/30樓,2房(室)2廳1衛, 鋼骨大樓 屋況佳 ,永慶房屋有天然瓦斯房間都有窗近捷運新店站,"2,062","2,135萬",無
2025_10_16 23_47_26,8,捷運花園裝潢三房,新北市新莊區中正路,住宅大樓,9.4年,建坪35.67,主+陽22.41,5/15樓,3房(室)2廳2衛, 社區稀有戶型釋出近捷運裝潢美屋 ,永慶房屋新上有天然瓦斯房間都有窗近捷運丹鳳站近捷運泰山貴和站,"1,998","1,998",無
2025_10_16 23_47_26,8,景安捷運方正兩房,新北市中和區景平路,住宅大樓,28.1年,建坪22.36,主+陽15.54,15/16樓,2房(室)2廳1衛, 近景安捷運站天然瓦斯兩房 ,永慶房屋新上近捷運景安站,"1,698","1,698",無
2025_10_16 23_47_26,8,棟樑純辦有水線,新北市新店區北新路一段,辦公商業大樓,25.7年,建坪50.39,主+陽33.44,8/14樓,#NAME?, 玻璃帷幕純辦公24H管理有車位 ,永慶房屋新上近捷運新店站近捷運新店區公所站,"2,580","2,580",含車位價120萬元
2025_10_16 23_47_26,8,重劃日月光旁店面,新北市土城區學府路二段,店面,3.7年,建坪42.06,主+陽28.26,1/13樓,--房(室)2廳1衛, 屋新使用空間大增值淺力強 ,永慶房屋正面大馬路近捷運土城站近捷運LG11站(施工中),"4,418","4,628萬",無
2025_10_16 23_47_26,8,宏泰邊間採光三房,新北市土城區金城路三段,住宅大樓,30.0年,建坪30.78,主+陽26.27,3/14樓,3房(室)2廳2衛, 方正格局大三房好規劃、低公設 ,永慶房屋新上有天然瓦斯房間都有窗近捷運LG09站(施工中),"1,598","1,598",無
2025_10_16 23_47_26,8,碧潭小資首選美居,新北市新店區永業路,公寓,44.8年,建坪25.82,主25.82,4/5樓,2房(室)2廳1衛,  屋況好，格局方，社區安靜不吵 ,永慶房屋房間都有窗,798,888萬,無
2025_10_16 23_47_26,8,福田大戶高樓四房,新北市新莊區中華路二段,華廈,34.2年,建坪54.65,主+陽36.75,10/10樓,4房(室)3廳3衛(含加蓋2房(室)1廳1衛), 鄰近昌隆學區、幸福捷運 ,永慶房屋有天然瓦斯近捷運幸福站,"3,780","4,388萬",無
2025_10_16 23_47_26,8,國泰格局裝潢美寓,新北市新莊區景德路,公寓,36.4年,建坪35.17,主+陽31.49,4/5樓,3房(室)2廳2衛, 方正格局、前後陽台、全新裝潢 ,永慶房屋新上有天然瓦斯房間都有窗近捷運新莊站,"1,650","1,750萬",無
2025_10_16 23_47_26,8,四代同堂方正大戶,新北市土城區中央路二段,公寓,39.2年,建坪35.99,主+陽35.99,5/5樓,7房(室)4廳4衛(含加蓋4房(室)2廳2衛), 格局方正空間使用坪效大 ,永慶房屋新上廁所有窗房間都有窗近捷運土城站近捷運LG11站(施工中),"1,438","1,438",無
2025_10_16 23_47_26,8,忠孝精美方正三樓,新北市中和區忠孝街,公寓,40.5年,建坪28.84,主+陽28.84,3/5樓,3房(室)2廳2衛(含加蓋--房(室)--廳0.5衛), 屋況佳、近捷運、生活機能好 ,永慶房屋廁所有窗有天然瓦斯近捷運南勢角站近捷運新北捷新和國小站,"1,450","1,450",無
2025_10_16 23_47_26,8,萬大莒光學區二樓,新北市中和區莒光路,公寓,46.9年,建坪24.91,主24.91,2/5樓,--房(室)1廳1衛, 低樓層、格局可自行規劃 ,永慶房屋廁所有窗有天然瓦斯,"1,288","1,388萬",無
2025_10_16 23_47_26,8,專任首購小資兩房,新北市新莊區復興路二段,住宅大樓,29.6年,建坪16.92,主+陽12.49,13/13樓,2房(室)1廳1衛, 方正格局，首購首選，高樓遠景 ,永慶房屋新上有天然瓦斯房間都有窗近捷運幸福站近捷運頭前庄站,"1,168","1,298萬",無
2025_10_16 23_47_26,8,重劃光韻華廈大樓,新北市土城區中央路二段,其他,3.9年,建坪98.50,主+陽48.22,7/9樓,4房(室)2廳2衛, 下樓即市中心知名商場大空間 ,永慶房屋新上廁所有窗有天然瓦斯房間都有窗近捷運海山站,"4,180","4,180",含車位價500萬元
2025_10_16 23_47_26,8,復興人潮金店面,新北市中和區復興路,店面,42.3年,建坪31.56,主+平+陽31.57,1~2/5樓,--房(室)2廳2衛(含加蓋--房(室)--廳2衛), 低總價店面 ,永慶房屋新上正面大馬路出租中近捷運景安站,"2,380","2,500萬",無
2025_10_16 23_47_26,8,重劃晴境邊間大樓,新北市土城區中央路二段,廠辦,3.9年,建坪98.50,主+陽48.22,7/9樓,4房(室)2廳2衛, 下樓即市中心知名商場大空間 ,永慶房屋新上廁所有窗有天然瓦斯房間都有窗近捷運海山站,"4,180","4,180",含車位價500萬元
2025_10_16 23_47_26,8,雙橡全新頂樓三房,新北市新莊區昌德街,住宅大樓,0.6年,建坪39.49,主+陽20.69,15/15樓,3房(室)2廳2衛, 捷運公園百貨散步就抵達 ,永慶房屋新上房間都有窗近捷運幸福站近捷運新北產業園區站,"2,588","2,588",含車位價280萬元
2025_10_16 23_47_26,8,綠中海景觀大別墅,新北市新店區安祥路,透天厝,18.9年,建坪73.70,主+陽50.14,1~3/3樓,5房(室)2廳3衛, 有裝潢屋況很好，東南向明亮陽光 ,永慶房屋新上廁所有窗有天然瓦斯房間都有窗,"2,708","2,880萬",含車位價140萬元
2025_10_16 23_47_26,8,捷運宏普高樓遠景,新北市新莊區中信街,辦公商業大樓,8.0年,建坪36.40,主+陽15.25,23/24樓,1房(室)1廳1衛(含加蓋--房(室)--廳1衛), 高樓層景觀佳近捷運 ,永慶房屋新上近捷運新莊副都心站,"1,998","1,998",含車位價250萬元
2025_10_16 23_47_26,8,遠雄九五高樓景觀,新北市新莊區新北大道三段,辦公商業大樓,7.6年,建坪171.34,主+陽79.60,20/42樓,4房(室)2廳5衛, 副都心地標建案近百貨公園學校 ,永慶房屋新上廁所有窗有天然瓦斯房間都有窗近捷運新莊副都心站近捷運新北產業園區站,"10,988","10,988",含車位價1000萬元
2025_10_16 23_47_26,8,海山全新好住好租,新北市土城區明德路二段,公寓,46.6年,建坪21.64,主21.64,4/4樓,4房(室)2廳3衛(含加蓋1房(室)--廳1衛), 室內全部有窗、近海山站 ,永慶房屋廁所有窗有天然瓦斯房間都有窗近捷運海山站,"1,399","1,488萬",無
2025_10_16 23_47_26,8,碧潭麗水邊間美屋,新北市新店區新烏路一段,透天厝,30.4年,建坪59.48,主+平+陽55.82,B1~2/2樓,4房(室)2廳2衛(含加蓋1房(室)2廳1衛), 近捷運別墅，屋況良好 ,永慶房屋廁所有窗房間都有窗,"3,168","3,168",無
2025_10_16 23_47_26,8,麗寶質感裝潢三房,新北市新莊區中正路,住宅大樓,11.3年,建坪39.53,主+陽27.07,5/13樓,3房(室)2廳2衛, 房間廁所皆開窗，百萬裝潢免整理 ,永慶房屋新上廁所有窗有天然瓦斯房間都有窗近捷運丹鳳站,"2,498","2,498",無
2025_10_16 23_47_26,8,民本首購溫馨宅,新北市新莊區民本街,公寓,45.0年,建坪23.02,主23.02,4/5樓,2房(室)2廳1衛," 格局方正,水電管線已更新 ",永慶房屋廁所有窗有天然瓦斯房間都有窗,918,918,無
2025_10_16 23_47_26,8,國慶停車美妝一樓,新北市板橋區國慶路,店面,43.9年,建坪21.83,主+平21.83,1/5樓,3房(室)2廳3衛(含加蓋--房(室)--廳3衛), 百萬裝潢、門前六米可停車 ,永慶房屋有天然瓦斯,"2,080","2,480萬",無
2025_10_16 23_47_26,8,中正國小邊間美寓,新北市新店區平等街,公寓,46.6年,建坪32.80,主+陽32.80,4/5樓,3房(室)2廳1衛, 邊間採光、前後陽台、近安華公園 ,永慶房屋廁所有窗有天然瓦斯近捷運小碧潭站,"1,498","1,680萬",無
2025_10_16 23_47_29,9,三民路樹海美寓,新北市新店區三民路,公寓,44.6年,建坪33.32,主+陽33.31,5/5樓,5房(室)4廳3衛(含加蓋2房(室)2廳1衛), 生活機能佳 ,永慶房屋新上有天然瓦斯房間都有窗近捷運小碧潭站近捷運新店區公所站,"1,798","1,798",無
2025_10_16 23_47_29,9,三民路樹海美寓,新北市新店區三民路,公寓,44.6年,建坪33.32,主+陽33.31,5/5樓,5房(室)4廳3衛(含加蓋2房(室)2廳1衛), 生活機能佳 ,永慶房屋新上有天然瓦斯房間都有窗近捷運小碧潭站近捷運新店區公所站,"1,798","1,798",無
2025_10_16 23_47_29,9,泰隆捷運三房車,新北市土城區中央路四段,住宅大樓,26.4年,建坪40.18,主+陽22.24,5/18樓,3房(室)2廳2衛, 捷運到站即到家，泰隆建設品質佳 ,永慶房屋新上有天然瓦斯房間都有窗近捷運頂埔站(施工中)近捷運頂埔站,"1,880","1,880",含車位價220萬元
2025_10_16 23_47_29,9,民本首購溫馨宅,新北市新莊區民本街,公寓,45.0年,建坪23.02,主23.02,4/5樓,2房(室)2廳1衛," 格局方正,水電管線已更新 ",永慶房屋廁所有窗有天然瓦斯房間都有窗,918,918,無
2025_10_16 23_47_29,9,遠雄錸儷三房雙車,新北市中和區中原街,住宅大樓,8.9年,建坪86.19,主+陽44.76,4/23樓,3房(室)2廳2衛, 近中原捷運站完全光復學區 ,永慶房屋廁所有窗有天然瓦斯房間都有窗近捷運中原站,"5,188","5,188",含車位價520萬元
2025_10_16 23_47_29,9,18年綠制震別墅,新北市土城區明德路一段,透天厝,18.1年,建坪119.72,主+陽119.72,B1~4/4樓,4房(室)3廳4衛, 屋齡新透天別墅使用空間大可停車 ,永慶房屋廁所有窗有天然瓦斯房間都有窗,"4,980","4,980",無
2025_10_16 23_47_29,9,新泰近公園美寓,新北市新莊區新泰路,公寓,38.3年,建坪31.10,主+陽27.82,5/5樓,3房(室)2廳2衛, 機能便利近公園學區 ,永慶房屋房間都有窗近捷運新莊站,"1,288","1,288",無
2025_10_16 23_47_29,9,綠樹景觀捷運三房,新北市新店區文化路,公寓,44.2年,建坪32.97,主+陽32.96,5/5樓,3房(室)2廳2衛, 鄰近大坪林裕隆城生活圈機能便利 ,永慶房屋有天然瓦斯近捷運大坪林站,"1,680","1,680",無
2025_10_16 23_47_29,9,中興邊間雙衛美寓,新北市中和區中興街,公寓,41.9年,建坪30.72,主+陽30.72,4/5樓,3房(室)2廳2衛, 採光好、前後陽台保留、雙衛浴 ,永慶房屋新上有天然瓦斯房間都有窗近捷運景安站,"1,398","1,398",無
2025_10_16 23_47_29,9,前後陽台邊間貳樓,新北市中和區民治街,公寓,48.7年,建坪20.59,主20.59,2/4樓,3房(室)2廳2衛, 近環球購物中心、活巷條件佳 ,永慶房屋新上廁所有窗有天然瓦斯房間都有窗,"1,398","1,398",無
2025_10_16 23_47_29,9,頂溪公園大空間,新北市永和區保安路,公寓,40.4年,建坪26.59,主+陽26.59,5/5樓,4房(室)3廳2衛(含加蓋2房(室)--廳1衛), 格局方正大空間好規劃 ,永慶房屋廁所有窗有天然瓦斯房間都有窗近捷運頂溪站近捷運永和永平國小站(施工中),"1,580","1,768萬",無
2025_10_16 23_47_29,9,稀有邊間三樓美寓,新北市中和區連城路,公寓,46.1年,建坪30.55,主30.55,3/5樓,3房(室)2廳1衛, 近安邦公園週邊生活機能佳 ,永慶房屋廁所有窗有天然瓦斯房間都有窗近捷運連城錦和站(施工中)近捷運中和站(施工中),"1,488","1,488",無
2025_10_16 23_47_29,9,中原福美公園採光,新北市新莊區中原東路,住宅大樓,12.8年,建坪89.86,主+陽41.03,5/19樓,4房(室)2廳2衛, 正中原東路臨公園三面採光廁開窗 ,永慶房屋廁所有窗有天然瓦斯房間都有窗近捷運幸福站近捷運新北產業園區站,"4,390","4,390",含車位價500萬元
2025_10_16 23_47_29,9,景安美妝高樓車,新北市中和區中興街,華廈,7.4年,建坪27.42,主+陽14.06,6/7樓,2房(室)2廳1衛(含加蓋1房(室)--廳--衛), 進捷運免整理拎包入住 ,永慶房屋新上近捷運景安站,"1,950","1,950",含車位價
2025_10_16 23_47_29,9,四號公園邊間2樓,新北市永和區民治街,公寓,55.0年,建坪27.85,主+陽27.85,2/4樓,2房(室)3廳1衛, 邊間採光佳、室內使用空間大 ,永慶房屋有天然瓦斯房間都有窗近捷運景平站,"1,558","1,558",無
2025_10_16 23_47_29,9,府中捷運邊間小品,新北市板橋區南雅東路,辦公商業大樓,27.9年,建坪28.91,主20.10,5/11樓,2房(室)1廳1衛, 低總價電梯、邊間通風採光佳 ,永慶房屋廁所有窗房間都有窗近捷運府中站,"1,648","1,648",無
2025_10_16 23_47_29,9,敦美極致雅苑,新北市板橋區國慶路,住宅大樓,13.0年,建坪69.69,主+陽31.49,2/15樓,3房(室)3廳3衛, 方正格局、原始四房格局，雙車位 ,永慶房屋廁所有窗有天然瓦斯房間都有窗,"3,598","3,598",含車位價
2025_10_16 23_47_29,9,捷運景觀三房雙車,新北市新莊區新北大道三段,住宅大樓,11.1年,建坪86.07,主+陽40.34,21/25樓,3房(室)2廳2衛, 少見前後陽台3房雙車位純住家 ,永慶房屋廁所有窗有天然瓦斯房間都有窗近捷運新北產業園區站,"4,330","4,330",含車位價480萬元
2025_10_16 23_47_29,9,新店新都心三房讚,新北市新店區中正路,住宅大樓,26.2年,建坪36.60,主+陽20.08,6~7/13樓,3房(室)1廳1.5衛, 大坪林十四張機能方便 ,永慶房屋有天然瓦斯房間都有窗近捷運景美站,"1,618","1,668萬",含車位價
2025_10_16 23_47_29,9,智匯總部挑高辦公,新北市新莊區福慧路,工廠,0.8年,建坪118.46,主60.45,4/17樓,--房(室)1廳--衛, 有卸貨碼頭獨特設計上下貨櫃方便 ,永慶房屋近捷運新北產業園區站,"6,990","6,990",含車位價470萬元
2025_10_16 23_47_29,9,大豐國小大戶美寓,新北市新店區民族路,公寓,48.3年,建坪64.37,主64.37,3/4樓,5房(室)2廳2衛, 精緻裝潢、兩戶打通 ,永慶房屋新上廁所有窗有天然瓦斯房間都有窗近捷運七張站,"3,988","3,988",無
2025_10_16 23_47_29,9,豪華裝修樓中樓,新北市新店區玫瑰路,公寓,35.9年,建坪49.84,主+平+陽45.42,B1~2/5樓,4房(室)2廳3衛, 一樓住宅，有前後院，社區停車便 ,永慶房屋有天然瓦斯房間都有窗,"1,860","1,860",無
2025_10_16 23_47_29,9,中正首購黃金三樓,新北市新店區中正路,公寓,51.5年,建坪29.49,主+陽29.49,3/4樓,3房(室)2廳1.5衛(含加蓋--房(室)--廳0.5衛), 屋況採光佳、免爬高、天然瓦斯 ,永慶房屋新上廁所有窗有天然瓦斯房間都有窗近捷運七張站,"1,628","1,628",無
2025_10_16 23_47_29,9,合陽天擎綠景3房,新北市新店區安光路,住宅大樓,7.0年,建坪49.13,主+陽27.00,5/24樓,3房(室)2廳2衛, 三房2衛廁所有對外窗，車位好停 ,永慶房屋新上廁所有窗有天然瓦斯房間都有窗,"2,970","2,970",含車位價230萬元
2025_10_16 23_47_29,9,一層一戶三房車位,新北市新店區大豐路,華廈,20.4年,建坪47.86,主+陽26.31,4/10樓,3房(室)2廳2衛, 一層一戶 ,永慶房屋新上廁所有窗有天然瓦斯房間都有窗近捷運大坪林站,"3,699","3,699",含車位價200萬元
2025_10_16 23_47_29,9,中信邊間三代同堂,新北市新莊區中信街,公寓,39.8年,建坪30.74,主+陽30.74,4/5樓,3房(室)2廳2衛, 雙衛浴開窗 ,永慶房屋廁所有窗房間都有窗,"1,350","1,350",無
2025_10_16 23_47_29,9,學府公寓大空間,新北市土城區學府路一段,公寓,40.0年,建坪35.82,主+陽32.22,4/5樓,3房(室)2廳2衛, 使用空間大，天然瓦斯，房間皆有 ,永慶房屋有天然瓦斯房間都有窗近捷運LG10站(施工中),"1,399","1,399",無
2025_10_16 23_47_29,9,環球商圈活巷頂佳,新北市中和區民享街,公寓,48.8年,建坪25.80,主25.80,4/4樓,5房(室)2廳5衛(含加蓋2房(室)--廳2衛), 近民享公園、市場、環球購物中心 ,永慶房屋新上,"1,498","1,498",無
2025_10_16 23_47_29,9,富安名門方正四房,新北市新莊區萬安街,華廈,19.2年,建坪46.35,主+陽33.45,4/7樓,4房(室)2廳2衛, 一層兩戶、出入單純 ,永慶房屋廁所有窗有天然瓦斯房間都有窗近捷運丹鳳站,"2,398","2,480萬",無
2025_10_16 23_47_29,9,環河公園華廈三房,新北市板橋區南雅西路二段,華廈,33.8年,建坪38.90,主+陽35.16,2/5樓,3房(室)2廳2衛, 邊間採光佳、巷口就有7-11 ,永慶房屋廁所有窗有天然瓦斯房間都有窗,"1,980","1,980",無
2025_10_16 23_47_29,9,風華暖心雅居,新北市新店區安成街,住宅大樓,11.3年,建坪33.59,主+陽18.27,8/15樓,2房(室)2廳1衛, 採光佳，中高樓層，格局方正 ,永慶房屋新上有天然瓦斯房間都有窗,"1,988","1,988",含車位價220萬元
2025_10_16 23_47_36,10,景新大空間好五樓,新北市中和區景平路,公寓,38.4年,建坪35.10,主+陽32.35,5/5樓,5房(室)3廳3衛(含加蓋2房(室)1廳1衛), 使用實在、近捷運學校公園機能佳 ,永慶房屋有天然瓦斯房間都有窗近捷運景平站近捷運南勢角站,"1,660","1,980萬",無
2025_10_16 23_47_36,10,景新大空間好五樓,新北市中和區景平路,公寓,38.4年,建坪35.10,主+陽32.35,5/5樓,5房(室)3廳3衛(含加蓋2房(室)1廳1衛), 使用實在、近捷運學校公園機能佳 ,永慶房屋有天然瓦斯房間都有窗近捷運景平站近捷運南勢角站,"1,660","1,980萬",無
2025_10_16 23_47_36,10,七張民族裝潢美屋,新北市新店區民族路,公寓,40.7年,建坪35.73,主+陽31.89,3/5樓,4房(室)2廳2衛, 生活便利、近黃昏市場 ,永慶房屋新上有天然瓦斯房間都有窗近捷運七張站近捷運大坪林站,"1,988","2,380萬",無
2025_10_16 23_47_36,10,元氣高樓視野佳,新北市中和區中山路三段,辦公商業大樓,17.4年,建坪37.33,主+陽27.50,10/19樓,3房(室)2廳2衛, 四戶雙梯 方正格局 邊間採光佳 ,永慶房屋新上廁所有窗房間都有窗近捷運中原站,"2,198","2,198",無
2025_10_16 23_47_36,10,雙捷溫馨兩房平車,新北市中和區景新街,住宅大樓,3.6年,建坪34.14,主+陽17.53,14/36樓,2房(室)2廳1衛, 雙捷運交會處 屋況好可入住 ,永慶房屋有天然瓦斯房間都有窗近捷運南勢角站近捷運景平站,"2,368","2,488萬",含車位價285萬元
2025_10_16 23_47_36,10,中和美宅電梯三房,新北市中和區中山路三段,華廈,28.3年,建坪27.24,主+陽24.26,6/6樓,3房(室)2廳2衛(含加蓋--房(室)--廳1衛), 低公設比、電梯華廈、一層兩戶 ,永慶房屋廁所有窗房間都有窗,"1,438","1,488萬",無
2025_10_16 23_47_36,10,成德稀有優質店面,新北市新莊區成德街,店面,47.0年,建坪23.20,主23.20,1/4樓,2房(室)1廳1衛(含加蓋--房(室)--廳1衛), 四維商圈，生活機能佳 ,永慶房屋新上正面大馬路出租中,"2,580","2,580",無
2025_10_16 23_47_36,10,喜砌精裝露台戶,新北市深坑區北深路二段,住宅大樓,6.7年,建坪32.66,主+陽16.43,2/11樓,2房(室)2廳1衛, 大露台 平面車位 即可入住 ,永慶房屋新上廁所有窗有天然瓦斯房間都有窗,"1,960","1,960",含車位價200萬元
2025_10_16 23_47_36,10,精美裝潢雪梨,新北市新莊區新樹路,辦公商業大樓,18.7年,建坪32.29,主+陽23.97,11/15樓,3房(室)2廳2衛, 格局方正拎包入住 ,永慶房屋有天然瓦斯房間都有窗,"1,598","1,598",無
2025_10_16 23_47_36,10,頭前福美新世紀,新北市新莊區頭興街,住宅大樓,10.5年,建坪49.68,主+陽25.34,9/18樓,3房(室)2廳2衛, 邊間前後陽台廁所開窗 ,永慶房屋新上廁所有窗有天然瓦斯房間都有窗近捷運幸福站近捷運新北產業園區站,"3,180","3,180",含車位價230萬元
2025_10_16 23_47_36,10,捷運丹鳳首購套房,新北市新莊區鳳山街,套房,25.3年,建坪12.82,主+陽9.30,8/14樓,1房(室)1廳1衛, 磁卡分棟管理 收租自住兩相宜 ,永慶房屋新上有天然瓦斯近捷運迴龍站近捷運LG21站(施工中),688,688,無
2025_10_16 23_47_36,10,捷運K7三房美寓,新北市新店區安和路二段,公寓,37.7年,建坪39.88,主+陽39.89,3/5樓,3房(室)2廳2衛, 邊間、機能方便、近輕軌K7站 ,永慶房屋廁所有窗,"1,488","1,680萬",無
2025_10_16 23_47_36,10,南方之星質感臻品,新北市中和區捷運路,辦公商業大樓,14.5年,建坪22.20,主13.09,5/19樓,--房(室)2廳1衛, 到站即到家、捷運4號出口 ,永慶房屋新上房間都有窗近捷運南勢角站近捷運景安站,"1,836","1,836",無
2025_10_16 23_47_36,10,園上園鋼骨兩房,新北市新店區中興路二段,住宅大樓,16.3年,建坪23.14,主+陽16.74,18/26樓,2房(室)2廳1衛, 近裕隆城 ,永慶房屋近捷運七張站,"2,168","2,168",無
2025_10_16 23_47_36,10,極景藍區溫馨三房,新北市新店區北新路二段,住宅大樓,29.3年,建坪47.57,主+陽32.33,16/28樓,3房(室)2廳2衛, 近七張捷運站、家樂福、裕隆城 ,永慶房屋有天然瓦斯房間都有窗近捷運七張站近捷運大坪林站,"3,488","3,488",含車位價
2025_10_16 23_47_36,10,獨家河景兩房平車,新北市新店區溪園路,住宅大樓,21.9年,建坪33.14,主+陽17.90,5/14樓,2房(室)1廳1衛, 正面河景，天然瓦斯，獨立陽台 ,永慶房屋有天然瓦斯房間都有窗近捷運新北捷新和國小站近捷運新北捷十四張站,"2,000","2,168萬",含車位價250萬元
2025_10_16 23_47_36,10,七張捷運賦靜二樓,新北市新店區永華街,公寓,45.0年,建坪31.21,主+陽31.20,2/5樓,3房(室)2廳2衛, 七張2號出口旁近百貨賣場 ,永慶房屋有天然瓦斯房間都有窗近捷運七張站近捷運大坪林站,"2,028","2,168萬",無
2025_10_16 23_47_36,10,好事連連挑高金店,新北市土城區明德路一段,店面,2.1年,建坪48.82,主+陽26.70,1/14樓,--房(室)1廳1衛, 格局方正，空間好規劃 ,永慶房屋正面大馬路近捷運LG10站(施工中),"5,158","5,600萬",含車位價
2025_10_16 23_47_36,10,輕鬆入手公寓三樓,新北市新店區五峰路,公寓,41.4年,建坪28.30,主+陽28.31,3/5樓,3房(室)2廳2衛, 靜巷、近捷運 ,永慶房屋房間都有窗近捷運新店區公所站,"1,298","1,388萬",無
2025_10_16 23_47_36,10,安和國小裝潢三房,新北市土城區延和路,華廈,31.5年,建坪32.64,主+陽+露28.35,5/10樓,3房(室)2廳2衛, 拋光大理石磚，格局方正，採光佳 ,永慶房屋新上有天然瓦斯房間都有窗近捷運LG09站(施工中),"1,880","1,980萬",無
2025_10_16 23_47_36,10,全新挑高金店面,新北市土城區明德路一段,店面,2.1年,建坪49.05,主+陽26.36,1/14樓,--房(室)1廳1衛, 格局方正，空間好規劃 ,永慶房屋正面大馬路近捷運LG10站(施工中),"4,888","5,400萬",含車位價
2025_10_16 23_47_36,10,邊間採光有內梯,新北市板橋區大明街,公寓,47.9年,建坪24.46,主24.46,5/5樓,4房(室)4廳3衛(含加蓋1房(室)2廳2衛), 屋況乾淨 府中 亞東 捷運站 ,永慶房屋有天然瓦斯房間都有窗近捷運府中站,"1,298","1,498萬",無
2025_10_16 23_47_36,10,景平稀有邊間一樓,新北市中和區大仁街,公寓,44.4年,建坪34.47,主+平34.47,1/5樓,3房(室)2廳2衛, 邊間三面採光使用空間大 ,永慶房屋廁所有窗有天然瓦斯房間都有窗近捷運景平站近捷運秀朗橋站,"2,588","2,698萬",無
2025_10_16 23_47_36,10,增值潛力挑高金店,新北市土城區明德路一段,店面,2.1年,建坪57.57,主+陽26.21,1/14樓,--房(室)1廳1衛, 格局方正，空間好利用 ,永慶房屋正面大馬路近捷運LG10站(施工中),"5,088","5,500萬",含車位價
2025_10_16 23_47_36,10,裝潢首選2房平車,新北市土城區學士路,住宅大樓,2.7年,建坪32.13,主+陽16.05,8/19樓,2房(室)2廳2衛," 靠近捷運海山站,新屋純住宅單純 ",永慶房屋有天然瓦斯房間都有窗近捷運海山站近捷運LG10站(施工中),"2,170","2,298萬",含車位價250萬元
2025_10_16 23_47_36,10,中正邊間裝潢5樓,新北市永和區中正路,公寓,46.5年,建坪46.01,主46.01,5/5樓,3房(室)2廳2衛, 鄰近公園、市場、學校，5年裝潢 ,永慶房屋廁所有窗有天然瓦斯房間都有窗近捷運景平站近捷運永安市場站,"2,350","2,350",無
2025_10_16 23_47_36,10,捷運雅致三房車位,新北市新店區中央路,住宅大樓,30.8年,建坪54.46,主+陽36.17,7/13樓,3房(室)2廳2衛, 低公設使用大空間鬧區機能交通棒 ,永慶房屋新上有天然瓦斯房間都有窗近捷運小碧潭站,"2,900","2,900",含車位價250萬元
2025_10_16 23_47_36,10,綠中海孝親大別墅,新北市新店區安祥路,透天厝,18.9年,建坪56.32,主+陽42.71,1~3/3樓,5房(室)4廳5衛(含加蓋2房(室)1廳2衛), 地下室增建約2x坪，一樓孝親房 ,永慶房屋廁所有窗有天然瓦斯房間都有窗,"2,380","2,480萬",含車位價
2025_10_16 23_47_36,10,近老街好停車透天,新北市深坑區翠谷街,透天厝,49.9年,建坪30.61,主30.61,1~2/2樓,2房(室)2廳2衛(含加蓋1房(室)--廳1衛), 巷弄安靜方便停車透天首選 ,永慶房屋房間都有窗,"1,000","1,000",無
2025_10_16 23_47_36,10,江翠邊間方正二樓,新北市板橋區縣民大道三段,公寓,40.1年,建坪27.21,主+陽26.50,2/5樓,3房(室)2廳2衛, 方正格局，前後陽台 ,永慶房屋廁所有窗房間都有窗,"1,800","2,000萬",無
2025_10_16 23_47_36,10,捷運電梯裝潢套房,新北市新莊區天祥街,住宅大樓,7.8年,建坪12.08,主+陽6.30,4/11樓,1房(室)1廳1衛(含加蓋1房(室)--廳--衛), 步行近捷運生活機能佳 ,永慶房屋房間都有窗近捷運丹鳳站,768,798萬,無
2025_10_16 23_47_40,11,捷運電梯裝潢套房,新北市新莊區天祥街,住宅大樓,7.8年,建坪12.08,主+陽6.30,4/11樓,1房(室)1廳1衛(含加蓋1房(室)--廳--衛), 步行近捷運生活機能佳 ,永慶房屋房間都有窗近捷運丹鳳站,768,798萬,無
2025_10_16 23_47_40,11,捷運電梯裝潢套房,新北市新莊區天祥街,住宅大樓,7.8年,建坪12.08,主+陽6.30,4/11樓,1房(室)1廳1衛(含加蓋1房(室)--廳--衛), 步行近捷運生活機能佳 ,永慶房屋房間都有窗近捷運丹鳳站,768,798萬,無
2025_10_16 23_47_40,11,新埔捷運公寓四樓,新北市板橋區文化路一段,公寓,45.1年,建坪31.95,主31.95,4/5樓,4房(室)2廳1衛, 近捷運站、前後陽台 ,永慶房屋廁所有窗有天然瓦斯房間都有窗近捷運新埔站近捷運新埔民生站,"1,860","2,260萬",無
2025_10_16 23_47_40,11,青年市美妝一房,新北市中和區橋和路,住宅大樓,26.8年,建坪17.32,主+陽12.57,4/14樓,1房(室)1廳1衛, 千坪基地中庭花園 ,永慶房屋新上有天然瓦斯房間都有窗近捷運中和站(施工中)近捷運中和站,"1,350","1,350",無
2025_10_16 23_47_40,11,稀有捷運河景,新北市新店區碧潭路,辦公商業大樓,30.3年,建坪21.25,主+陽18.63,9/10樓,2房(室)2廳1衛, 面河景格局方正屋況維持良好 ,永慶房屋新上廁所有窗房間都有窗近捷運新店站,"1,380","1,380",無
2025_10_16 23_47_40,11,學區三房車位華廈,新北市永和區民族街,華廈,30.4年,建坪40.48,主+陽29.40,4/7樓,3房(室)2廳2衛, 戶數單純邊間正面校園樹海景觀 ,永慶房屋廁所有窗有天然瓦斯房間都有窗近捷運景平站,"2,475","2,680萬",含車位價
2025_10_16 23_47_40,11,大仁街方正2樓,新北市中和區大仁街,公寓,50.4年,建坪32.54,主32.54,2/4樓,3房(室)2廳1衛, 格局方正  室內大空間 前陽台 ,永慶房屋新上有天然瓦斯房間都有窗近捷運景平站近捷運秀朗橋站,"1,888","1,888",無
2025_10_16 23_47_40,11,高投報置產頂加,新北市永和區永平路,公寓,40.8年,建坪23.19,主+陽23.18,5/5樓,5房(室)3廳3衛(含加蓋2房(室)1廳1衛), 收租置產投報佳、房間浴廁皆開窗 ,永慶房屋廁所有窗房間都有窗近捷運永和永平國小站(施工中)近捷運永安市場站,"1,188","1,450萬",無
2025_10_16 23_47_40,11,大富大貴優質一樓,新北市新莊區民安東路,華廈,31.2年,建坪42.86,主+平36.11,1/7樓,4房(室)2廳2衛, 近民安學區，生活機能佳 ,永慶房屋新上有天然瓦斯房間都有窗,"2,050","2,050",無
2025_10_16 23_47_40,11,三輝富臨極品兩房,新北市板橋區英士路,住宅大樓,26.4年,建坪23.94,主+陽18.66,12/14樓,2房(室)2廳1衛, 三輝建設品質佳，周邊機能佳 ,永慶房屋近捷運新埔民生站近捷運新埔站,"1,880","1,998萬",無
2025_10_16 23_47_40,11,新埔捷運美妝公寓,新北市板橋區陽明街,公寓,40.5年,建坪28.53,主+陽28.53,4/5樓,3房(室)2廳2衛, 步行捷運約6分鐘，生活機能佳 ,永慶房屋新上近捷運新埔站近捷運新埔民生站,"1,698","1,698",無
2025_10_16 23_47_40,11,專任福恩樓大三房,新北市新莊區龍安路,華廈,25.9年,建坪46.11,主+陽32.69,4/7樓,3房(室)2廳2衛, 面光華學區 ,永慶房屋廁所有窗有天然瓦斯房間都有窗,"1,990","2,158萬",無
2025_10_16 23_47_40,11,北宜三房小資美居,新北市新店區北宜路二段,華廈,31.4年,建坪21.97,主+陽19.08,2/7樓,3房(室)1廳1衛, 低總價，戶數單純 ,永慶房屋新上有天然瓦斯,"1,050","1,050",無
2025_10_16 23_47_40,11,家麒文化溫馨四房,新北市板橋區莊敬路,住宅大樓,17.9年,建坪65.59,主+陽41.15,4/15樓,4房(室)2廳2衛, 房間開窗、前後陽台 ,永慶房屋新上廁所有窗有天然瓦斯近捷運江子翠站近捷運新埔站,"4,980","4,980",含車位價280萬元
2025_10_16 23_47_40,11,捷運年代兩房美屋,新北市新店區安德街,住宅大樓,31.0年,建坪20.38,主+陽17.25,3/12樓,2房(室)2廳1衛, 屋況佳，免整理 ,永慶房屋新上有天然瓦斯,"1,058","1,058",無
2025_10_16 23_47_40,11,低樓層裝潢美寓,新北市新莊區中港一街,公寓,52.3年,建坪22.67,主22.67,3/4樓,3房(室)2廳2衛, 中港一街商圈 近圖書館 ,永慶房屋廁所有窗有天然瓦斯房間都有窗,"1,288","1,380萬",無
2025_10_16 23_47_40,11,秀山國小三房平車,新北市中和區秀朗路三段,住宅大樓,32.6年,建坪49.58,主+陽31.90,5/12樓,3房(室)2廳2衛, 中庭花園，一層2戶 ,永慶房屋新上有天然瓦斯房間都有窗近捷運秀朗橋站,"2,750","2,750",含車位價250萬元
2025_10_16 23_47_40,11,板橋新埔三房車位,新北市板橋區文化路一段,住宅大樓,15.2年,建坪46.04,主+陽26.19,21/43樓,3房(室)2廳2衛, 新埔站到站到家指標建案稀有釋出 ,永慶房屋新上有天然瓦斯房間都有窗近捷運新埔站近捷運新埔民生站,"3,958","3,958",含車位價280萬元
2025_10_16 23_47_40,11,新埔巨蛋稀有四房,新北市板橋區民生路三段,住宅大樓,19.1年,建坪41.01,主+陽31.49,7/37樓,4房(室)2廳2衛(含加蓋1房(室)--廳--衛), 正邊間無走道空間浪費 ,永慶房屋有天然瓦斯房間都有窗近捷運新埔民生站,"2,580","2,580",無
2025_10_16 23_47_40,11,江翠別有洞天二樓,新北市板橋區懷德街,公寓,48.1年,建坪20.44,主20.44,2/4樓,3房(室)2廳1衛(含加蓋1房(室)--廳--衛), 低樓層免爬高方正格局 ,永慶房屋新上房間都有窗近捷運江子翠站,"1,188","1,188",無
2025_10_16 23_47_40,11,奢華景觀電梯別墅,新北市新店區禾豐九路,透天厝,31.4年,建坪113.58,主+陽113.58,1~3/3樓,4房(室)3廳5衛(含加蓋1房(室)--廳--衛), 無障礙空間、景觀大露臺 ,永慶房屋廁所有窗房間都有窗,"8,800","9,800萬",含車位價
2025_10_16 23_47_40,11,七張博愛三房美廈,新北市新店區博愛街,華廈,41.7年,建坪38.55,主+陽29.92,6/7樓,4房(室)2廳2衛, 近捷運市場公園低公設次高樓 ,永慶房屋新上有天然瓦斯房間都有窗近捷運七張站近捷運新店區公所站,"2,350","2,350",無
2025_10_16 23_47_40,11,永安低總方正2房,新北市永和區保平路,公寓,45.4年,建坪18.55,主+陽18.55,5/5樓,2房(室)2廳1衛, 近永安捷運，樂活公園，生活機能 ,永慶房屋新上房間都有窗近捷運永安市場站近捷運永和永平國小站(施工中),"1,168","1,168",無
2025_10_16 23_47_40,11,幸福國度綠意三房,新北市板橋區廣和街,住宅大樓,17.4年,建坪61.28,主+陽35.57,2/20樓,3房(室)2廳2衛, 近校園公園環繞環境優美氣派門廳 ,永慶房屋廁所有窗有天然瓦斯房間都有窗近捷運莒光站(施工中),"3,580","3,580",含車位價
2025_10_16 23_47_40,11,三輝海山學優質屋,新北市板橋區民族路,住宅大樓,5.4年,建坪48.77,主+陽24.34,11/12樓,2房(室)2廳2衛, 知名海山學區優質住宅環境裝潢新 ,永慶房屋近捷運板新站,"3,750","3,998萬",含車位價180萬元
2025_10_16 23_47_40,11,元氣面樹海有車位,新北市中和區中山路三段,辦公商業大樓,17.4年,建坪49.08,主+陽29.87,5/19樓,3房(室)2廳2衛, 雙梯四戶 南北座向 ,永慶房屋新上廁所有窗有天然瓦斯近捷運中原站,"2,690","2,690",含車位價230萬元
2025_10_16 23_47_40,11,板南捷運超俗2房,新北市土城區承和街,住宅大樓,1.7年,建坪20.74,主12.54,16/20樓,2房(室)1廳1衛, 新屋2房捷運站300公尺好方便 ,永慶房屋新上有天然瓦斯房間都有窗近捷運永寧站近捷運LG12站(施工中),"1,480","1,480",無
2025_10_16 23_47_40,11,府中花園1加2樓,新北市板橋區倉後街,其他,42.1年,建坪46.90,主+平+陽36.42,1~2/10樓,2房(室)3廳2衛(含加蓋1房(室)--廳2衛), 鄰近府中捷運站、住辦皆宜 ,永慶房屋新上廁所有窗近捷運府中站,"2,680","2,680",無
2025_10_16 23_47_40,11,豐年置產經典公寓,新北市新莊區豐年街,公寓,49.5年,建坪23.93,主23.93,2/3樓,3房(室)2廳1衛, 採光佳、土地持份大、邊間 ,永慶房屋新上廁所有窗,"1,198","1,198",無
2025_10_16 23_47_40,11,捷運幸福成家大戶,新北市中和區景平路,辦公商業大樓,34.4年,建坪53.10,主+陽36.14,3/12樓,4房(室)2廳2衛, 未來萬大雙捷賣場機能便利 ,永慶房屋有天然瓦斯房間都有窗近捷運中和站近捷運中和站(施工中),"1,850","1,850",無
2025_10_16 23_47_40,11,東帝市景觀小套房,新北市中和區景平路,住宅大樓,28.0年,建坪12.18,主+陽9.46,27/41樓,1房(室)--廳1衛, 高樓遠景 採光好 低總價好入手 ,永慶房屋新上房間都有窗近捷運景平站近捷運南勢角站,888,888,無
2025_10_16 23_47_45,12,中華新城三房車,新北市土城區中華路二段,住宅大樓,26.9年,建坪48.76,主+陽30.26,16/16樓,3房(室)2廳2衛, 超高指名度社區、中央正核心 ,永慶房屋廁所有窗有天然瓦斯房間都有窗近捷運LG13站(施工中)近捷運土城站,"2,388","2,580萬",無
2025_10_16 23_47_45,12,中華新城三房車,新北市土城區中華路二段,住宅大樓,26.9年,建坪48.76,主+陽30.26,16/16樓,3房(室)2廳2衛, 超高指名度社區、中央正核心 ,永慶房屋廁所有窗有天然瓦斯房間都有窗近捷運LG13站(施工中)近捷運土城站,"2,388","2,580萬",無
2025_10_16 23_47_45,12,名毅公園四房雙車,新北市新店區安康路二段,住宅大樓,0.7年,建坪71.39,主+陽32.96,9/12樓,4房(室)2廳2衛, 高樓景觀全新成屋耐震工法機能佳 ,永慶房屋廁所有窗有天然瓦斯房間都有窗,"3,800","3,800",含車位價460萬元
2025_10_16 23_47_45,12,央北黑土邊間美寓,新北市新店區百忍街,公寓,38.9年,建坪50.16,主+陽46.22,3/5樓,5房(室)2廳2衛, 邊間採光、格局方正、三樓免爬高 ,永慶房屋廁所有窗有天然瓦斯房間都有窗近捷運小碧潭站,"1,988","2,880萬",無
2025_10_16 23_47_45,12,重劃區方正大空間,新北市土城區仁愛路,住宅大樓,30.0年,建坪42.13,主+陽32.76,16/16樓,6房(室)3廳4衛(含加蓋3房(室)1廳2衛), 使用空間大 ,永慶房屋有天然瓦斯近捷運LG10站(施工中),"2,350","2,480萬",無
2025_10_16 23_47_45,12,寶徠B棟精裝三房,新北市新店區寶橋路,住宅大樓,12.0年,建坪60.14,主+陽31.32,9/28樓,3房(室)2廳2衛,  邊間採光通風佳 ,永慶房屋廁所有窗有天然瓦斯房間都有窗近捷運七張站近捷運大坪林站,"4,988","5,188萬",含車位價280萬元
2025_10_16 23_47_45,12,門前停車便利一樓,新北市中和區興南路二段,公寓,44.4年,建坪27.61,主27.61,1/5樓,1房(室)2廳1衛, 一樓門前大空間，免爬樓梯 ,永慶房屋房間都有窗,"1,680","1,680",無
2025_10_16 23_47_45,12,南方之星溫馨臻品,新北市中和區捷運路,辦公商業大樓,14.5年,建坪25.45,主+陽15.20,8/19樓,2房(室)2廳1衛, 近南角捷運站、陽台、採光通風好 ,永慶房屋近捷運南勢角站近捷運景安站,"2,198","2,198",無
2025_10_16 23_47_45,12,飛駝高樓美妝三房,新北市中和區興南路二段,住宅大樓,30.8年,建坪53.59,主+陽35.42,14/14樓,3房(室)2廳2衛, 邊間、三房雙衛皆開窗、高樓景。 ,永慶房屋有天然瓦斯房間都有窗,"2,398","2,398",含車位價
2025_10_16 23_47_45,12,華新靜巷大空間,新北市中和區華新街,華廈,38.9年,建坪46.69,主+平+陽42.67,1~2/5樓,5房(室)2廳2衛(含加蓋1房(室)--廳--衛), 靜巷住宅、安全又安心 ,永慶房屋廁所有窗房間都有窗,"2,488","2,488",無
2025_10_16 23_47_45,12,中和靜巷美妝一樓,新北市中和區興南路二段,公寓,42.6年,建坪20.09,主+平20.09,1/4樓,2房(室)2廳2衛(含加蓋--房(室)--廳1衛), 低總價 大空間 ,永慶房屋有天然瓦斯,"1,088","1,380萬",無
2025_10_16 23_47_45,12,中和新婚首購電梯,新北市中和區興南路二段,華廈,9.8年,建坪30.60,主+陽18.42,2/4樓,1房(室)2廳2衛, 環境清幽，屋齡新、廁所開窗 ,永慶房屋廁所有窗有天然瓦斯,"1,388","1,388",無
2025_10_16 23_47_45,12,南方高樓景觀臻品,新北市中和區捷運路,住宅大樓,14.5年,建坪42.80,主+陽26.82,14/19樓,3房(室)2廳2衛, 近南勢角捷運站、和平街傳統市場 ,永慶房屋廁所有窗有天然瓦斯房間都有窗近捷運南勢角站近捷運景安站,"3,300","3,600萬",無
2025_10_16 23_47_45,12,華新街大空間一樓,新北市中和區華新街,公寓,35.5年,建坪33.12,主+平33.12,1/5樓,2房(室)2廳2衛, 近華新傳統市場機能佳 ,永慶房屋廁所有窗,"1,580","1,680萬",無
2025_10_16 23_47_45,12,中和興南新電梯,新北市中和區興南路二段,華廈,9.8年,建坪31.38,主+陽18.42,2/4樓,1房(室)2廳2衛, 屋齡新、環境幽靜、一層一戶 ,永慶房屋房間都有窗,"1,508","1,508",無
2025_10_16 23_47_45,12,綠地藍天方正大戶,新北市中和區華新街,公寓,37.6年,建坪40.79,主+陽36.18,5/5樓,5房(室)4廳3衛(含加蓋1房(室)2廳1衛), 大空間 ,永慶房屋房間都有窗,"1,388","1,388",無
2025_10_16 23_47_45,12,中和溫馨優質三房,新北市中和區華新街,住宅大樓,29.4年,建坪32.70,主+陽24.01,6/16樓,3房(室)2廳2衛, 低總價 面綠樹 低公設 ,永慶房屋有天然瓦斯房間都有窗,"1,698","1,698",無
2025_10_16 23_47_45,12,近捷運大空間一樓,新北市中和區興南路二段,公寓,50.3年,建坪26.90,主26.90,1/4樓,3房(室)3廳3衛(含加蓋--房(室)1廳1衛), 一巷宅近捷運免爬高使用空間大 ,永慶房屋近捷運南勢角站,"1,880","1,980萬",無
2025_10_16 23_47_45,12,華新靜巷一樓公寓,新北市中和區華新街,公寓,38.9年,建坪23.34,主+平21.33,1/5樓,2房(室)1廳1衛(含加蓋1房(室)--廳--衛), 靜巷一樓安靜 ,永慶房屋廁所有窗房間都有窗,"1,298","1,298",無
2025_10_16 23_47_45,12,中和邊間方便停車,新北市中和區興南路二段,公寓,42.6年,建坪23.06,主+平23.06,1/5樓,4房(室)2廳2衛(含加蓋--房(室)--廳1衛)," 邊間,巷寬好停車,屋況佳 ",永慶房屋廁所有窗有天然瓦斯房間都有窗,"1,480","1,480",無
2025_10_16 23_47_45,12,復興方正頂樓美佳,新北市中和區復興路,公寓,37.4年,建坪34.60,主+陽32.36,5/5樓,5房(室)4廳3衛(含加蓋2房(室)2廳1衛), 近景安捷運站、南勢角捷運站 ,永慶房屋有天然瓦斯房間都有窗近捷運景安站,"1,880","1,880",無
2025_10_16 23_47_45,12,華新靜巷二樓公寓,新北市中和區華新街,公寓,38.9年,建坪23.34,主+陽21.33,2/5樓,3房(室)1廳1衛, 靜巷安全安靜、二樓免爬高 ,永慶房屋廁所有窗房間都有窗,"1,198","1,198",無
2025_10_16 23_47_45,12,板橋河景陽台套房,新北市板橋區長江路二段,住宅大樓,27.3年,建坪10.99,主+陽8.71,22/26樓,1房(室)1廳1衛, 稀有小坪數面河景有陽台大套房 ,永慶房屋新上有天然瓦斯房間都有窗,888,888,無
2025_10_16 23_47_45,12,大悅漂亮三房車位,新北市板橋區藝文街,住宅大樓,4.7年,建坪43.49,主+陽19.26,17/19樓,3房(室)2廳1衛, 明亮精美裝潢即可入住 ,永慶房屋房間都有窗,"2,450","2,680萬",含車位價
2025_10_16 23_47_45,12,中正藝文學區三房,新北市板橋區中正路,公寓,38.5年,建坪33.58,主+陽30.89,5/5樓,3房(室)2廳2衛, 漂亮裝潢好入住近藝文特區及學區 ,永慶房屋廁所有窗有天然瓦斯房間都有窗,"1,480","1,598萬",無
2025_10_16 23_47_45,12,北側文藝美麗大悅,新北市板橋區藝文街,住宅大樓,4.7年,建坪35.73,主+陽15.23,16/19樓,1房(室)2廳1衛, 屋況漂亮新穎可改回2房 ,永慶房屋房間都有窗,"1,920","1,998萬",含車位價220萬元
2025_10_16 23_47_45,12,國泰好停車一樓,新北市板橋區三民路二段正泰三巷,公寓,40.6年,建坪31.03,主+平31.02,1/5樓,3房(室)2廳2衛, 國泰建設邊間好停車還有代收垃圾 ,永慶房屋廁所有窗有天然瓦斯房間都有窗近捷運板新站,"2,498","2,498",無
2025_10_16 23_47_45,12,大坪林電梯大三房,新北市新店區寶安街,華廈,36.8年,建坪41.36,主+陽30.32,5/6樓,3房(室)2廳2衛, 前後陽台、廁所開窗 ,永慶房屋有天然瓦斯房間都有窗近捷運大坪林站,"2,998","3,388萬",無
2025_10_16 23_47_45,12,副都面公園景觀宅,新北市新莊區富貴路,住宅大樓,2.0年,建坪40.50,主+陽21.01,8/21樓,3房(室)2廳2衛, 面公園有景觀、全新未住 ,永慶房屋有天然瓦斯房間都有窗近捷運新莊副都心站,"2,858","2,858",含車位價250萬元
2025_10_16 23_47_45,12,新月美妝套房平車,新北市板橋區環河西路五段,住宅大樓,4.1年,建坪24.32,主+陽10.96,13/19樓,1房(室)1廳1衛, 室內優美明廳明房通風採光佳 ,永慶房屋有天然瓦斯房間都有窗,"1,500","1,500",含車位價260萬元
2025_10_16 23_47_45,12,藝文美妝露臺雙車,新北市板橋區藝文街,住宅大樓,4.7年,建坪47.47,主+陽17.78,2/17樓,2房(室)2廳1衛, 通風採光佳、方正格局、超大露台 ,永慶房屋房間都有窗,"2,820","2,942萬",含車位價
2025_10_16 23_47_52,13,中平綠地學區兩房,新北市新莊區立信三街,住宅大樓,19.7年,建坪33.76,主+陽18.46,2/12樓,2房(室)2廳1衛, 鬧中取靜、格局方正精美裝潢 ,永慶房屋廁所有窗有天然瓦斯房間都有窗近捷運泰山站,"1,998","2,088萬",含車位價250萬元
2025_10_16 23_47_52,13,中平綠地學區兩房,新北市新莊區立信三街,住宅大樓,19.7年,建坪33.76,主+陽18.46,2/12樓,2房(室)2廳1衛, 鬧中取靜、格局方正精美裝潢 ,永慶房屋廁所有窗有天然瓦斯房間都有窗近捷運泰山站,"1,998","2,088萬",含車位價250萬元
2025_10_16 23_47_52,13,富貴美景裝潢三房,新北市新莊區富國路,住宅大樓,31.9年,建坪33.66,主+陽24.34,12/12樓,3房(室)2廳2衛, 全新裝潢。高樓景觀宅 ,永慶房屋廁所有窗房間都有窗近捷運丹鳳站,"1,668","1,798萬",無
2025_10_16 23_47_52,13,丹鳳捷運方正三房,新北市新莊區後港一路,公寓,36.0年,建坪38.21,主+陽33.04,4/5樓,3房(室)2廳2衛, 前後陽台，方正格局 ,永慶房屋有天然瓦斯房間都有窗近捷運丹鳳站,"1,380","1,380",無
2025_10_16 23_47_52,13,近塭仔輔大美四房,新北市新莊區中正路,華廈,29.7年,建坪47.36,主+陽36.04,4/6樓,4房(室)2廳2衛, 近捷運站、好市多 ,永慶房屋廁所有窗房間都有窗近捷運輔大站,"2,358","2,588萬",含車位價
2025_10_16 23_47_52,13,捷運後港二樓美寓,新北市新莊區後港一路,公寓,39.8年,建坪30.94,主+陽28.89,2/5樓,3房(室)2廳2衛, 生活機能完善 ,永慶房屋房間都有窗近捷運丹鳳站,"1,488","1,488",無
2025_10_16 23_47_52,13,遠東動力邊間廠辦,新北市新莊區中正路,工廠,25.7年,建坪207.87,主121.94,6/10樓,1房(室)--廳--衛, 邊間，優質氣派廠辦，有御貨碼頭 ,永慶房屋近捷運輔大站近捷運丹鳳站,"7,615","7,615",含車位價480萬元
2025_10_16 23_47_52,13,超稀有後港樓中樓,新北市新莊區後港一路,公寓,36.0年,建坪72.65,主+陽63.11,3~4/5樓,4房(室)2廳3衛, 近公園、捷運站.利用空間大 ,永慶房屋廁所有窗有天然瓦斯房間都有窗近捷運丹鳳站,"1,800","1,800",無
2025_10_16 23_47_52,13,金源廣場三角店面,新北市新莊區四維路,店面,25.4年,建坪64.37,主+陽29.20,1~2/12樓,--房(室)2廳1衛(含加蓋--房(室)--廳1衛), 三角窗面寬顯眼地點熱鬧人潮多 ,永慶房屋正面大馬路三角窗近捷運丹鳳站,"6,500","7,880萬",含車位價
2025_10_16 23_47_52,13,遠東動力氣派廠辦,新北市新莊區中正路,廠辦,25.7年,建坪84.83,主51.69,6/10樓,#NAME?, 氣派廠辦，近捷運，有御貨碼頭 ,永慶房屋近捷運輔大站近捷運丹鳳站,"3,185","3,185",含車位價160萬元
2025_10_16 23_47_52,13,建安優質電梯兩房,新北市新莊區建安街,華廈,34.0年,建坪20.93,主+陽15.86,6/6樓,2房(室)1廳1衛, 近捷運、鴻金寶 ,永慶房屋有天然瓦斯房間都有窗近捷運丹鳳站,"1,198","1,360萬",無
2025_10_16 23_47_52,13,捷運輔大優質電梯,新北市新莊區建國一路,廠辦,31.7年,建坪33.88,主+陽25.69,8/10樓,3房(室)2廳1.5衛, 近捷運、輔大商圈、好市多 ,永慶房屋有天然瓦斯近捷運輔大站,"1,488","1,760萬",無
2025_10_16 23_47_52,13,專任四維機能美寓,新北市新莊區四維路,公寓,38.9年,建坪33.75,主+陽31.35,4/5樓,3房(室)2廳2衛, 近捷運站、公園、學校、傳統市場 ,永慶房屋廁所有窗房間都有窗近捷運丹鳳站,"1,098","1,198萬",無
2025_10_16 23_47_52,13,建安街邊間大三房,新北市新莊區建安街,公寓,35.4年,建坪38.16,主+陽33.30,4/5樓,3房(室)2廳2衛, 鴻金寶生活商圈、近丹鳳捷運站 ,永慶房屋近捷運丹鳳站,"1,680","1,798萬",無
2025_10_16 23_47_52,13,建福路面公園美寓,新北市新莊區建福路,公寓,36.8年,建坪38.22,主+陽34.47,3/5樓,4房(室)2廳2衛, 面公園超遠棟距，邊間採光通風佳 ,永慶房屋廁所有窗房間都有窗近捷運丹鳳站近捷運泰山貴和站,"1,488","1,598萬",無
2025_10_16 23_47_52,13,建安肯仲裝潢兩房,新北市新莊區建安街,華廈,10.4年,建坪33.98,主+陽18.24,5/10樓,2房(室)1廳1衛, 近後港公園、Costco賣場 ,永慶房屋廁所有窗有天然瓦斯房間都有窗近捷運丹鳳站,"1,915","1,980萬",含車位價150萬元
2025_10_16 23_47_52,13,民安國小旁金店面,新北市新莊區民安西路,店面,46.4年,建坪25.81,主25.81,1/4樓,--房(室)2廳1衛(含加蓋--房(室)1廳--衛), 正民安西路，連鎖店林立 ,永慶房屋正面大馬路,"3,180","3,480萬",無
2025_10_16 23_47_52,13,民安方正四房美寓,新北市新莊區民安路,公寓,36.4年,建坪31.55,主+陽31.55,5/5樓,4房(室)1廳2衛, 大空間 ,永慶房屋房間都有窗近捷運丹鳳站,999,"1,150萬",無
2025_10_16 23_47_52,13,建安華府邊間三房,新北市新莊區建安街,華廈,33.2年,建坪38.98,主+陽28.51,6/7樓,3房(室)2廳2衛, 低管理費、生活機能完善 ,永慶房屋廁所有窗有天然瓦斯房間都有窗近捷運丹鳳站,"1,880","1,988萬",無
2025_10_16 23_47_52,13,建安肯仲溫馨兩房,新北市新莊區建安街,華廈,10.4年,建坪29.41,主+陽18.24,6/10樓,2房(室)2廳1衛, 屋齡新、屋況佳、鄰近捷運及公園 ,永慶房屋新上廁所有窗有天然瓦斯房間都有窗近捷運丹鳳站,"1,880","1,880",無
2025_10_16 23_47_52,13,建安方正邊間三房,新北市新莊區建安街,華廈,31.0年,建坪34.11,主+陽29.02,2/7樓,3房(室)2廳2衛, 使用空間大，方正格局 ,永慶房屋廁所有窗有天然瓦斯房間都有窗近捷運丹鳳站,"1,580","1,788萬",無
2025_10_16 23_47_52,13,遠東動力邊間六樓,新北市新莊區中正路,廠辦,25.7年,建坪292.69,主173.64,6/10樓,1房(室)--廳--衛, 優質廠辦，有御貨碼頭 ,永慶房屋近捷運輔大站近捷運丹鳳站,"10,800","10,800",含車位價640萬元
2025_10_16 23_47_52,13,得和天廈四房車位,新北市永和區中正路,住宅大樓,24.2年,建坪60.81,主+陽43.30,8/14樓,4房(室)2廳3衛, 邊間、房間皆有窗 ,永慶房屋有天然瓦斯房間都有窗近捷運景平站近捷運永安市場站,"4,088","4,088",含車位價180萬元
2025_10_16 23_47_52,13,捷運公寓一樓好停,新北市中和區大仁街,公寓,50.4年,建坪25.28,主+陽25.27,1/4樓,2房(室)2廳2衛, 一樓門前好停車 前庭院後院空地 ,永慶房屋有天然瓦斯近捷運景平站近捷運秀朗橋站,"2,188","2,188",無
2025_10_16 23_47_52,13,景平捷運車庫一樓,新北市中和區大仁街,店面,46.8年,建坪26.40,主26.40,1/5樓,2房(室)2廳2衛(含加蓋1房(室)1廳1衛), 室內使用空間大 住家店面皆合適 ,永慶房屋近捷運景平站近捷運秀朗橋站,"2,850","2,850",無
2025_10_16 23_47_52,13,秀朗國小打通住辦,新北市永和區得和路,公寓,43.1年,建坪69.22,主+陽69.21,3/5樓,6房(室)2廳3衛, 有獨立門牌、大空間 ,永慶房屋有天然瓦斯房間都有窗,"3,805","3,805",無
2025_10_16 23_47_52,13,中正智光人潮辦公,新北市永和區中正路,辦公商業大樓,24.2年,建坪54.05,主43.44,4/14樓,3房(室)2廳1衛, 24小時管理 ,永慶房屋近捷運景平站近捷運永安市場站,"3,180","3,180",無
2025_10_16 23_47_52,13,秀朗國小大空間寓,新北市永和區得和路,公寓,43.1年,建坪40.21,主+陽40.20,3/5樓,5房(室)1廳2衛, 雙主臥、房間皆有窗 ,永慶房屋有天然瓦斯房間都有窗,"2,210","2,210",無
2025_10_16 23_47_52,13,秀朗幸福成家三房,新北市永和區民權路,公寓,47.6年,建坪34.40,主34.40,4/5樓,3房(室)2廳2衛," 室內空間坪數大,裝潢格局好規劃 ",永慶房屋廁所有窗有天然瓦斯房間都有窗近捷運景平站,"1,668","1,668",無
2025_10_16 23_47_52,13,台北新宿人潮金店,新北市永和區中正路,店面,29.6年,建坪56.75,主+平+陽44.06,1~2/11樓,3房(室)2廳2衛, 可張掛招牌、一樓有後門 ,永慶房屋廁所有窗有天然瓦斯正面大馬路近捷運景平站近捷運南勢角站,"3,980","3,980",含車位價
2025_10_16 23_47_52,13,永和中正邊間店面,新北市永和區中正路,店面,54.8年,建坪28.99,主28.99,1/4樓,--房(室)1廳1衛, 邊間採光通風好格局方正好停車 ,永慶房屋有天然瓦斯房間都有窗三角窗近捷運永安市場站近捷運景平站,"2,988","3,580萬",無
2025_10_16 23_47_56,14,公園露臺樓中樓,新北市永和區中正路,住宅大樓,34.9年,建坪83.70,主52.77,16~17/18樓,2房(室)2廳2.5衛, 挑高內梯樓中樓、超大露台可休憩 ,永慶房屋廁所有窗有天然瓦斯房間都有窗近捷運永安市場站,"5,700","5,700",無
2025_10_16 23_47_56,14,公園露臺樓中樓,新北市永和區中正路,住宅大樓,34.9年,建坪83.70,主52.77,16~17/18樓,2房(室)2廳2.5衛, 挑高內梯樓中樓、超大露台可休憩 ,永慶房屋廁所有窗有天然瓦斯房間都有窗近捷運永安市場站,"5,700","5,700",無
2025_10_16 23_47_56,14,景秀捷運露臺大戶,新北市中和區景平路,住宅大樓,33.6年,建坪67.64,主46.06,2/12樓,4房(室)3廳2衛, 百萬裝潢，近景平站 ,永慶房屋廁所有窗有天然瓦斯房間都有窗近捷運景平站近捷運南勢角站,"4,088","4,288萬",無
2025_10_16 23_47_56,14,榕元伊頓三房平車,新北市永和區中正路,住宅大樓,21.2年,建坪57.45,主+陽37.74,13/13樓,3房(室)2廳3衛, 邊間房間都有窗、高樓市景 ,永慶房屋廁所有窗有天然瓦斯房間都有窗近捷運永安市場站,"4,368","4,368",含車位價300萬元
2025_10_16 23_47_56,14,捷運低公設三房車,新北市土城區學府路一段,住宅大樓,32.9年,建坪72.05,主+陽+露53.09,3/12樓,3房(室)2廳2衛, 邊間大三房前大露台後大陽台平車 ,永慶房屋有天然瓦斯房間都有窗近捷運LG10站(施工中)近捷運海山站,"3,050","3,580萬",含車位價
2025_10_16 23_47_56,14,捷運景觀空間四房,新北市新莊區新北大道七段,住宅大樓,30.3年,建坪43.88,主+陽37.72,15/17樓,4房(室)2廳2衛, 三面採光，高樓通風舒適美宅 ,永慶房屋廁所有窗有天然瓦斯房間都有窗,"1,738","1,888萬",無
2025_10_16 23_47_56,14,首購府中電梯兩房,新北市板橋區新興路,住宅大樓,9.6年,建坪27.88,主+陽13.63,6/14樓,2房(室)1廳1衛, 鄰近府中捷運站生活機能佳 ,永慶房屋有天然瓦斯房間都有窗近捷運府中站,"1,850","1,850",無
2025_10_16 23_47_56,14,凱悅名廈3房3樓,新北市新店區安成街,華廈,31.9年,建坪33.57,主+陽28.60,3/7樓,3房(室)2廳2衛, 安康圖書館、公車林立、臨近公園 ,永慶房屋有天然瓦斯房間都有窗,"1,600","1,650萬",無
2025_10_16 23_47_56,14,台北福第兩房,新北市永和區中正路,住宅大樓,31.8年,建坪34.65,主+陽27.72,7/11樓,2房(室)2廳2衛, 方正格局、房間都有對外窗 ,永慶房屋新上有天然瓦斯近捷運頂溪站,"2,398","2,398",無
2025_10_16 23_47_56,14,江翠捷運2房平車,新北市板橋區華江一路,住宅大樓,6.8年,建坪30.72,主+陽15.26,16/19樓,2房(室)2廳1衛, 鄰近捷運，公園，未來有商場 ,永慶房屋有天然瓦斯房間都有窗近捷運江子翠站,"2,200","2,200",含車位價250萬元
2025_10_16 23_47_56,14,雙鳳三房機能美寓,新北市新莊區雙鳳路,公寓,45.4年,建坪25.73,主25.73,4/4樓,3房(室)2廳1衛, 生活機能好 ,永慶房屋廁所有窗,950,"1,030萬",無
2025_10_16 23_47_56,14,近捷運鋼骨大1房,新北市中和區景新街,住宅大樓,3.6年,建坪29.23,主+陽13.95,11/36樓,1房(室)2廳1衛, 進南勢角捷運站約4-5分鐘 ,永慶房屋近捷運南勢角站近捷運景平站,"2,198","2,198",含車位價300萬元
2025_10_16 23_47_56,14,圓通宜家1K公寓,新北市中和區圓通路,公寓,43.1年,建坪28.17,主+陽28.17,5/5樓,3房(室)2廳1衛, 邊間獨棟，一層一戶，帝王座向 ,永慶房屋房間都有窗,"1,198","1,268萬",無
2025_10_16 23_47_56,14,金華鼎家超大空間,新北市板橋區金華街,公寓,48.5年,建坪28.38,主+陽28.38,4/4樓,4房(室)3廳2衛(含加蓋1房(室)1廳1衛), 格局方正前後陽台已有天然瓦斯 ,永慶房屋新上廁所有窗有天然瓦斯房間都有窗,"1,598","1,598",無
2025_10_16 23_47_56,14,秀朗邊間三房二衛,新北市永和區得和路,公寓,44.8年,建坪33.21,主31.15,4/5樓,3房(室)2廳2衛, 採光通風近學校市場愛買機能佳 ,永慶房屋廁所有窗有天然瓦斯房間都有窗,"1,798","1,858萬",無
2025_10_16 23_47_56,14,民權路一樓,新北市板橋區民權路,公寓,52.2年,建坪34.69,主34.69,1/4樓,4房(室)2廳1衛, 空間大、近板橋車站 ,永慶房屋新上有天然瓦斯近捷運板橋站,"2,980","2,980",無
2025_10_16 23_47_56,14,中山路低總價辦公,新北市板橋區中山路二段,辦公商業大樓,26.9年,建坪19.90,主+陽16.53,3/14樓,2房(室)1廳--衛, 低公設比、正中山路門牌 ,永慶房屋近捷運板新站,"1,538","1,538",無
2025_10_16 23_47_56,14,新店首購小資三房,新北市新店區北宜路二段,華廈,21.7年,建坪31.43,主+陽24.70,10/10樓,3房(室)2廳2衛, 格局方正，低總價 ,永慶房屋新上有天然瓦斯房間都有窗,"1,198","1,198",無
2025_10_16 23_47_56,14,君泰公園高樓兩房,新北市新莊區雙鳳路,住宅大樓,9.1年,建坪27.74,主+陽16.76,17/21樓,2房(室)2廳1衛, 高樓有景觀，裝潢即可入住 ,永慶房屋新上房間都有窗近捷運迴龍站近捷運LG21站(施工中),"1,900","1,900",無
2025_10_16 23_47_56,14,美麗景觀四房車位,新北市新店區安民街,住宅大樓,30.0年,建坪50.60,主+陽36.00,9/16樓,4房(室)2廳2衛, 獨立坡平車位 乾淨屋況 ,永慶房屋,"2,368","2,368",含車位價
2025_10_16 23_47_56,14,鳳翔三房學區宅,新北市新莊區中和街,住宅大樓,31.3年,建坪25.11,主+陽22.85,2/13樓,3房(室)2廳2衛, 格局方正 屋況佳 衛浴開窗 ,永慶房屋廁所有窗有天然瓦斯房間都有窗,"1,450","1,450",無
2025_10_16 23_47_56,14,中港邊間採光美寓,新北市新莊區中港路,公寓,39.3年,建坪31.81,主+陽31.81,4/5樓,3房(室)2廳1衛, 邊間 三面採光 生活機能佳 ,永慶房屋廁所有窗,"1,288","1,288",無
2025_10_16 23_47_56,14,榮富機能採光美寓,新北市新莊區中和街,公寓,37.0年,建坪30.79,主+陽30.78,4/5樓,4房(室)2廳2衛, 房間都有窗 衛浴開窗 採光佳 ,永慶房屋廁所有窗,"1,655","1,760萬",無
2025_10_16 23_47_56,14,七張黃金邊間三樓,新北市新店區中正路,公寓,#NAME?,建坪34.98,主34.98,3/4樓,3房(室)2廳2衛, 邊間採光佳、稀有三樓、近七張站 ,永慶房屋新上廁所有窗房間都有窗近捷運七張站近捷運新店區公所站,"1,698","1,698",無
2025_10_16 23_47_56,14,近大坪林三房美屋,新北市新店區復興路,住宅大樓,32.0年,建坪53.30,主+陽41.41,12/12樓,3房(室)2廳2衛, 近景美大坪林雙捷運，高樓市景觀 ,永慶房屋有天然瓦斯房間都有窗近捷運大坪林站,"3,068","3,280萬",含車位價
2025_10_16 23_47_56,14,永安方正次高美寓,新北市永和區中和路,公寓,51.6年,建坪31.89,主+陽31.89,4/5樓,3房(室)2廳1衛, 邊間 格局方正 ,永慶房屋廁所有窗房間都有窗近捷運永安市場站近捷運景安站,"1,588","1,680萬",無
2025_10_16 23_47_56,14,采梅河景靜謐美宅,新北市中和區中原二街,住宅大樓,12.0年,建坪66.99,主+陽37.42,18/23樓,2房(室)2廳2衛, 面河岸採光佳稀有物件 ,永慶房屋廁所有窗有天然瓦斯房間都有窗近捷運中原站,"4,288","4,288",含車位價260萬元
2025_10_16 23_47_56,14,高樓公園景兩房車,新北市永和區永平路,住宅大樓,6.4年,建坪45.03,主+陽20.55,16/20樓,2房(室)2廳2衛, 面公園、河景，極新裝潢 ,永慶房屋廁所有窗有天然瓦斯房間都有窗近捷運永和永平國小站(施工中)近捷運頂溪站,"3,488","3,688萬",含車位價300萬元
2025_10_16 23_47_56,14,桂冠方正三房車位,新北市板橋區四川路一段,住宅大樓,25.9年,建坪42.20,主+陽28.16,9/11樓,3房(室)2廳2衛, 近捷運府中站 一層兩戶方正格局 ,永慶房屋有天然瓦斯房間都有窗近捷運府中站,"2,560","2,680萬",含車位價
2025_10_16 23_47_56,14,柏麗特色三房車,新北市永和區永平路,住宅大樓,6.4年,建坪40.67,主+陽16.97,8/20樓,3房(室)2廳2衛, 近仁愛公園 ,永慶房屋有天然瓦斯房間都有窗近捷運永和永平國小站(施工中)近捷運頂溪站,"2,980","2,980",含車位價280萬元
2025_10_16 23_47_56,14,勝輝捷運三房車位,新北市板橋區華興街,住宅大樓,14.8年,建坪42.86,主+陽25.38,3/14樓,3房(室)2廳2衛, 屋齡新 近捷運 方正格局  ,永慶房屋廁所有窗有天然瓦斯房間都有窗近捷運府中站,"2,698","2,980萬",含車位價150萬元
2025_10_16 23_48_03,15,中山學區永豐兩房,新北市板橋區永豐街,住宅大樓,1.0年,建坪25.78,主+陽16.25,2/13樓,2房(室)2廳1衛, 衛浴開窗首購族首選明廳明房 ,永慶房屋廁所有窗有天然瓦斯房間都有窗近捷運板新站,"1,955","2,100萬",無
2025_10_16 23_48_03,15,中山學區永豐兩房,新北市板橋區永豐街,住宅大樓,1.0年,建坪25.78,主+陽16.25,2/13樓,2房(室)2廳1衛, 衛浴開窗首購族首選明廳明房 ,永慶房屋廁所有窗有天然瓦斯房間都有窗近捷運板新站,"1,955","2,100萬",無
2025_10_16 23_48_03,15,近捷運公園的電梯,新北市板橋區重慶路,辦公商業大樓,36.3年,建坪28.85,主+陽27.53,4/8樓,3房(室)2廳1.5衛(含加蓋--房(室)--廳0.5衛), 低公共坪數 一層只有兩戶 ,永慶房屋廁所有窗房間都有窗近捷運府中站近捷運板橋站,"1,880","1,998萬",無
2025_10_16 23_48_03,15,寧靜公園電梯三房,新北市新店區安成街,華廈,31.7年,建坪40.01,主+陽28.26,3/7樓,3房(室)2廳2衛, 大空間、採光佳 ,永慶房屋廁所有窗有天然瓦斯房間都有窗,"1,628","1,780萬",無
2025_10_16 23_48_03,15,中央向日葵三房車,新北市新店區中央四街,華廈,26.7年,建坪45.91,主+陽33.67,4/8樓,3房(室)2廳2衛, 一層兩戶、衛浴皆開窗 ,永慶房屋廁所有窗有天然瓦斯房間都有窗近捷運小碧潭站近捷運新北捷陽光運動公園站,"3,098","3,098",含車位價180萬元
2025_10_16 23_48_03,15,溫馨三房車站好近,新北市板橋區大觀路二段,公寓,43.8年,建坪23.84,主+陽23.84,5/5樓,3房(室)2廳1衛, 房間廁所皆有對外窗、通風採光佳 ,永慶房屋新上廁所有窗房間都有窗,998,"1,050萬",無
2025_10_16 23_48_03,15,好停車1加2樓,新北市中和區景新街,公寓,47.3年,建坪37.57,主37.57,1~2/4樓,3房(室)2廳2衛, 步行至南勢角捷運約3分鐘 ,永慶房屋有天然瓦斯正面大馬路近捷運南勢角站近捷運景平站,"2,700","2,880萬",無
2025_10_16 23_48_03,15,捷運學府全新三房,新北市中和區民利街,住宅大樓,1.3年,建坪55.43,主+陽29.07,8/13樓,3房(室)2廳2衛, 高樓美景 邊間通風採光好 ,永慶房屋廁所有窗有天然瓦斯房間都有窗近捷運中和高中站(施工中),"3,388","3,388",含車位價230萬元
2025_10_16 23_48_03,15,家樂福邊間三房,新北市板橋區三民路二段,住宅大樓,29.3年,建坪35.64,主+陽25.45,12/12樓,3房(室)2廳2衛, 邊間採光通風好近家樂福興隆市場 ,永慶房屋廁所有窗有天然瓦斯房間都有窗近捷運板新站,"2,180","2,280萬",無
2025_10_16 23_48_03,15,美河市裝潢豪邸,新北市新店區中央路,住宅大樓,12.9年,建坪48.16,主+陽26.55,5/26樓,2房(室)2廳2衛, 近小碧潭捷運站，生活機能佳 ,永慶房屋近捷運小碧潭站,"3,268","3,498萬",含車位價
2025_10_16 23_48_03,15,新埔邊間捷運二樓,新北市板橋區民生路二段,公寓,49.2年,建坪22.93,主22.93,2/4樓,3房(室)1廳1衛, 近板橋車站 新埔捷運 中山國中 ,永慶房屋近捷運板新站近捷運新埔站,"1,330","1,398萬",無
2025_10_16 23_48_03,15,面學校新微風三房,新北市新莊區昌隆街,住宅大樓,23.2年,建坪32.97,主+陽24.21,12/13樓,3房(室)2廳2衛, 次高樓層棟距遼闊近幸福捷運站 ,永慶房屋廁所有窗有天然瓦斯房間都有窗近捷運幸福站,"2,020","2,020",無
2025_10_16 23_48_03,15,昇陽極品四房車位,新北市新莊區福壽街,華廈,26.9年,建坪44.00,主+陽32.16,4/7樓,4房(室)2廳2衛, 知名建商低公設近幸福站稀有釋出 ,永慶房屋有天然瓦斯房間都有窗近捷運幸福站,"2,560","2,898萬",含車位價180萬元
2025_10_16 23_48_03,15,四號公園裝潢四房,新北市永和區得和路,華廈,44.2年,建坪30.81,主26.95,2/7樓,4房(室)2廳2衛, 近永安捷運四號公園，裝潢極新 ,永慶房屋有天然瓦斯近捷運永安市場站,"2,298","2,390萬",無
2025_10_16 23_48_03,15,雙制震三房平車,新北市新店區順德街,住宅大樓,1.3年,建坪45.40,主+陽22.47,9/15樓,3房(室)2廳2衛, SGS建物生產履歷 雙制震 ,永慶房屋廁所有窗有天然瓦斯房間都有窗近捷運十四張站近捷運新北捷十四張站,"3,500","3,760萬",含車位價280萬元
2025_10_16 23_48_03,15,台北遠景三房車位,新北市新店區安忠路,住宅大樓,22.0年,建坪32.70,主+陽22.50,11/11樓,3房(室)2廳2衛, 高樓景觀簡約裝潢雅緻時尚 ,永慶房屋有天然瓦斯房間都有窗,"1,685","1,685",含車位價150萬元
2025_10_16 23_48_03,15,頂好景觀車庫透天,新北市新店區安泰路,透天厝,44.3年,建坪34.26,主34.26,1~2/2樓,5房(室)3廳3衛(含加蓋1房(室)1廳2衛), 綠意景觀第一排 屋下車庫好停車 ,永慶房屋廁所有窗,"1,498","1,498",無
2025_10_16 23_48_03,15,低公設比四房車位,新北市深坑區埔新街,華廈,33.3年,建坪53.19,主+陽41.96,3/7樓,4房(室)2廳2衛, 大坪數 生活機能佳 平面車位 ,永慶房屋房間都有窗,"2,580","3,280萬",含車位價
2025_10_16 23_48_03,15,大坪林站旁三房,新北市新店區中興路三段,公寓,39.0年,建坪32.72,主+陽30.35,2/5樓,3房(室)2廳2衛, 公寓2樓免爬高、格局方正 ,永慶房屋有天然瓦斯房間都有窗近捷運大坪林站,"1,898","1,898",無
2025_10_16 23_48_03,15,寧靜高樓景觀雅筑,新北市新店區安忠路,住宅大樓,22.0年,建坪33.81,主+陽23.16,9/11樓,2房(室)2廳2衛, 邊間採光通風棒鬧中取靜交通便利 ,永慶房屋廁所有窗有天然瓦斯房間都有窗,"1,685","1,685",含車位價150萬元
2025_10_16 23_48_03,15,安居景觀三房車位,新北市新店區安忠路,住宅大樓,23.5年,建坪53.61,主+陽33.42,10/14樓,3房(室)2廳2衛, 鋼骨制震結構低公設大空間 ,永慶房屋有天然瓦斯房間都有窗,"1,958","1,958",含車位價180萬元
2025_10_16 23_48_03,15,裝潢美學三房車位,新北市新店區安忠路,住宅大樓,11.0年,建坪37.52,主+陽22.96,10/11樓,3房(室)2廳1衛, 高樓景觀綠意環境戶數單純 ,永慶房屋廁所有窗有天然瓦斯房間都有窗,"1,780","1,780",含車位價140萬元
2025_10_16 23_48_03,15,家麒前後陽台四室,新北市新莊區新樹路,辦公商業大樓,15.9年,建坪49.55,主+陽38.49,3/10樓,4房(室)2廳2衛, 邊間格局方正 前後陽台 ,永慶房屋廁所有窗有天然瓦斯房間都有窗,"1,898","1,898",無
2025_10_16 23_48_03,15,區公所電梯三房,新北市永和區豫溪街,華廈,28.9年,建坪34.11,主+陽26.75,5/6樓,3房(室)2廳2衛, 格局方正前後陽台邊間採光佳 ,永慶房屋廁所有窗有天然瓦斯房間都有窗近捷運頂溪站,"2,250","2,380萬",無
2025_10_16 23_48_03,15,綠景江翠四房車位,新北市板橋區雙十路二段,住宅大樓,25.0年,建坪60.50,主+陽37.41,5/22樓,4房(室)2廳2衛, 後棟綠意坪效高平面車位 ,永慶房屋有天然瓦斯房間都有窗近捷運江子翠站,"3,700","3,900萬",含車位價300萬元
2025_10_16 23_48_03,15,江畔清風三房安居,新北市新莊區瓊林路,華廈,20.0年,建坪46.72,主+陽29.00,3/8樓,3房(室)2廳2衛, 面向漂亮河景邊間三面採一層一戶 ,永慶房屋廁所有窗有天然瓦斯房間都有窗近捷運新莊站,"2,288","2,388萬",含車位價150萬元
2025_10_16 23_48_03,15,御林園三房車位,新北市新店區安忠路,住宅大樓,8.8年,建坪37.91,主+陽20.05,5/12樓,3房(室)2廳2衛, 高質感社區裝潢典雅24小時物業 ,永慶房屋廁所有窗有天然瓦斯房間都有窗,"1,898","2,150萬",含車位價200萬元
2025_10_16 23_48_03,15,北市旁大戶廠辦,新北市深坑區北深路三段,其他,33.6年,建坪691.52,主+陽534.49,5/8樓,--房(室)2廳--衛, 交通便利，使用空間大 ,永慶房屋,"16,600","18,000萬",無
2025_10_16 23_48_03,15,連鎖店面寬店面,新北市深坑區北深路三段,廠辦,32.2年,建坪114.70,主86.16,1/10樓,--房(室)1廳--衛, 深坑中心點邊間大面寬人潮多 ,永慶房屋正面大馬路出租中,"9,800","9,800",含車位價
2025_10_16 23_48_03,15,獨戶獨院花園別墅,新北市深坑區翠谷街,透天厝,49.7年,建坪29.37,主29.37,1~2/2樓,4房(室)3廳2衛(含加蓋3房(室)2廳2衛), 使用大空間 車庫 庭院 ,永慶房屋廁所有窗房間都有窗,"1,380","1,980萬",無
2025_10_16 23_48_03,15,新店電梯三房車位,新北市新店區安祥路,華廈,8.5年,建坪52.27,主+陽29.34,3/8樓,3房(室)2廳2衛, 社區可申請安裝電動車充電樁 ,永慶房屋廁所有窗有天然瓦斯房間都有窗,"1,598","1,680萬",含車位價180萬元
2025_10_16 23_48_10,16,特區運動場巷公寓,新北市板橋區海山路,公寓,39.7年,建坪30.20,主+陽30.20,5/5樓,4房(室)2廳3衛(含加蓋1房(室)--廳1衛), 新裝潢-三房開窗-室內採光佳 ,永慶房屋廁所有窗房間都有窗近捷運板橋站,"1,880","2,088萬",無
2025_10_16 23_48_10,16,特區運動場巷公寓,新北市板橋區海山路,公寓,39.7年,建坪30.20,主+陽30.20,5/5樓,4房(室)2廳3衛(含加蓋1房(室)--廳1衛), 新裝潢-三房開窗-室內採光佳 ,永慶房屋廁所有窗房間都有窗近捷運板橋站,"1,880","2,088萬",無
2025_10_16 23_48_10,16,海山學區正隆大戶,新北市板橋區民生路一段,住宅大樓,30.9年,建坪67.84,主+陽+露49.87,21/25樓,4房(室)2廳2衛, 海山學區 馥華艾美 新板特區 ,永慶房屋有天然瓦斯近捷運板新站,"3,380","3,680萬",含車位價
2025_10_16 23_48_10,16,水都首選景觀美宅,新北市永和區成功路二段,住宅大樓,19.3年,建坪47.86,主+陽26.66,11/28樓,3房(室)2廳2衛, 豪華迎賓車道全年溫水游泳池公設 ,永慶房屋有天然瓦斯房間都有窗近捷運秀朗橋站,"3,050","3,050",含車位價350萬元
2025_10_16 23_48_10,16,邊間庭院停車一樓,新北市永和區保福路二段,華廈,30.4年,建坪63.60,主+平47.09,B1~1/6樓,4房(室)3廳2衛(含加蓋1房(室)--廳--衛), 稀有寧靜大庭院、可停兩台車 ,永慶房屋廁所有窗有天然瓦斯房間都有窗三角窗近捷運永和永平國小站(施工中)近捷運頂溪站,"4,350","4,500萬",無
2025_10_16 23_48_10,16,凱臻邊間採光優選,新北市永和區永貞路,住宅大樓,23.4年,建坪60.17,主+陽39.12,5/14樓,3房(室)2廳2衛, 邊間採光佳、大空間好規劃 ,永慶房屋有天然瓦斯房間都有窗近捷運永安市場站近捷運永和永平國小站(施工中),"3,738","3,738",含車位價220萬元
2025_10_16 23_48_10,16,全新三房車露台戶,新北市永和區仁愛路,住宅大樓,2.7年,建坪40.75,主+陽23.86,10/12樓,3房(室)2廳2衛, 高樓遠景、雙拼、近公園捷運 ,永慶房屋廁所有窗有天然瓦斯房間都有窗近捷運頂溪站近捷運永和永平國小站(施工中),"3,798","3,926萬",含車位價
2025_10_16 23_48_10,16,公園綠意三房平車,新北市永和區仁愛路,華廈,36.1年,建坪49.08,主+陽40.01,5/10樓,3房(室)2廳1衛, 全新裝潢、公設比低、平面車位 ,永慶房屋廁所有窗有天然瓦斯房間都有窗近捷運永和永平國小站(施工中)近捷運頂溪站,"2,875","2,875",含車位價
2025_10_16 23_48_10,16,板信雙子星豪邸,新北市板橋區縣民大道二段,住宅大樓,16.1年,建坪97.11,主+陽55.78,13/34樓,4房(室)2廳3衛, 新北地王鄰板橋五鐵共構機能便利 ,永慶房屋廁所有窗有天然瓦斯房間都有窗近捷運板橋站,"9,688","9,688",含車位價350萬元
2025_10_16 23_48_10,16,米蘭皇家美裝大戶,新北市中和區中山路二段,華廈,27.1年,建坪83.87,主+陽48.97,5~6/6樓,4房(室)2廳3衛, 稀有釋出 電梯華廈 有兩個車位 ,永慶房屋廁所有窗有天然瓦斯房間都有窗近捷運永和永平國小站(施工中)近捷運中和站,"3,800","3,800",含車位價400萬元
2025_10_16 23_48_10,16,富煌電梯方正兩房,新北市永和區永貞路,華廈,44.7年,建坪27.57,主22.14,6/7樓,2房(室)2廳1衛, 稀有電梯兩房華廈 ,永慶房屋廁所有窗有天然瓦斯房間都有窗近捷運永安市場站近捷運永和永平國小站(施工中),"1,980","2,450萬",無
2025_10_16 23_48_10,16,活巷面寬停車一樓,新北市永和區保福路一段,公寓,52.9年,建坪35.43,主35.43,1/5樓,4房(室)2廳2衛, 全室水電線整理完、使用空間大 ,永慶房屋廁所有窗有天然瓦斯房間都有窗近捷運永安市場站近捷運頂溪站,"2,580","2,980萬",無
2025_10_16 23_48_10,16,頂溪捷運電梯美廈,新北市永和區仁愛路,華廈,24.6年,建坪38.18,主+陽20.42,2/5樓,3房(室)2廳1衛, 單純華廈釋出 ,永慶房屋廁所有窗有天然瓦斯房間都有窗近捷運頂溪站近捷運永和永平國小站(施工中),"2,798","2,798",含車位價
2025_10_16 23_48_10,16,頂溪中山高樓景觀,新北市永和區中山路一段,辦公商業大樓,5.2年,建坪43.26,主+陽22.46,10/10樓,2房(室)2廳2衛, 近捷運高樓景觀獨棟規劃 ,永慶房屋廁所有窗有天然瓦斯房間都有窗近捷運頂溪站,"4,328","4,328",含車位價
2025_10_16 23_48_10,16,頂溪中山高樓辦公,新北市永和區中山路一段,辦公商業大樓,5.2年,建坪41.32,主+陽22.46,9/10樓,1房(室)3廳2衛, 近捷運高樓景觀獨棟規劃 ,永慶房屋廁所有窗有天然瓦斯房間都有窗近捷運頂溪站,"4,079","4,079",含車位價
2025_10_16 23_48_10,16,正文化路收租金店,新北市板橋區文化路二段,辦公商業大樓,11.0年,建坪47.74,主+陽31.38,1~2/24樓,--房(室)2廳1衛, 新埔捷運、正文化路門牌 ,永慶房屋正面大馬路近捷運新埔民生站近捷運新埔站,"5,980","6,580萬",含車位價
2025_10_16 23_48_10,16,捷運公園採光美寓,新北市中和區安平路,公寓,53.6年,建坪22.96,主+陽22.96,4/4樓,2房(室)2廳1衛, 鄰近公園 小資首購 免大整理 ,永慶房屋廁所有窗房間都有窗近捷運永安市場站近捷運景平站,"1,598","1,668萬",無
2025_10_16 23_48_10,16,頂溪高樓新時代,新北市永和區中山路一段,住宅大樓,15.1年,建坪16.90,主+陽11.60,15/15樓,1房(室)1廳1衛, 小坪數套房有天然瓦斯陽台 ,永慶房屋廁所有窗有天然瓦斯房間都有窗近捷運頂溪站,"1,498","1,498",無
2025_10_16 23_48_10,16,頂溪雅致新時代,新北市永和區中山路一段,住宅大樓,15.1年,建坪18.91,主+陽12.57,3/15樓,1房(室)1廳1衛, 精美裝潢拎包入住 ,永慶房屋廁所有窗有天然瓦斯房間都有窗近捷運頂溪站,"1,568","1,568",無
2025_10_16 23_48_10,16,比漾百貨旁優辦公,新北市永和區中山路一段,辦公商業大樓,34.2年,建坪37.90,主+陽36.86,3/12樓,--房(室)2廳1衛, 採光通風好空間寬敞生活機能佳  ,永慶房屋有天然瓦斯近捷運永和永平國小站(施工中)近捷運永安市場站,"2,600","2,840萬",無
2025_10_16 23_48_10,16,頂溪捷運電梯大戶,新北市永和區仁愛路,華廈,24.6年,建坪72.63,主+陽44.81,2/5樓,6房(室)4廳3衛(含加蓋--房(室)1廳--衛), 近頂溪捷運鬧中取靜 ,永慶房屋廁所有窗有天然瓦斯房間都有窗近捷運頂溪站近捷運永和永平國小站(施工中),"5,246","5,246",含車位價
2025_10_16 23_48_10,16,寶佳臻峰四房平車,新北市板橋區文化路二段,住宅大樓,10.7年,建坪80.27,主+陽46.81,5/24樓,4房(室)2廳2衛, 新埔、江子翠雙捷運商圈 ,永慶房屋有天然瓦斯房間都有窗近捷運新埔民生站近捷運新埔站,"6,988","6,988",含車位價
2025_10_16 23_48_10,16,自強活巷漂亮美屋,新北市板橋區自強新村,公寓,50.1年,建坪28.82,主28.82,3/4樓,3房(室)2廳2衛, 格局方正 前後陽台 天然瓦斯 ,永慶房屋新上廁所有窗有天然瓦斯房間都有窗近捷運府中站近捷運板橋站,"1,598","1,688萬",無
2025_10_16 23_48_10,16,七張捷運三房車位,新北市新店區中正路,住宅大樓,16.6年,建坪63.12,主+陽37.15,7/15樓,3房(室)2廳2衛, 近捷運大豐國小交通公園邊間採光 ,永慶房屋廁所有窗有天然瓦斯房間都有窗近捷運七張站近捷運新店區公所站,"3,498","3,498",含車位價230萬元
2025_10_16 23_48_10,16,全新未住樹海大苑,新北市新莊區中央路,辦公商業大樓,12.5年,建坪79.50,主+陽42.91,4/19樓,#NAME?, 樹海景觀  近捷運 近百貨  ,永慶房屋廁所有窗有天然瓦斯房間都有窗近捷運新莊副都心站,"4,588","4,588",含車位價500萬元
2025_10_16 23_48_10,16,近大安高樓景觀,新北市深坑區北深路三段,住宅大樓,10.9年,建坪70.97,主+陽39.90,17/19樓,4房(室)2廳2衛, 深坑指標帝品苑高樓層景觀戶 ,永慶房屋廁所有窗有天然瓦斯房間都有窗,"5,980","5,980",含車位價
2025_10_16 23_48_10,16,頂溪近捷電梯兩房,新北市永和區永和路二段,辦公商業大樓,23.9年,建坪25.33,主+陽19.58,3/12樓,2房(室)2廳1衛, 近頂溪捷運、頂溪商圈生活機能佳 ,永慶房屋近捷運頂溪站,"2,488","2,488",無
2025_10_16 23_48_10,16,大學詩鄉庭院大戶,新北市新店區安忠路,透天厝,30.4年,建坪97.94,主+平+陽+露91.86,B1~3/3樓,5房(室)2廳3衛, 環境清幽使用大空間獨立車庫 ,永慶房屋廁所有窗有天然瓦斯房間都有窗,"3,500","3,500",無
2025_10_16 23_48_10,16,小資方正採光美寓,新北市板橋區中山路二段,公寓,44.4年,建坪25.00,主25.00,5/5樓,3房(室)2廳1衛, 近光復學區、家樂福、興隆市場 ,永慶房屋房間都有窗,"1,280","1,280",無
2025_10_16 23_48_10,16,未來百貨就在旁邊,新北市板橋區四川路一段,公寓,44.9年,建坪43.81,主43.81,4/5樓,3房(室)2廳2衛, 一層一戶前陽台進出使用空間實在 ,永慶房屋房間都有窗近捷運亞東醫院站,"1,750","1,750",無
2025_10_16 23_48_10,16,馥華傳世經典巨獻,新北市板橋區中山路二段,辦公商業大樓,18.1年,建坪78.43,主+陽45.59,14/14樓,4房(室)3廳4衛(含加蓋2房(室)1廳--衛), 三面採光氣派挑豪邸衛浴開窗  ,永慶房屋廁所有窗有天然瓦斯房間都有窗,"4,650","4,980萬",含車位價
2025_10_16 23_48_14,17,潤泰鳳翔鼎峰之景,新北市新莊區中正路,辦公商業大樓,16.0年,建坪40.78,主+陽29.83,14/14樓,3房(室)2廳2衛, 全室精美裝潢、高樓邊間美景盡收 ,永慶房屋廁所有窗有天然瓦斯房間都有窗近捷運迴龍站近捷運LG21站(施工中),"2,366","2,366",無
2025_10_16 23_48_14,17,潤泰鳳翔鼎峰之景,新北市新莊區中正路,辦公商業大樓,16.0年,建坪40.78,主+陽29.83,14/14樓,3房(室)2廳2衛, 全室精美裝潢、高樓邊間美景盡收 ,永慶房屋廁所有窗有天然瓦斯房間都有窗近捷運迴龍站近捷運LG21站(施工中),"2,366","2,366",無
2025_10_16 23_48_14,17,潤泰鳳翔歐德精品,新北市新莊區中正路,辦公商業大樓,16.0年,建坪56.31,主+陽35.66,3/14樓,3房(室)2廳2衛," 全室歐德設計,收納空間充足 ",永慶房屋廁所有窗有天然瓦斯房間都有窗近捷運迴龍站近捷運LG21站(施工中),"2,688","3,080萬",含車位價250萬元
2025_10_16 23_48_14,17,秀朗捷運3房美寓,新北市中和區秀朗路三段,公寓,49.8年,建坪22.68,主+陽22.67,3/4樓,3房(室)2廳1衛, 格局方正，近秀朗橋捷運站 ,永慶房屋有天然瓦斯房間都有窗近捷運秀朗橋站,"1,198","1,368萬",無
2025_10_16 23_48_14,17,捷運星光大道美築,新北市新莊區新北大道七段,住宅大樓,20.9年,建坪49.89,主+陽33.22,10/14樓,3房(室)2廳2衛," 主附約33坪,原始四房好隔回 ",永慶房屋廁所有窗有天然瓦斯房間都有窗近捷運迴龍站近捷運LG21站(施工中),"1,938","2,258萬",含車位價
2025_10_16 23_48_14,17,誠意售屋出價可談,新北市新莊區幸福路,住宅大樓,21.5年,建坪41.51,主+陽24.70,3/11樓,3房(室)2廳2衛, 戶數單純、一層兩戶、廁所有開窗 ,永慶房屋新上廁所有窗有天然瓦斯房間都有窗近捷運泰山站,"2,538","2,538",含車位價180萬元
2025_10_16 23_48_14,17,學校對面有店面,新北市土城區延和路,店面,31.5年,建坪17.59,主+平14.17,1/10樓,--房(室)1廳1衛, 面寬6米，格局方正 ,永慶房屋有天然瓦斯近捷運LG09站(施工中),"1,498","2,198萬",無
2025_10_16 23_48_14,17,板橋生活社區一樓,新北市板橋區四川路二段,住宅大樓,31.8年,建坪60.97,主42.97,B1~1/17樓,--房(室)2廳2衛(含加蓋--房(室)1廳1衛), 一樓進出方便近亞東捷運站 ,永慶房屋近捷運亞東醫院站,"2,180","2,280萬",無
2025_10_16 23_48_14,17,首購瓊泰三樓公寓,新北市新莊區瓊泰路,公寓,45.1年,建坪27.52,主27.52,3/5樓,4房(室)2廳1衛, 公寓黃金三樓，機能便利成家首選 ,永慶房屋廁所有窗有天然瓦斯,998,"1,180萬",無
2025_10_16 23_48_14,17,御山御景御中央,新北市新店區中央三街,住宅大樓,10.7年,建坪63.09,主+陽34.57,7/12樓,3房(室)2廳2衛, 三面採光，方正，廁所有窗 ,永慶房屋廁所有窗有天然瓦斯房間都有窗近捷運小碧潭站,"4,688","4,998萬",含車位價200萬元
2025_10_16 23_48_14,17,海山學區漂亮美屋,新北市板橋區長安街,公寓,50.0年,建坪27.27,主27.27,1~2/2樓,5房(室)3廳4衛(含加蓋4房(室)1廳2衛), 海山學區鄰近板橋體育場屋況漂亮 ,永慶房屋廁所有窗有天然瓦斯房間都有窗近捷運板新站,"3,385","3,900萬",無
2025_10_16 23_48_14,17,敦南雙拼戶大平車,新北市新店區安興路,華廈,11.9年,建坪61.75,主+陽33.15,2/6樓,3房(室)2廳2衛, 完善公設，平面大車位，單層2戶 ,永慶房屋廁所有窗有天然瓦斯房間都有窗,"2,888","3,100萬",含車位價200萬元
2025_10_16 23_48_14,17,帝王鳴耀三房坡車,新北市新莊區新北大道七段,住宅大樓,20.9年,建坪40.41,主+陽24.58,14/14樓,3房(室)2廳2衛, 格局方正，首購首選高CP值 ,永慶房屋有天然瓦斯房間都有窗近捷運迴龍站近捷運LG21站(施工中),"1,799","1,799",含車位價200萬元
2025_10_16 23_48_14,17,玫瑰公園方正三房,新北市板橋區龍泉街,住宅大樓,30.8年,建坪37.20,主+陽27.84,2/12樓,3房(室)2廳2衛, 前後陽台格局方正好規劃，近學區 ,永慶房屋廁所有窗有天然瓦斯房間都有窗,"1,890","1,998萬",無
2025_10_16 23_48_14,17,大坪林雙捷美寓,新北市新店區中興路三段,公寓,40.1年,建坪31.69,主+陽28.00,5/5樓,4房(室)3廳3衛(含加蓋1房(室)1廳1衛), 交通方便、機能好、空間大好運用 ,永慶房屋房間都有窗近捷運大坪林站,"1,650","1,650",無
2025_10_16 23_48_14,17,大坪林四房美居,新北市新店區北新路三段,華廈,42.2年,建坪40.48,主+陽33.53,4/7樓,4房(室)2廳3衛, 新裝潢拎包入住、地點機能好 ,永慶房屋廁所有窗有天然瓦斯房間都有窗近捷運大坪林站,"2,500","2,800萬",無
2025_10_16 23_48_14,17,玫瑰公園旁大空間,新北市板橋區龍泉街,住宅大樓,30.8年,建坪42.18,主+陽31.96,3/12樓,3房(室)2廳2衛, 格局方正好規劃，近學區機能佳 ,永慶房屋廁所有窗有天然瓦斯房間都有窗,"2,388","2,580萬",無
2025_10_16 23_48_14,17,頂溪邊間3樓美寓,新北市永和區竹林路,公寓,49.3年,建坪26.19,主26.19,3/4樓,3房(室)2廳1衛, 邊間採光好 ,永慶房屋有天然瓦斯房間都有窗近捷運頂溪站,"1,688","1,688",無
2025_10_16 23_48_14,17,南山閱讀磐石一樓,新北市中和區保平路,公寓,47.6年,建坪26.29,主26.29,1/4樓,3房(室)2廳2衛(含加蓋2房(室)--廳1衛), 近傳統市場新舊揉合新意 ,永慶房屋廁所有窗有天然瓦斯近捷運永和永平國小站(施工中)近捷運永安市場站,"1,850","2,280萬",無
2025_10_16 23_48_14,17,幸福公園美景豪邸,新北市新莊區思源路,住宅大樓,14.1年,建坪56.64,主+陽31.85,14/19樓,4房(室)2廳2衛, 正面公園，近幸福捷運站 ,永慶房屋廁所有窗有天然瓦斯房間都有窗近捷運幸福站,"3,613","3,613",含車位價250萬元
2025_10_16 23_48_14,17,七張中正邊間美寓,新北市新店區中正路,公寓,47.4年,建坪31.85,主+陽31.85,3/5樓,3房(室)2廳2衛, 邊間三面採光、格局方正 ,永慶房屋廁所有窗近捷運七張站近捷運新店區公所站,"1,688","1,888萬",無
2025_10_16 23_48_14,17,新和國小邊間四房,新北市新店區永安街,住宅大樓,30.1年,建坪37.10,主+陽29.69,10/13樓,4房(室)2廳2衛(含加蓋2房(室)--廳--衛), 雙衛開窗 前陽台進出 ,永慶房屋廁所有窗有天然瓦斯房間都有窗近捷運新北捷新和國小站近捷運秀朗橋站,"1,788","2,058萬",無
2025_10_16 23_48_14,17,樂菲莊園精美三房,新北市新店區央北二路,住宅大樓,2.3年,建坪26.57,主+陽16.00,4/15樓,3房(室)2廳1衛, 社區公設多樣化 全齡可使用 ,永慶房屋有天然瓦斯房間都有窗近捷運新北捷十四張站近捷運十四張站,"1,850","2,280萬",無
2025_10_16 23_48_14,17,皇翔邊間捷運宅邸,新北市土城區學海街,住宅大樓,0.6年,建坪29.53,主+陽20.06,3/13樓,3房(室)2廳2衛, 中庭綠意雙面採光三房好宅 ,永慶房屋廁所有窗有天然瓦斯房間都有窗近捷運海山站近捷運土城站,"2,298","2,298",無
2025_10_16 23_48_14,17,置產低總價金透天,新北市板橋區中山路二段,透天厝,58.3年,建坪22.39,主22.39,1~2/2樓,3房(室)2廳2衛(含加蓋1房(室)--廳--衛), 土地坪數大，自住置產都合適 ,永慶房屋廁所有窗房間都有窗,"1,580","1,680萬",無
2025_10_16 23_48_14,17,樂菲莊園四房平車,新北市新店區央北二路,住宅大樓,2.3年,建坪61.63,主+陽33.83,7/15樓,4房(室)2廳2衛, 正面河景 ,永慶房屋有天然瓦斯房間都有窗近捷運新北捷十四張站近捷運十四張站,"4,098","4,098",含車位價260萬元
2025_10_16 23_48_14,17,小資首選河景宅,新北市新店區央北二路,住宅大樓,2.3年,建坪26.88,主+陽12.65,14/15樓,1房(室)2廳1衛, 高樓層面河景 公設多元近捷運 ,永慶房屋有天然瓦斯房間都有窗近捷運新北捷十四張站近捷運十四張站,"1,788","1,888萬",含車位價
2025_10_16 23_48_14,17,央北國泰高樓三房,新北市新店區啟文路,住宅大樓,2.6年,建坪45.06,主+陽23.10,15/19樓,3房(室)2廳2衛, 高樓遠景 採光佳 ,永慶房屋有天然瓦斯房間都有窗近捷運小碧潭站近捷運新北捷十四張站,"3,775","3,920萬",含車位價270萬元
2025_10_16 23_48_14,17,麗緻寶鼎捷運三房,新北市新莊區中正路,住宅大樓,11.3年,建坪52.49,主+陽27.07,2/13樓,3房(室)2廳2衛, 方正邊間格局，擁有當層排氣 ,永慶房屋廁所有窗有天然瓦斯房間都有窗近捷運丹鳳站,"2,688","2,800萬",含車位價230萬元
2025_10_16 23_48_14,17,峰景鳳翔沐森林景,新北市新莊區中正路,辦公商業大樓,16.0年,建坪31.75,主+陽23.56,7/14樓,2房(室)2廳1衛, 面中庭樹景大兩室、永久棟距 ,永慶房屋有天然瓦斯房間都有窗近捷運迴龍站近捷運LG21站(施工中),"1,988","1,988",無
2025_10_16 23_48_14,17,埔墘邊間方正二樓,新北市板橋區三民路一段,公寓,57.8年,建坪22.31,主22.31,2/4樓,3房(室)2廳1衛, 近興隆市場家樂福免爬高鄰近北市 ,永慶房屋廁所有窗房間都有窗,"1,390","1,390",無
2025_10_16 23_48_22,18,埔墘黃金店面,新北市板橋區三民路一段,店面,47.0年,建坪20.16,主20.16,1/5樓,1房(室)1廳1衛(含加蓋--房(室)--廳1衛), 位於熱鬧商圈中心、周邊機能便利 ,永慶房屋廁所有窗有天然瓦斯房間都有窗正面大馬路三角窗,"1,880","1,880",無
2025_10_16 23_48_22,18,埔墘黃金店面,新北市板橋區三民路一段,店面,47.0年,建坪20.16,主20.16,1/5樓,1房(室)1廳1衛(含加蓋--房(室)--廳1衛), 位於熱鬧商圈中心、周邊機能便利 ,永慶房屋廁所有窗有天然瓦斯房間都有窗正面大馬路三角窗,"1,880","1,880",無
2025_10_16 23_48_22,18,首都天廈帝王戶,新北市板橋區三民路一段,廠辦,34.9年,建坪69.92,主+陽+露66.36,6~7/7樓,6房(室)4廳4衛(含加蓋3房(室)1廳1衛), 大坪數規劃、內部挑高設計 ,永慶房屋廁所有窗有天然瓦斯房間都有窗,"4,388","4,388",無
2025_10_16 23_48_22,18,低總好入手三房,新北市板橋區翠華街,公寓,50.1年,建坪22.61,主+陽22.62,4/4樓,3房(室)2廳1衛, 邊間通風採光佳、格局好規劃 ,永慶房屋廁所有窗房間都有窗,"1,000","1,000",無
2025_10_16 23_48_22,18,埔墘邊間方正美宅,新北市板橋區中山路二段,公寓,44.7年,建坪17.94,主+露17.94,5/5樓,1房(室)2廳1衛, 可隔兩房低總價好入手進家樂福 ,永慶房屋廁所有窗房間都有窗,880,880,無
2025_10_16 23_48_22,18,正中山路門牌頂加,新北市板橋區中山路二段,公寓,56.8年,建坪32.33,主32.33,3/3樓,6房(室)4廳2衛(含加蓋3房(室)2廳1衛), 三樓頂加免爬高大空間自住收租可 ,永慶房屋,"1,380","1,480萬",無
2025_10_16 23_48_22,18,天京捷運鋼骨名邸,新北市土城區明德路二段,住宅大樓,27.7年,建坪24.61,主+陽17.65,14/21樓,2房(室)2廳1衛, 近捷運站生活機能佳 ,永慶房屋有天然瓦斯房間都有窗近捷運海山站,"1,638","1,750萬",無
2025_10_16 23_48_22,18,靜謐裝潢車庫一樓,新北市板橋區三民路二段,公寓,42.3年,建坪30.33,主+平30.33,1/5樓,3房(室)2廳2衛(含加蓋--房(室)--廳2衛), 自有車庫可停車有地下室使用空間 ,永慶房屋廁所有窗有天然瓦斯房間都有窗,"2,498","2,780萬",無
2025_10_16 23_48_22,18,曦光盈室邊間公寓,新北市板橋區三民路二段,公寓,46.0年,建坪23.43,主23.43,5/5樓,7房(室)3廳2衛(含加蓋4房(室)1廳1衛), 邊間採光好通風佳 ,永慶房屋廁所有窗房間都有窗近捷運板新站,"1,288","1,288",無
2025_10_16 23_48_22,18,埔墘美妝黃金三樓,新北市板橋區翠華街,公寓,46.4年,建坪25.38,主25.38,3/4樓,3房(室)1廳2衛, 邊間條件、三面採光間間明亮 ,永慶房屋廁所有窗房間都有窗,"1,420","1,420",無
2025_10_16 23_48_22,18,通風採光讚兩房車,新北市板橋區中山路二段,華廈,9.0年,建坪28.03,主+陽13.25,9/10樓,3房(室)1廳1衛(含加蓋1房(室)--廳--衛), 三面開窗，景觀採光超級棒 ,永慶房屋有天然瓦斯房間都有窗,"1,898","1,898",含車位價180萬元
2025_10_16 23_48_22,18,金城故鄉電梯3房,新北市土城區延和路,住宅大樓,28.9年,建坪31.09,主+陽23.07,21/22樓,3房(室)2廳2衛, 格局方正 無障礙空間 天然瓦斯 ,永慶房屋近捷運LG09站(施工中)近捷運莒光站(施工中),"1,698","1,868萬",無
2025_10_16 23_48_22,18,青峰高樓公園美宅,新北市板橋區永翠路,住宅大樓,5.5年,建坪45.65,主+陽21.77,8/15樓,2房(室)2廳2衛, 精美裝潢、邊間美宅、公園景觀 ,永慶房屋廁所有窗有天然瓦斯房間都有窗,"2,988","3,566萬",含車位價260萬元
2025_10_16 23_48_22,18,史丹佛陶然典雅居,新北市板橋區新府路,住宅大樓,18.0年,建坪78.74,主+陽35.96,5/24樓,4房(室)2廳2衛, 溫馨典雅四房雙車位交通機能佳 ,永慶房屋有天然瓦斯近捷運板橋站,"5,800","5,800",含車位價600萬元
2025_10_16 23_48_22,18,青潭景觀三房美居,新北市新店區北宜路二段,華廈,9.6年,建坪67.92,主+陽42.37,5/7樓,3房(室)2廳3衛, 景觀好，屋齡新，廁所開窗 ,永慶房屋廁所有窗有天然瓦斯房間都有窗,"2,860","2,860",含車位價180萬元
2025_10_16 23_48_22,18,錯過後悔的兩房車,新北市土城區立德路,住宅大樓,26.9年,建坪30.66,主+陽+露16.51,3/19樓,2房(室)1廳1衛, 生活機能佳 金城商圈  ,永慶房屋廁所有窗有天然瓦斯近捷運LG09站(施工中)近捷運LG10站(施工中),"1,388","1,480萬",含車位價120萬元
2025_10_16 23_48_22,18,永安三角窗住店,新北市永和區中和路,公寓,44.3年,建坪30.00,主+平+陽29.99,1~2/5樓,--房(室)2廳2衛, 8米巷寬 三角窗住店 ,永慶房屋房間都有窗三角窗出租中近捷運永安市場站近捷運景安站,"2,298","2,298",無
2025_10_16 23_48_22,18,永安精品電梯透天,新北市永和區中和路,透天厝,15.8年,建坪95.64,主+陽95.64,1~5/5樓,6房(室)2廳4衛(含加蓋2房(室)--廳4衛), 近永安捷運、公園、稀有電梯透天 ,永慶房屋有天然瓦斯房間都有窗近捷運永安市場站,"6,980","7,880萬",無
2025_10_16 23_48_22,18,景新空間機能二樓,新北市中和區景新街,公寓,43.3年,建坪29.09,主+陽29.08,2/5樓,3房(室)2廳1衛, 生活機能佳鄰近早市近興南夜市 ,永慶房屋有天然瓦斯近捷運南勢角站近捷運景平站,"1,450","1,450",無
2025_10_16 23_48_22,18,秀朗活巷庭院一樓,新北市永和區民族街,公寓,45.2年,建坪30.30,主30.30,1/5樓,4房(室)2廳1衛(含加蓋1房(室)--廳--衛), 電影取景街道前後庭院下水道完工 ,永慶房屋有天然瓦斯房間都有窗,"2,160","2,260萬",無
2025_10_16 23_48_22,18,佳瑪美寓幸福成家,新北市新莊區幸福路,公寓,45.7年,建坪23.69,主23.69,4/5樓,3房(室)2廳1衛, 鄰近佳瑪核心商圈多線公車路線 ,永慶房屋,978,"1,140萬",無
2025_10_16 23_48_22,18,幸福捷運昌隆美宅,新北市新莊區昌盛街,公寓,42.1年,建坪32.66,主+陽29.46,4/5樓,3房(室)2廳1衛, 近幸福捷運站昌隆國小福壽公園 ,永慶房屋廁所有窗有天然瓦斯房間都有窗近捷運幸福站,"1,288","1,288",無
2025_10_16 23_48_22,18,捷運好靜獨棟美宅,新北市中和區中安街,華廈,34.3年,建坪54.64,主+陽44.42,2/6樓,4房(室)2廳2衛, 近公園、捷運、大四房、方便停車 ,永慶房屋廁所有窗有天然瓦斯房間都有窗近捷運永安市場站近捷運景安站,"4,320","4,588萬",無
2025_10_16 23_48_22,18,永安捷運邊間美寓,新北市永和區保平路,公寓,48.1年,建坪30.07,主30.07,5/5樓,3房(室)2廳2衛(含加蓋--房(室)--廳1衛), 近捷運採光好，夜市百貨林立 ,永慶房屋廁所有窗有天然瓦斯房間都有窗近捷運永安市場站近捷運永和永平國小站(施工中),"1,598","1,688萬",無
2025_10_16 23_48_22,18,永安採光三房美寓,新北市中和區保平路,公寓,42.8年,建坪29.40,主+陽29.40,5/5樓,3房(室)2廳2衛(含加蓋--房(室)--廳1衛), 前後陽台進出雙衛浴開窗天然瓦斯 ,永慶房屋廁所有窗有天然瓦斯房間都有窗近捷運永和永平國小站(施工中)近捷運永安市場站,"1,468","1,688萬",無
2025_10_16 23_48_22,18,新埔捷運學區美寓,新北市板橋區介壽街,公寓,52.5年,建坪28.28,主+陽28.29,4/4樓,2房(室)2廳1衛, 捷運生活機能好格局方正好規劃  ,永慶房屋廁所有窗房間都有窗近捷運新埔站近捷運板橋站,"1,580","1,580",無
2025_10_16 23_48_22,18,專任成家圓夢首選,新北市新店區新坡一街,住宅大樓,30.5年,建坪28.02,主+平24.73,1/12樓,3房(室)2廳1衛(含加蓋1房(室)--廳--衛), 社區一樓挑高且公設比最低 ,永慶房屋有天然瓦斯房間都有窗,"1,380","1,380",無
2025_10_16 23_48_22,18,樹海圍繞綠意盎然,新北市新莊區中原東路,辦公商業大樓,9.2年,建坪38.57,主+陽15.80,3/18樓,1房(室)2廳1衛," 格局方正,正中原東路上 ",永慶房屋有天然瓦斯房間都有窗近捷運幸福站近捷運新北產業園區站,"2,180","2,180",含車位價250萬元
2025_10_16 23_48_22,18,兆之丘SRC景觀,新北市新莊區思源路,住宅大樓,11.9年,建坪81.99,主+陽39.10,17/22樓,3房(室)2廳2衛, SRC鋼骨獨立梯廳中空樓板 ,永慶房屋廁所有窗有天然瓦斯房間都有窗近捷運新北產業園區站,"5,280","5,280",含車位價
2025_10_16 23_48_22,18,福美公園邊間三房,新北市新莊區福德二街,住宅大樓,14.4年,建坪61.07,主+陽34.82,5/15樓,3房(室)2廳2衛, 一層兩戶邊間前後陽台廁所開窗 ,永慶房屋有天然瓦斯房間都有窗近捷運新北產業園區站,"3,558","3,558",含車位價250萬元
2025_10_16 23_48_22,18,邊間綠園光采四房,新北市新莊區福美街,住宅大樓,10.7年,建坪75.96,主+陽38.14,4/21樓,4房(室)2廳2衛, 邊間三面採光雙陽台綠意日式庭園 ,永慶房屋廁所有窗有天然瓦斯房間都有窗近捷運新北產業園區站,"4,888","4,888",含車位價240萬元
2025_10_16 23_48_29,19,樹海圍繞綠意盎然,新北市新莊區中原東路,辦公商業大樓,9.2年,建坪38.57,主+陽15.80,3/18樓,1房(室)2廳1衛," 格局方正,正中原東路上 ",永慶房屋有天然瓦斯房間都有窗近捷運幸福站近捷運新北產業園區站,"2,180","2,180",含車位價250萬元
2025_10_16 23_48_29,19,樹海圍繞綠意盎然,新北市新莊區中原東路,辦公商業大樓,9.2年,建坪38.57,主+陽15.80,3/18樓,1房(室)2廳1衛," 格局方正,正中原東路上 ",永慶房屋有天然瓦斯房間都有窗近捷運幸福站近捷運新北產業園區站,"2,180","2,180",含車位價250萬元
2025_10_16 23_48_29,19,鳥語花間悠然自適,新北市新莊區福美街,住宅大樓,12.6年,建坪60.83,主+陽34.18,3/14樓,4房(室)2廳2衛, 前後陽台房間衛浴對外窗溫馨裝潢 ,永慶房屋廁所有窗有天然瓦斯房間都有窗近捷運幸福站近捷運新北產業園區站,"3,480","3,888萬",含車位價250萬元
2025_10_16 23_48_29,19,A3捷運明水店鋪,新北市新莊區新知一路,店面,3.3年,建坪40.02,主+陽27.02,1/14樓,#NAME?, 新北知識產業園區金店舖，近捷運 ,永慶房屋近捷運新北產業園區站,"4,094","4,094",無
2025_10_16 23_48_29,19,光影流轉四季好居,新北市新莊區福德二街,住宅大樓,13.2年,建坪39.80,主+陽20.57,3/11樓,3房(室)2廳1衛, 室內挑高3米6房間衛浴對外窗 ,永慶房屋廁所有窗有天然瓦斯房間都有窗近捷運新北產業園區站,"2,188","2,388萬",含車位價180萬元
2025_10_16 23_48_29,19,光境森居雅致兩房,新北市新莊區福美街,住宅大樓,5.9年,建坪44.86,主+陽19.36,4/12樓,2房(室)2廳1衛, 邊間三面採光、房間衛浴皆開窗 ,永慶房屋廁所有窗房間都有窗近捷運新北產業園區站,"2,498","2,498",含車位價230萬元
2025_10_16 23_48_29,19,A3捷運明水透天,新北市新莊區新知一路,店面,3.3年,建坪60.00,主44.73,1/1樓,#NAME?, 新北知識產業園區近捷運露台透天 ,永慶房屋近捷運新北產業園區站,"6,187","6,187",無
2025_10_16 23_48_29,19,頭前近捷運大空間,新北市新莊區化成路,廠辦,30.8年,建坪55.17,主+陽41.67,6/8樓,4房(室)2廳2衛, 前後陽台大空間 ,永慶房屋近捷運先嗇宮站近捷運頭前庄站,"2,050","2,258萬",無
2025_10_16 23_48_29,19,鄉林映翠公園宅邸,新北市新莊區福美街,住宅大樓,13.9年,建坪54.53,主+陽30.86,5/15樓,3房(室)2廳2衛, 涵碧樓級別，前後陽台室內大三房 ,永慶房屋有天然瓦斯房間都有窗近捷運新北產業園區站,"3,778","3,778",含車位價230萬元
2025_10_16 23_48_29,19,幸福靜居雙衛兩房,新北市新莊區福美街,住宅大樓,6.5年,建坪44.74,主+陽20.83,10/15樓,3房(室)2廳2衛, 房間雙衛皆有對外窗屋況採光好  ,永慶房屋廁所有窗有天然瓦斯房間都有窗近捷運新北產業園區站,"2,688","2,688",含車位價250萬元
2025_10_16 23_48_29,19,晨曦森語靜謐流光,新北市新莊區福美街,住宅大樓,12.6年,建坪60.83,主+陽34.18,12/14樓,3房(室)2廳2衛, 前後陽台戶戶邊間 採光通風好  ,永慶房屋廁所有窗有天然瓦斯房間都有窗近捷運幸福站近捷運新北產業園區站,"3,650","3,650",含車位價250萬元
2025_10_16 23_48_29,19,本格明水露台透天,新北市新莊區新知一路,店面,3.3年,建坪115.04,主45.26,1/1樓,#NAME?, 新北知識產業園區近捷運露台透天 ,永慶房屋近捷運新北產業園區站,"6,589","6,589",無
2025_10_16 23_48_29,19,光透微風靜謐之所,新北市新莊區福德二街,住宅大樓,13.2年,建坪36.26,主+陽18.09,6/12樓,2房(室)2廳1衛, 一層四戶 戶戶邊間 挑高3米6 ,永慶房屋廁所有窗有天然瓦斯房間都有窗近捷運新北產業園區站,"2,080","2,188萬",含車位價180萬元
2025_10_16 23_48_29,19,達麗微光小晴居,新北市新莊區福美街,住宅大樓,14.4年,建坪24.06,主+陽15.51,2/13樓,1房(室)2廳1衛, 屋況佳 有露台 天然瓦斯明火 ,永慶房屋有天然瓦斯房間都有窗近捷運幸福站近捷運新北產業園區站,"1,788","1,788",無
2025_10_16 23_48_29,19,冠德頂樓制震宅,新北市新莊區中原東路,住宅大樓,11.8年,建坪148.18,主+陽76.91,24~25/25樓,4房(室)2廳4衛, 樓中樓公園 幸福站 全聯 泳池 ,永慶房屋廁所有窗有天然瓦斯房間都有窗近捷運幸福站近捷運新北產業園區站,"8,888","8,888",含車位價
2025_10_16 23_48_29,19,知性宏普挑高兩房,新北市新莊區福德二街,住宅大樓,13.2年,建坪36.26,主+陽18.09,4/12樓,3房(室)2廳1衛(含加蓋1房(室)--廳--衛), 房間廁所客廳皆有對外窗溫馨裝潢 ,永慶房屋廁所有窗有天然瓦斯房間都有窗近捷運新北產業園區站,"2,188","2,480萬",含車位價180萬元
2025_10_16 23_48_29,19,近捷運裝潢美兩房,新北市中和區景德街,華廈,14.9年,建坪26.28,主+陽16.58,2/7樓,2房(室)2廳1衛, 近捷運、屋況優、機能方便 ,永慶房屋廁所有窗有天然瓦斯房間都有窗近捷運景平站近捷運南勢角站,"2,058","2,058",無
2025_10_16 23_48_29,19,京美中庭三房車,新北市土城區中州路,住宅大樓,12.5年,建坪53.22,主+陽30.17,5/19樓,3房(室)2廳2衛, 廁所對外窗，面中庭稀少釋出 ,永慶房屋廁所有窗有天然瓦斯房間都有窗,"2,015","2,015",含車位價210萬元
2025_10_16 23_48_29,19,國光方正美寓,新北市中和區國光街,公寓,48.8年,建坪27.60,主+陽27.60,4/4樓,3房(室)2廳1衛, 棟距大 前後陽台 格局無方正  ,永慶房屋廁所有窗近捷運莒光站(施工中),"1,420","1,420",無
2025_10_16 23_48_29,19,碧波白景觀二房車,新北市新店區北新路一段,住宅大樓,5.9年,建坪34.50,主+陽17.12,30/30樓,2房(室)2廳1衛, 高樓景觀佳 精美裝潢即可入住 ,永慶房屋有天然瓦斯房間都有窗近捷運新店站,"2,795","2,795",含車位價280萬元
2025_10_16 23_48_29,19,臻園兩房稀有釋出,新北市板橋區忠孝路,住宅大樓,4.5年,建坪24.32,主+陽14.89,3/15樓,2房(室)2廳1衛, 嘉廷建設 明廳 獨立廚房  ,永慶房屋有天然瓦斯,"2,080","2,080",無
2025_10_16 23_48_29,19,方圓富都就在新庄,新北市新莊區永寧街,住宅大樓,1.6年,建坪63.38,主+陽35.44,6/25樓,3房(室)2廳2衛, 完善生活機能少有的靜巷千坪基地 ,永慶房屋廁所有窗有天然瓦斯房間都有窗近捷運新莊站近捷運頭前庄站,"4,580","4,780萬",含車位價250萬元
2025_10_16 23_48_29,19,尊爵高樓景觀大戶,新北市新莊區新泰路,住宅大樓,10.5年,建坪85.13,主+陽50.03,17/18樓,4房(室)2廳4衛, 遠景高樓景觀佳、生活機能佳 ,永慶房屋廁所有窗房間都有窗近捷運新莊站,"4,258","4,680萬",含車位價
2025_10_16 23_48_29,19,永鼎河景露台戶,新北市新莊區中正路,住宅大樓,8.9年,建坪198.18,主+陽105.59,21~22/22樓,5房(室)3廳5衛, 享有高樓遠景，超稀有露台景觀戶 ,永慶房屋近捷運新莊站,"13,500","13,500",含車位價880萬元
2025_10_16 23_48_29,19,頭前庄捷運透天,新北市新莊區中正路,工廠,26.3年,建坪109.77,主99.93,1~5/5樓,10房(室)6廳6衛(含加蓋--房(室)1廳1衛)," 鄰近頭前庄捷運站,屋齡年輕 ",永慶房屋廁所有窗近捷運頭前庄站,"4,600","5,685萬",無
2025_10_16 23_48_29,19,冠德鋼骨鼎極御所,新北市新莊區思源路,住宅大樓,10.9年,建坪79.11,主+陽43.82,12/25樓,4房(室)2廳2衛," SRC結構,甲級營造,中空樓板 ",永慶房屋廁所有窗有天然瓦斯房間都有窗近捷運幸福站,"5,888","5,888",含車位價250萬元
2025_10_16 23_48_29,19,永鼎露臺樓中樓,新北市新莊區中正路,住宅大樓,8.9年,建坪181.14,主+陽103.21,21~22/22樓,5房(室)3廳5衛, 新莊站旁約一分鐘，露臺空間 ,永慶房屋近捷運新莊站,"12,600","12,600",含車位價600萬元
2025_10_16 23_48_29,19,五守方正學區宅,新北市新莊區中港路,華廈,26.4年,建坪44.90,主+陽30.54,4/9樓,3房(室)2廳2衛, 格局方正、近學區、近捷運。 ,永慶房屋有天然瓦斯房間都有窗近捷運新莊站近捷運頭前庄站,"2,300","2,388萬",含車位價
2025_10_16 23_48_29,19,永鼎捷運質感豪邸,新北市新莊區中正路,住宅大樓,8.9年,建坪123.48,主+陽68.19,21~22/22樓,4房(室)3廳3衛, 近新莊捷運站、精華地段 ,永慶房屋廁所有窗有天然瓦斯近捷運新莊站,"8,800","8,800",含車位價580萬元
2025_10_16 23_48_29,19,永鼎臻藏露台豪宅,新北市新莊區中正路,住宅大樓,8.9年,建坪191.53,主+陽100.26,21~22/22樓,5房(室)3廳5衛, 新莊捷運站約一分鐘，挑高樓層 ,永慶房屋近捷運新莊站,"12,600","12,600",含車位價
2025_10_16 23_48_29,19,全坤峰華建築語彙,新北市新莊區頭前路,住宅大樓,13.5年,建坪62.41,主+陽35.29,13/21樓,4房(室)2廳2衛, 環狀線幸福站x低公設比4房車位 ,永慶房屋新上廁所有窗有天然瓦斯房間都有窗近捷運幸福站,"3,988","3,988",含車位價230萬元
2025_10_16 23_48_37,20,三樓公寓學區宅,新北市新莊區中港路,公寓,45.4年,建坪34.29,主34.29,3/5樓,3房(室)2廳1.5衛(含加蓋--房(室)--廳0.5衛), 低樓層、格局方正、近捷運站 ,永慶房屋廁所有窗有天然瓦斯房間都有窗近捷運新莊站近捷運頭前庄站,"1,468","1,558萬",無
2025_10_16 23_48_37,20,三樓公寓學區宅,新北市新莊區中港路,公寓,45.4年,建坪34.29,主34.29,3/5樓,3房(室)2廳1.5衛(含加蓋--房(室)--廳0.5衛), 低樓層、格局方正、近捷運站 ,永慶房屋廁所有窗有天然瓦斯房間都有窗近捷運新莊站近捷運頭前庄站,"1,468","1,558萬",無
2025_10_16 23_48_37,20,永鼎霸氣露臺豪邸,新北市新莊區中正路,住宅大樓,8.9年,建坪192.25,主+陽103.21,21~22/22樓,5房(室)3廳5衛, 近新莊捷運站、前後陽台精華地段 ,永慶房屋廁所有窗有天然瓦斯房間都有窗近捷運新莊站,"12,800","12,800",含車位價850萬元
2025_10_16 23_48_37,20,豐年稀有方正美寓,新北市新莊區新莊路,公寓,43.8年,建坪30.08,主+陽30.07,4/5樓,3房(室)2廳1衛, 鄰近豐年國小、豐年市場 ,永慶房屋廁所有窗有天然瓦斯房間都有窗,"1,128","1,280萬",無
2025_10_16 23_48_37,20,永鼎質感裝潢豪邸,新北市新莊區中正路,住宅大樓,8.9年,建坪74.90,主+陽42.28,4/22樓,4房(室)2廳2衛, 捷運站一分鐘即到家，質感裝潢 ,永慶房屋有天然瓦斯房間都有窗近捷運新莊站,"4,680","4,880萬",含車位價250萬元
2025_10_16 23_48_37,20,獨立進出挑高辦公,新北市新莊區新泰路,辦公商業大樓,28.3年,建坪103.71,主+露97.40,2~4/16樓,4房(室)2廳3衛(含加蓋3房(室)--廳1衛), 生活機能佳、獨立辦公使用空間大 ,永慶房屋廁所有窗有天然瓦斯房間都有窗,"3,488","3,488",無
2025_10_16 23_48_37,20,帝京A3捷運露臺,新北市新莊區中正路,住宅大樓,8.9年,建坪86.00,主+陽40.63,3/22樓,3房(室)2廳2衛, 近新莊捷運站、稀有露臺空間 ,永慶房屋有天然瓦斯房間都有窗近捷運新莊站,"5,880","5,880",含車位價540萬元
2025_10_16 23_48_37,20,方圓富都天際奢居,新北市新莊區永寧街,住宅大樓,1.6年,建坪62.73,主+陽35.44,19/25樓,3房(室)2廳3衛, 遠眺台北101，高樓景觀佳 ,永慶房屋廁所有窗有天然瓦斯房間都有窗近捷運新莊站近捷運頭前庄站,"4,780","4,780",含車位價250萬元
2025_10_16 23_48_37,20,新莊前後陽台美寓,新北市新莊區新莊路,公寓,43.8年,建坪28.80,主+陽28.80,3/5樓,3房(室)2廳1衛, 格局方正，前後陽台，天然瓦斯 ,永慶房屋廁所有窗有天然瓦斯房間都有窗,"1,100","1,200萬",無
2025_10_16 23_48_37,20,歐洲村獨戶三房,新北市新莊區立信三街,住宅大樓,20.0年,建坪33.17,主+陽18.94,1/12樓,4房(室)2廳3衛(含加蓋3房(室)--廳2衛), 獨戶前陽台進出三房舒適空間 ,永慶房屋有天然瓦斯房間都有窗近捷運泰山站,"2,280","2,588萬",含車位價
2025_10_16 23_48_37,20,捷運臻寶前後陽台,新北市新莊區建興街,住宅大樓,12.2年,建坪43.89,主+陽28.47,2/13樓,2房(室)2廳2衛, 近新莊捷運站交通生活機能方便 ,永慶房屋廁所有窗有天然瓦斯房間都有窗近捷運新莊站,"2,540","3,288萬",無
2025_10_16 23_48_37,20,宏泰小資強強三樓,新北市新莊區自強街,公寓,49.9年,建坪13.60,主13.60,3/4樓,2房(室)1廳1衛," 鄰近福壽街美食天堂,思賢國小 ",永慶房屋房間都有窗近捷運幸福站,698,780萬,無
2025_10_16 23_48_37,20,中央七街超值好屋,新北市新店區中央七街,公寓,40.4年,建坪44.44,主+陽41.01,5/5樓,4房(室)3廳3衛(含加蓋1房(室)1廳1衛), 正面央北一路，採光好 ,永慶房屋有天然瓦斯房間都有窗近捷運小碧潭站,"1,998","1,998",無
2025_10_16 23_48_37,20,捷運學區晴境好宅,新北市永和區永平路,公寓,36.8年,建坪37.10,主+陽37.10,3/5樓,3房(室)2廳2衛, 稀有八米巷寬、黃金三樓 ,永慶房屋有天然瓦斯房間都有窗近捷運永和永平國小站(施工中)近捷運頂溪站,"1,880","1,980萬",無
2025_10_16 23_48_37,20,捷運宏泰自治一樓,新北市新莊區自治街,公寓,49.4年,建坪17.87,主17.87,1/4樓,2房(室)1廳1衛, 宏泰市場內稀有物件一樓 ,永慶房屋近捷運幸福站,"1,388","1,560萬",無
2025_10_16 23_48_37,20,首購新莊雙語學區,新北市新莊區中正路,公寓,47.6年,建坪24.41,主24.41,4/5樓,3房(室)2廳1衛, 首購之選，近捷運站、學區 ,永慶房屋廁所有窗有天然瓦斯房間都有窗近捷運新莊站近捷運頭前庄站,"1,200","1,298萬",無
2025_10_16 23_48_37,20,黃金廣場邊間三房,新北市新莊區中正路,華廈,31.4年,建坪33.61,主+陽31.12,6/9樓,3房(室)2廳2衛, 高樓層、採光佳 ,永慶房屋有天然瓦斯房間都有窗近捷運新莊站,"1,988","1,988",無
2025_10_16 23_48_37,20,麗京裝潢四房車位,新北市新莊區新豐街,住宅大樓,18.9年,建坪53.37,主+陽32.85,6/13樓,4房(室)2廳2衛, 四房大空間平面車位 ,永慶房屋新上有天然瓦斯房間都有窗近捷運新莊站,"3,288","3,288",含車位價240萬元
2025_10_16 23_48_37,20,豪門雙星邊間大戶,新北市新莊區景德路,住宅大樓,32.8年,建坪73.61,主+陽54.53,4/15樓,4房(室)3廳3衛, 大坪數好利用空間 鬧中取靜 ,永慶房屋有天然瓦斯房間都有窗近捷運新莊站,"3,100","3,296萬",含車位價
2025_10_16 23_48_37,20,捷運稀有裝潢美屋,新北市新莊區中正路,公寓,45.7年,建坪21.48,主21.48,4/5樓,2房(室)2廳2衛, 屋況佳，近捷運，天然瓦斯 ,永慶房屋有天然瓦斯近捷運新莊站近捷運頭前庄站,"1,050","1,298萬",無
2025_10_16 23_48_37,20,中正次高露臺豪邸,新北市新莊區中正路,住宅大樓,12.3年,建坪107.07,主+陽60.27,17/18樓,4房(室)2廳3衛, 次高露臺戶，捷運站旁，稀有釋出 ,永慶房屋廁所有窗有天然瓦斯房間都有窗近捷運新莊站,"7,340","7,340",含車位價
2025_10_16 23_48_37,20,永鼎邊間景觀四房,新北市新莊區中正路,住宅大樓,12.3年,建坪64.41,主+陽37.49,10/18樓,4房(室)2廳2衛, 邊間景觀佳，近捷運，公設低 ,永慶房屋廁所有窗有天然瓦斯房間都有窗近捷運新莊站,"4,434","4,434",含車位價
2025_10_16 23_48_37,20,四維機能極品美寓,新北市新莊區四維路,公寓,40.8年,建坪21.51,主+陽21.52,4/5樓,2房(室)2廳1衛, 四維路機能佳、近龍安路多線公車 ,永慶房屋廁所有窗,898,"1,098萬",無
2025_10_16 23_48_37,20,新莊捷運小資宅,新北市新莊區新莊路,公寓,53.7年,建坪23.79,主23.79,2/4樓,3房(室)3廳1.5衛(含加蓋2房(室)1廳--衛), 鄰近捷運、學區、使用空間大 ,永慶房屋有天然瓦斯近捷運新莊站近捷運頭前庄站,"1,300","1,300",無
2025_10_16 23_48_37,20,竹城正面公園恆美,新北市新莊區頭前路,住宅大樓,13.0年,建坪77.77,主+陽42.69,9/14樓,4房(室)2廳3衛, 竹城新東京正面公園稀有釋出 ,永慶房屋有天然瓦斯房間都有窗近捷運幸福站,"5,558","5,558",含車位價
2025_10_16 23_48_37,20,竹城公園正面樹梢,新北市新莊區頭前路,住宅大樓,13.0年,建坪81.56,主+陽45.67,3/14樓,4房(室)2廳3衛, 正面頭前運動公園稀有條件 ,永慶房屋有天然瓦斯房間都有窗近捷運幸福站,"5,688","5,688",含車位價500萬元
2025_10_16 23_48_37,20,黎明大空間小藍天,新北市新店區黎明路,公寓,35.6年,建坪44.30,主+陽33.04,3~4/4樓,3房(室)2廳2衛, 邊間大空間、CP值最高 ,永慶房屋房間都有窗,"1,168","1,250萬",含車位價
2025_10_16 23_48_37,20,機捷住宅三房車位,新北市新莊區中央路,住宅大樓,12.5年,建坪73.90,主+陽42.48,13/19樓,3房(室)2廳2衛, 進機場捷運線 純住宅 ,永慶房屋廁所有窗有天然瓦斯房間都有窗近捷運新莊副都心站,"4,380","4,580萬",含車位價220萬元
2025_10_16 23_48_37,20,達欣工程景觀兩房,新北市新店區安祥路,華廈,13.1年,建坪80.72,主+陽46.65,2/7樓,2房(室)2廳2衛, 精美裝潢拎包入住 ,永慶房屋有天然瓦斯房間都有窗,"2,638","2,980萬",含車位價
2025_10_16 23_48_37,20,新店屋下車庫別墅,新北市新店區安祥路,透天厝,29.0年,建坪64.02,主+陽+露59.73,B1~3/3樓,4房(室)2廳3衛, 山景景觀，屋下車庫 ,永慶房屋有天然瓦斯,"1,850","1,850",無
2025_10_16 23_48_37,20,天闊高樓河景美宅,新北市新店區環河路,住宅大樓,26.1年,建坪76.72,主+陽51.05,29/36樓,5房(室)2廳3衛, 雙主臥 高樓河景  ,永慶房屋有天然瓦斯房間都有窗近捷運新店站近捷運新店區公所站,"3,938","3,938",含車位價300萬元
