物件標題,地址,物件類型,屋齡,坪數,格局,樓層,價格
捷運裝潢社區透天,新北市新莊區思源路 朕權第一期,透天厝,13.7年,建坪38.18,3房(室)3廳1.5衛(含加蓋--房(室)1廳--衛),1~2/2樓,"3,288 萬"
捷運裝潢社區透天,新北市新莊區思源路 朕權第一期,透天厝,13.7年,建坪38.18,3房(室)3廳1.5衛(含加蓋--房(室)1廳--衛),1~2/2樓,"3,288 萬"
新埔捷運方正公寓,新北市板橋區光武街,公寓,48.9年,建坪30.86,3房(室)2廳1衛,2/4樓,"1,350 萬"
永安捷運三房平車,新北市中和區宜安路 協和紀森活館,住宅大樓,11.8年,建坪51.59,3房(室)2廳2衛,7/13樓,"4,098 萬"
美河高樓景觀典藏,新北市新店區中央路 美河市,辦公商業大樓,12.9年,建坪62.60,3房(室)2廳2衛,15/29樓,"4,288 萬"
遠東科技園區二樓,新北市板橋區信義路,公寓,43.9年,建坪28.87,3房(室)2廳1衛,2/5樓,"1,250 萬"
東方富域白淨居,新北市板橋區縣民大道二段 東方富域,住宅大樓,14.8年,建坪106.61,3房(室)2廳3衛,10/30樓,"7,480 萬"
水丰景x臻藏席次,新北市三重區神農街,住宅大樓,5.5年,建坪34.70,3房(室)2廳2衛,13/15樓,"2,500 萬"
捷運景觀精美兩房,新北市三重區雙園街 唐璽花園綻,華廈,2.2年,建坪20.90,2房(室)2廳1衛,2/9樓,"1,780 萬"
半島綠意邊間三房,新北市汐止區樟樹二路 半島花園第1期,住宅大樓,7.6年,建坪52.73,3房(室)2廳2衛,3/15樓,"2,466 萬"
新都心富裔河大戶,新北市新店區復興路 國礎富裔河,住宅大樓,9.1年,建坪202.04,6房(室)2廳6.5衛,22~23/23樓,"11,500 萬"
民光角窗金店住辦,新北市永和區民光街,公寓,52.8年,建坪21.69,1房(室)2廳1衛,1/4樓,"2,200 萬"
大花園庭院一樓,新北市新店區玫瑰路 富貴園,公寓,35.9年,建坪49.80,4房(室)2廳3衛,B1~2/5樓,"1,580 萬"
合環永新A1露臺,新北市新店區永新街 合環永新,住宅大樓,3.5年,建坪114.37,4房(室)2廳3衛,13/14樓,"9,751 萬"
大坪林典藏複式宅,新北市新店區大豐路,公寓,54.6年,建坪21.78,4房(室)3廳2衛(含加蓋2房(室)1廳1衛),4/4樓,"1,398 萬"
景新氣派馬路金店,新北市中和區景新街 森鄰綠,店面,12.4年,建坪48.27,--房(室)1廳1衛,1/14樓,"2,688 萬"
雲頂之所三房車,新北市深坑區埔新街 台北好境,住宅大樓,15.1年,建坪46.37,3房(室)2廳2衛,11/11樓,"2,280 萬"
大坪林靜巷庭院居,新北市新店區大豐路,公寓,51.7年,建坪20.15,3房(室)2廳1衛,1/4樓,"1,580 萬"
富裔河河景雙車位,新北市新店區復興路 國礎富裔河,住宅大樓,9.1年,建坪123.62,3房(室)2廳3.5衛,13/23樓,"5,880 萬"
免千萬電梯大三房,新北市新店區安祥路 龍泉社區,住宅大樓,29.6年,建坪44.82,3房(室)2廳2衛,8/18樓,980 萬
世界H2-3樓,新北市土城區 金城舞5-世界花園,住宅大樓,#NAME?,建坪37.67,3房(室)2廳2衛,3/24樓,"2,450 萬"
重劃區旁三房車位,新北市新莊區昌平街 宏福新莊,住宅大樓,30.2年,建坪41.88,3房(室)2廳2衛,8/16樓,"1,950 萬"
宏福大戶四房車位,新北市新莊區昌平街 宏福新莊,住宅大樓,30.2年,建坪55.44,4房(室)2廳2衛,6/17樓,"3,200 萬"
碧潭獨戶晴光居所,新北市新店區新店後街,公寓,32.4年,建坪41.54,4房(室)2廳3衛,3/4樓,"1,950 萬"
近東湖電梯兩房宅,新北市汐止區中興路 汐止101/隱馥玉,住宅大樓,9.5年,建坪27.54,2房(室)2廳1衛,15/15樓,"1,930 萬"
白馬山河景觀大院,新北市汐止區忠二街 白馬山莊,透天厝,43.2年,建坪105.73,7房(室)3廳4衛(含加蓋1房(室)--廳--衛),1~2/2樓,"8,000 萬"
景秀天廈三房平車,新北市中和區景平路 景秀天廈,住宅大樓,32.8年,建坪67.19,3房(室)3廳2衛,12/12樓,"3,388 萬"
亞東黃金三樓收租,新北市土城區廣明街,公寓,48.3年,建坪22.87,4房(室)--廳4衛,3/4樓,"1,060 萬"
全新花現美好挑高,新北市板橋區信義路,店面,2.2年,建坪17.16,--房(室)2廳1衛,1/6樓,"1,880 萬"
南勢角正馬路金店,新北市中和區景新街 森鄰綠,店面,12.4年,建坪36.14,--房(室)1廳1衛,1/14樓,"2,118 萬"
正景新街面寬金店,新北市中和區景新街 森鄰綠,店面,12.4年,建坪84.42,--房(室)2廳2衛,1/14樓,"4,808 萬"
新埔捷運邊間美宅,新北市板橋區自由路,公寓,41.9年,建坪27.85,3房(室)2廳2衛,4/5樓,"1,780 萬"
新埔捷運邊間美宅,新北市板橋區自由路,公寓,41.9年,建坪27.85,3房(室)2廳2衛,4/5樓,"1,780 萬"
金城舞I5-8樓,新北市土城區 金城舞5-世界花園,住宅大樓,#NAME?,建坪31.05,#NAME?,8/24樓,"1,938 萬"
曠野明亮四房車位,新北市土城區學士路 金城舞2-都心花園,住宅大樓,2.6年,建坪53.14,4房(室)2廳2衛,4/19樓,"3,638 萬"
知名連鎖三角店面,新北市汐止區中興路 傳家堡,店面,24.9年,建坪87.83,#NAME?,1/12樓,"6,500 萬"
正中興路黃金店面,新北市汐止區中興路,店面,33.9年,建坪92.34,--房(室)2廳2衛(含加蓋--房(室)--廳2衛),1~2/7樓,"10,888 萬"
捷運宏泰自治一樓,新北市新莊區自治街,公寓,49.3年,建坪17.87,2房(室)1廳1衛,1/4樓,"1,388 萬"
都市生活四房平車,新北市土城區裕民路 都市生活家,住宅大樓,25.1年,建坪64.11,4房(室)2廳2衛,4/14樓,"3,288 萬"
金鳳凰邊間華廈,新北市土城區學府路一段 金鳳凰華廈,其他,30.7年,建坪26.48,2房(室)2廳1衛,3/7樓,"1,388 萬"
溫馨典藏史丹佛,新北市板橋區新府路 史丹佛,住宅大樓,18.0年,建坪101.43,3房(室)2廳2衛,19/24樓,"7,988 萬"
永和帝王高樓車位,新北市永和區永和路二段 永和帝王,辦公商業大樓,26.5年,建坪24.81,1房(室)1廳1衛,12/14樓,"1,680 萬"
中正美妝獨棟三房,新北市永和區中正路,公寓,43.2年,建坪34.71,3房(室)2廳2衛,5/5樓,"1,798 萬"
邊間高樓景觀美屋,新北市新店區安祥路 新鎮,住宅大樓,30.2年,建坪31.48,2房(室)2廳2衛,16/16樓,898 萬
專任元寶双囍兩房,新北市新店區光華街 元寶雙囍,住宅大樓,7.7年,建坪28.05,2房(室)2廳1衛,7/14樓,"1,588 萬"
書香捷運大空間,新北市新莊區中正路,公寓,49.2年,建坪32.99,3房(室)2廳1衛,4/4樓,"1,198 萬"
僑三採光三房,新北市板橋區僑中三街,公寓,42.6年,建坪31.26,3房(室)2廳2衛,4/5樓,"1,198 萬"
健華新城景觀三房,新北市板橋區文化路一段 健華新城,住宅大樓,19.8年,建坪55.08,3房(室)2廳2衛,13/14樓,"3,800 萬"
捷運電梯7+8,新北市土城區中央路四段,華廈,32.4年,建坪41.14,5房(室)4廳3衛(含加蓋2房(室)2廳1衛),7/7樓,"1,898 萬"
中港鼎佳大空間,新北市新莊區中港三街,公寓,38.4年,建坪34.98,7房(室)3廳3衛(含加蓋4房(室)1廳1衛),5/5樓,"1,150 萬"
捷運公園制震四房,新北市新莊區雙鳳路 君泰一期,住宅大樓,9.1年,建坪72.31,4房(室)2廳2衛,14/21樓,"4,450 萬"
永寧電梯單價42,新北市土城區中央路三段 黃金國,住宅大樓,32.2年,建坪32.95,3房(室)2廳2衛,9/16樓,"1,399 萬"
寶地三房平車美宅,新北市新店區安康路二段 寶地花園,華廈,30.3年,建坪42.09,3房(室)2廳2衛,6/8樓,"1,850 萬"
新板史丹佛陽光居,新北市板橋區新府路 史丹佛,住宅大樓,18.0年,建坪59.97,2房(室)2廳2衛,21/24樓,"5,068 萬"
光華學區首選兩房,新北市新莊區西盛街 中國海,住宅大樓,33.0年,建坪20.88,2房(室)1廳1衛,2/16樓,"1,028 萬"
秀朗明亮三房美寓,新北市永和區永元路,公寓,44.9年,建坪25.69,3房(室)2廳1衛,4/5樓,"1,398 萬"
安康明亮三房車,新北市新店區安德街 早安康橋,住宅大樓,17.0年,建坪42.43,3房(室)2廳2衛,3/13樓,"1,998 萬"
黃金廣場邊間三房,新北市新莊區中正路 宏運黃金廣場,華廈,31.4年,建坪33.61,3房(室)2廳2衛,6/9樓,"1,988 萬"
首購新莊雙語學區,新北市新莊區中正路,公寓,47.6年,建坪24.41,3房(室)2廳1衛,4/5樓,"1,200 萬"
麗京裝潢四房車位,新北市新莊區新豐街 麗京,住宅大樓,18.9年,建坪53.37,4房(室)2廳2衛,6/13樓,"3,288 萬"
永鼎捷運質感豪邸,新北市新莊區中正路 永鼎帝京,住宅大樓,8.9年,建坪123.48,4房(室)3廳3衛,21~22/22樓,"8,800 萬"
永鼎霸氣露臺豪邸,新北市新莊區中正路 永鼎帝京,住宅大樓,8.9年,建坪192.25,5房(室)3廳5衛,21~22/22樓,"12,800 萬"
豪門雙星邊間大戶,新北市新莊區景德路 豪門雙星,住宅大樓,32.8年,建坪73.61,4房(室)3廳3衛,4/15樓,"3,100 萬"
豪門雙星邊間大戶,新北市新莊區景德路 豪門雙星,住宅大樓,32.8年,建坪73.61,4房(室)3廳3衛,4/15樓,"3,100 萬"
捷運稀有裝潢美屋,新北市新莊區中正路,公寓,45.7年,建坪21.48,2房(室)2廳2衛,4/5樓,"1,050 萬"
中正次高露臺豪邸,新北市新莊區中正路 永鼎國璽,住宅大樓,12.3年,建坪107.07,4房(室)2廳3衛,17/18樓,"7,340 萬"
永鼎邊間景觀四房,新北市新莊區中正路 永鼎國璽,住宅大樓,12.3年,建坪64.41,4房(室)2廳2衛,10/18樓,"4,434 萬"
四維機能極品美寓,新北市新莊區四維路,公寓,40.8年,建坪21.51,2房(室)2廳1衛,4/5樓,898 萬
新莊捷運小資宅,新北市新莊區新莊路,公寓,53.7年,建坪23.79,3房(室)3廳1.5衛(含加蓋2房(室)1廳--衛),2/4樓,"1,300 萬"
元氣高樓採光優,新北市中和區中山路三段 元氣大鎮,辦公商業大樓,17.4年,建坪28.21,2房(室)2廳1衛,18/19樓,"1,945 萬"
竹城正面公園恆美,新北市新莊區頭前路 竹城新東京,住宅大樓,13.0年,建坪77.77,4房(室)2廳3衛,9/14樓,"5,558 萬"
專任福恩樓大三房,新北市新莊區龍安路 福恩樓,華廈,25.9年,建坪46.11,3房(室)2廳2衛,4/7樓,"1,990 萬"
竹城公園正面樹梢,新北市新莊區頭前路 竹城新東京,住宅大樓,13.0年,建坪81.56,4房(室)2廳3衛,3/14樓,"5,688 萬"
黎明大空間小藍天,新北市新店區黎明路 黎明清境,公寓,35.6年,建坪44.30,3房(室)2廳2衛,3~4/4樓,"1,168 萬"
擁有夢想的權利,新北市永和區保生路 東家創世紀,住宅大樓,25.8年,建坪18.12,1房(室)1廳1衛,12/26樓,"1,388 萬"
御山御景御中央,新北市新店區中央三街 御中央,住宅大樓,10.7年,建坪63.09,3房(室)2廳2衛,7/12樓,"4,688 萬"
成德稀有優質店面,新北市新莊區成德街,店面,47.0年,建坪23.20,2房(室)1廳1衛(含加蓋--房(室)--廳1衛),1/4樓,"2,580 萬"
機捷住宅三房車位,新北市新莊區中央路 都峰苑一期,住宅大樓,12.5年,建坪73.90,3房(室)2廳2衛,13/19樓,"4,380 萬"
中和美宅電梯三房,新北市中和區中山路三段 龍興社區,華廈,28.3年,建坪27.24,3房(室)2廳2衛(含加蓋--房(室)--廳1衛),6/6樓,"1,438 萬"
天闊高樓河景四房,新北市新店區環河路 天闊,住宅大樓,26.1年,建坪51.40,4房(室)2廳3衛,30/34樓,"3,250 萬"
達欣工程景觀兩房,新北市新店區安祥路 國賓山莊,華廈,13.1年,建坪80.72,2房(室)2廳2衛,2/7樓,"2,638 萬"
中正邊間裝潢5樓,新北市永和區中正路,公寓,46.5年,建坪46.01,3房(室)2廳2衛,5/5樓,"2,350 萬"
溫馨邊間天下三房,新北市中和區民德路 天下為公,住宅大樓,30.9年,建坪38.79,3房(室)2廳2衛,6/16樓,"2,080 萬"
大禾首購裝潢兩房,新北市板橋區藝文街 興富發大禾,住宅大樓,5.2年,建坪37.99,2房(室)2廳1衛,14/18樓,"1,988 萬"
新店屋下車庫別墅,新北市新店區安祥路 彩蝶,透天厝,29.0年,建坪64.02,4房(室)2廳3衛,B1~3/3樓,"1,850 萬"
天闊高樓河景美宅,新北市新店區環河路 天闊,住宅大樓,26.1年,建坪76.72,5房(室)2廳3衛,29/36樓,"3,938 萬"
家樂福旁住辦兩用,新北市板橋區三民路二段 台北精點大樓,住宅大樓,31.7年,建坪42.23,2房(室)1廳1衛,4/12樓,"2,198 萬"
板新麗池四房車位,新北市板橋區民生路一段 正隆麗池,住宅大樓,22.7年,建坪72.19,4房(室)2廳2衛,22/29樓,"3,980 萬"
江翠別有洞天二樓,新北市板橋區懷德街,公寓,48.1年,建坪20.44,3房(室)2廳1衛(含加蓋1房(室)--廳--衛),2/4樓,"1,188 萬"
專任民安兩房車位,新北市新莊區民安西路 和耀民安讚,住宅大樓,6.7年,建坪39.43,2房(室)2廳1衛,8/15樓,"1,798 萬"
邊間捷運大兩房車,新北市新莊區福前街 合康新時代,住宅大樓,11.9年,建坪37.91,2房(室)2廳1衛,12/14樓,"2,380 萬"
小資首選捷運美宅,新北市新莊區福前街 合康新時代,住宅大樓,11.9年,建坪28.54,1房(室)1廳1衛,5/14樓,"1,588 萬"
露臺光華電梯三房,新北市新莊區西盛街 中國海,住宅大樓,33.1年,建坪33.43,3房(室)2廳1衛,3/16樓,"1,288 萬"
遠揚新站明亮3房,新北市板橋區南雅南路二段 遠揚新站,住宅大樓,18.3年,建坪39.29,3房(室)2廳2衛,18/22樓,"3,298 萬"
遠揚新站明亮3房,新北市板橋區南雅南路二段 遠揚新站,住宅大樓,18.3年,建坪39.29,3房(室)2廳2衛,18/22樓,"3,298 萬"
裝潢美學三房車位,新北市新店區安忠路 玖宜美學,住宅大樓,11.0年,建坪37.52,3房(室)2廳1衛,10/11樓,"1,780 萬"
圓通宜家1K公寓,新北市中和區圓通路,公寓,43.1年,建坪28.17,3房(室)2廳1衛,5/5樓,"1,198 萬"
重劃光韻華廈大樓,新北市土城區中央路二段 光明華廈,其他,3.9年,建坪98.50,4房(室)2廳2衛,7/9樓,"4,180 萬"
福和魔術大套房,新北市永和區永利路 敦南CATCH,套房,16.5年,建坪18.67,1房(室)1廳1衛(含加蓋1房(室)--廳--衛),6/6樓,"1,260 萬"
近公館新大三房車,新北市永和區成功路一段 漢寶臺大苑,住宅大樓,3.0年,建坪56.39,3房(室)2廳2衛,8/11樓,"3,280 萬"
銀河水都三房平車,新北市永和區環河東路四段 銀河水都,住宅大樓,19.3年,建坪53.52,3房(室)2廳2衛,13/28樓,"3,488 萬"
107比住家便宜,新北市板橋區合安一路 合宜A2區,店面,10.7年,建坪40.68,--房(室)1廳1衛,1/24樓,"1,980 萬"
永安邊間電梯車位,新北市永和區中和路 永安讚,辦公商業大樓,26.5年,建坪42.48,4房(室)2廳2衛,11/14樓,"3,188 萬"
麗寶質感裝潢三房,新北市新莊區中正路 麗寶雙璽,住宅大樓,11.3年,建坪39.53,3房(室)2廳2衛,5/13樓,"2,498 萬"
綠中海孝親大別墅,新北市新店區安祥路 綠中海二期,透天厝,18.9年,建坪56.32,5房(室)4廳5衛(含加蓋2房(室)1廳2衛),1~3/3樓,"2,380 萬"
綠中海美裝潢景觀,新北市新店區安祥路 綠中海二期,透天厝,18.9年,建坪55.68,4房(室)2廳3衛(含加蓋--房(室)1廳--衛),1~3/3樓,"2,298 萬"
捷運鳳翔中庭峰景,新北市新莊區中正路 峰景鳳翔,辦公商業大樓,16.0年,建坪31.75,2房(室)2廳1衛,7/14樓,"1,988 萬"
碧潭有約美景套房,新北市新店區新店路 碧潭有約,住宅大樓,16.5年,建坪14.75,1房(室)2廳1衛(含加蓋1房(室)--廳--衛),19/19樓,"1,390 萬"
江翠邊間方正二樓,新北市板橋區縣民大道三段,公寓,40.1年,建坪27.21,3房(室)2廳2衛,2/5樓,"1,800 萬"
信義近鄰臻藏逸居,新北市深坑區北深路三段 信義線上,辦公商業大樓,16.1年,建坪55.59,3房(室)2廳2衛,10/16樓,"2,580 萬"
新店新都心三房讚,新北市新店區中正路 空間大賞,住宅大樓,26.2年,建坪36.60,3房(室)1廳1.5衛,6~7/13樓,"1,618 萬"
景安捷運方正兩房,新北市中和區景平路 華南名人巷,住宅大樓,28.1年,建坪22.36,2房(室)2廳1衛,15/16樓,"1,698 萬"
大溪地社區等改建,新北市新店區安民街,公寓,34.9年,建坪37.74,5房(室)2廳3衛(含加蓋1房(室)--廳--衛),5/5樓,"1,280 萬"
環河公園華廈三房,新北市板橋區南雅西路二段,華廈,33.8年,建坪38.90,3房(室)2廳2衛,2/5樓,"1,980 萬"
輕軌捷運雅致三房,新北市新店區安忠路 台北寧境二期,住宅大樓,21.9年,建坪29.78,3房(室)2廳2衛,5/11樓,"1,550 萬"
陽光樹海景觀美廈,新北市新店區安興路 陽光PARK,辦公商業大樓,9.5年,建坪36.04,2房(室)2廳1衛,14/14樓,"1,638 萬"
敦南雙拼戶大平車,新北市新店區安興路 敦南花園,華廈,11.8年,建坪61.75,3房(室)2廳2衛,2/6樓,"2,888 萬"
海山站電梯大四房,新北市土城區明德路二段 蟠龍大地,華廈,34.6年,建坪51.41,4房(室)2廳2衛,4/7樓,"2,550 萬"
中正首購黃金三樓,新北市新店區中正路,公寓,51.5年,建坪29.49,3房(室)2廳1.5衛(含加蓋--房(室)--廳0.5衛),3/4樓,"1,628 萬"
重劃晴境邊間大樓,新北市土城區中央路二段 光明華廈,廠辦,3.9年,建坪98.50,4房(室)2廳2衛,7/9樓,"4,180 萬"
僑中庭園電梯三房,新北市板橋區僑中二街 新大觀,華廈,14.6年,建坪48.88,3房(室)2廳2衛,1/7樓,"2,688 萬"
水岸妍植邊間毛胚,新北市板橋區板城路 高妍植,住宅大樓,1.2年,建坪40.66,--房(室)2廳1衛,6/24樓,"2,020 萬"
京美中庭三房車,新北市土城區中州路 京美,住宅大樓,12.5年,建坪53.22,3房(室)2廳2衛,5/19樓,"2,015 萬"
月灣旁美妝國泰居,新北市板橋區中正路,公寓,38.5年,建坪33.58,3房(室)2廳2衛,5/5樓,"1,480 萬"
歐風文藝三房車位,新北市板橋區藝文街 大悅,住宅大樓,4.7年,建坪43.49,3房(室)2廳1衛,17/19樓,"2,450 萬"
歐風文藝三房車位,新北市板橋區藝文街 大悅,住宅大樓,4.7年,建坪43.49,3房(室)2廳1衛,17/19樓,"2,450 萬"
SRC鋼骨四房車,新北市板橋區光環路二段 湛然新天地,住宅大樓,11.6年,建坪72.54,4房(室)2廳2衛,5/17樓,"4,680 萬"
南方之星質感臻品,新北市中和區捷運路 南方之星,辦公商業大樓,14.5年,建坪22.20,--房(室)2廳1衛,5/19樓,"1,836 萬"
極景藍區溫馨三房,新北市新店區北新路二段 極景藍區,住宅大樓,29.3年,建坪47.57,3房(室)2廳2衛,16/28樓,"3,488 萬"
大面寬好停車一樓,新北市板橋區大觀路二段,公寓,43.1年,建坪25.92,4房(室)2廳1衛(含加蓋1房(室)--廳1衛),1/5樓,"1,466 萬"
典雅美妝文藝大悅,新北市板橋區藝文街 大悅,住宅大樓,4.7年,建坪35.73,1房(室)2廳1衛,16/19樓,"1,920 萬"
永翠日安邊間三房,新北市板橋區香社一路 永翠漾,住宅大樓,1.2年,建坪35.73,3房(室)2廳2衛,7/15樓,"2,258 萬"
藝文美妝露臺雙車,新北市板橋區藝文街 柏克萊公園,住宅大樓,4.7年,建坪47.47,2房(室)2廳1衛,2/17樓,"2,820 萬"
新月美妝套房平車,新北市板橋區環河西路五段 新月天地,住宅大樓,4.1年,建坪24.32,1房(室)1廳1衛,13/19樓,"1,500 萬"
景美溪畔公寓頂加,新北市新店區寶慶街,公寓,47.6年,建坪29.31,7房(室)2廳4.5衛(含加蓋4房(室)--廳3衛),4/4樓,"1,980 萬"
精美裝潢雪梨,新北市新莊區新樹路 世界盃雪梨特區,辦公商業大樓,18.7年,建坪32.29,3房(室)2廳2衛,11/15樓,"1,598 萬"
家麒星河一樓店面,新北市新莊區瓊林路 家麒星河,店面,17.8年,建坪48.54,--房(室)1廳1衛,1/15樓,"2,850 萬"
近老街好停車透天,新北市深坑區翠谷街 翠谷山莊,透天厝,49.9年,建坪30.61,2房(室)2廳2衛(含加蓋1房(室)--廳1衛),1~2/2樓,"1,000 萬"
中和環狀線美一樓,新北市中和區員山路,公寓,55.5年,建坪23.50,3房(室)2廳1衛,1/5樓,"1,198 萬"
七張捷運永華邊間,新北市新店區永華街,公寓,46.8年,建坪27.47,3房(室)2廳1衛,3/5樓,"1,880 萬"
漢皇高樓景觀宅,新北市中和區中正路 漢皇欽禾,住宅大樓,0.4年,建坪45.29,3房(室)2廳2衛,19/25樓,"3,162 萬"
中和專任公寓一樓,新北市中和區員山路,店面,55.3年,建坪10.65,1房(室)1廳1衛,1/5樓,498 萬
國光方正美寓,新北市中和區國光街,公寓,48.8年,建坪27.60,3房(室)2廳1衛,4/4樓,"1,420 萬"
中和電梯辦公大戶,新北市中和區中山路三段 龍興社區,廠辦,28.3年,建坪62.87,3房(室)2廳1衛,2/5樓,"2,588 萬"
元氣高樓視野佳,新北市中和區中山路三段 元氣大鎮,辦公商業大樓,17.4年,建坪37.33,3房(室)2廳2衛,10/19樓,"2,198 萬"
七張捷運賦靜二樓,新北市新店區永華街,公寓,45.0年,建坪31.21,3房(室)2廳2衛,2/5樓,"2,028 萬"
民本方正裝潢二樓,新北市新莊區民本街,公寓,45.3年,建坪25.71,3房(室)2廳2衛(含加蓋--房(室)--廳1衛),2/5樓,"1,358 萬"
民西優質裝潢一樓,新北市新莊區民安西路,公寓,42.4年,建坪21.05,3房(室)3廳1衛(含加蓋--房(室)1廳--衛),1/5樓,"1,298 萬"
四維富豪一樓住店,新北市新莊區四維路 富豪天下,住宅大樓,30.8年,建坪42.21,3房(室)2廳1衛,1/12樓,"2,288 萬"
稀有透天藍天白雲,新北市新莊區四維路,透天厝,37.7年,建坪47.46,6房(室)2廳3衛(含加蓋3房(室)--廳1衛),1~2/2樓,"3,800 萬"
永和活巷車庫一樓,新北市永和區永利路,公寓,30.3年,建坪36.34,3房(室)2廳2衛,1/5樓,"3,290 萬"
採購方便電梯三房,新北市新莊區四維路 台北頂點,辦公商業大樓,31.9年,建坪32.47,3房(室)2廳2衛,2/9樓,"1,628 萬"
光華學區四房車位,新北市新莊區龍安路 新學友,華廈,28.2年,建坪51.34,4房(室)2廳2衛,2/10樓,"2,298 萬"
長群可隔兩室平車,新北市土城區裕華街 長群享享,廠辦,8.1年,建坪33.41,1房(室)1廳1衛,15/19樓,"1,660 萬"
福美公園邊間三房,新北市新莊區福德二街 上和苑,住宅大樓,14.4年,建坪61.07,3房(室)2廳2衛,5/15樓,"3,558 萬"
佳瑪機能三房美宅,新北市新莊區幸福路,公寓,45.7年,建坪28.44,3房(室)2廳2衛(含加蓋--房(室)--廳1衛),4/5樓,"1,200 萬"
佳瑪機能三房美宅,新北市新莊區幸福路,公寓,45.7年,建坪28.44,3房(室)2廳2衛(含加蓋--房(室)--廳1衛),4/5樓,"1,200 萬"
捷運臻寶前後陽台,新北市新莊區建興街 捷運臻寶二期,住宅大樓,12.2年,建坪43.89,2房(室)2廳2衛,2/13樓,"2,540 萬"
中港邊間亮麗美寓,新北市新莊區中港路,公寓,39.2年,建坪31.81,3房(室)2廳1衛,4/5樓,"1,288 萬"
遠雄捷運質感首品,新北市新莊區中德路 遠雄首品,辦公商業大樓,7.9年,建坪35.86,2房(室)2廳1衛,12/15樓,"1,820 萬"
學府之森三房車位,新北市土城區學府路一段 學府之森,住宅大樓,0.9年,建坪43.10,3房(室)2廳2衛,4/19樓,"3,035 萬"
埔墘方正採光美寓,新北市板橋區中山路二段,公寓,44.4年,建坪25.00,3房(室)2廳1衛,5/5樓,"1,280 萬"
君悅路易三房車位,新北市新莊區立信一街 台北君悅-路易特區,住宅大樓,19.7年,建坪41.12,3房(室)2廳2衛,10/13樓,"2,550 萬"
幸福昌平首購兩房,新北市新莊區昌平街 宏福新莊,住宅大樓,30.2年,建坪24.16,2房(室)2廳1衛,3/17樓,"1,500 萬"
碧波白景觀二房車,新北市新店區北新路一段 碧波白,住宅大樓,5.9年,建坪34.50,2房(室)2廳1衛,30/30樓,"2,795 萬"
臻園兩房稀有釋出,新北市板橋區忠孝路 臻園,住宅大樓,4.5年,建坪24.32,2房(室)2廳1衛,3/15樓,"2,080 萬"
帝后愛樂綠意兩房,新北市新莊區立信三街 愛樂莫札特,住宅大樓,20.5年,建坪38.51,2房(室)2廳2衛,3/13樓,"2,380 萬"
寧靜邊間庭院一樓,新北市永和區保福路二段 保福麗廈,華廈,30.3年,建坪63.60,4房(室)3廳2衛(含加蓋1房(室)--廳--衛),B1~1/6樓,"4,350 萬"
雙鳳三房機能美寓,新北市新莊區雙鳳路,公寓,45.4年,建坪25.73,3房(室)2廳1衛,4/4樓,950 萬
未來百貨就在旁邊,新北市板橋區四川路一段,公寓,44.9年,建坪43.81,3房(室)2廳2衛,4/5樓,"1,750 萬"
近捷運鋼骨大1房,新北市中和區景新街 台北時上/太陽帝國,住宅大樓,3.6年,建坪29.23,1房(室)2廳1衛,11/36樓,"2,198 萬"
民權路一樓,新北市板橋區民權路,公寓,52.2年,建坪34.69,4房(室)2廳1衛,1/4樓,"2,980 萬"
金華鼎家超大空間,新北市板橋區金華街,公寓,48.5年,建坪28.38,4房(室)3廳2衛(含加蓋1房(室)1廳1衛),4/4樓,"1,598 萬"
秀朗邊間三房二衛,新北市永和區得和路,公寓,44.8年,建坪33.21,3房(室)2廳2衛,4/5樓,"1,798 萬"
中山路低總價辦公,新北市板橋區中山路二段 大吉地,辦公商業大樓,26.9年,建坪19.90,2房(室)1廳--衛,3/14樓,"1,538 萬"
新店首購小資三房,新北市新店區北宜路二段 新巢代,華廈,21.7年,建坪31.43,3房(室)2廳2衛,10/10樓,"1,198 萬"
北新路幸福美寓,新北市新店區北新路一段,公寓,48.0年,建坪27.60,2房(室)2廳1衛(含加蓋1房(室)--廳--衛),4/4樓,"1,550 萬"
頂溪方正邊間四房,新北市永和區中正路 環碧,住宅大樓,38.8年,建坪43.74,4房(室)2廳2衛,5/11樓,"2,480 萬"
低總價電梯三房,新北市板橋區長江路一段,華廈,27.3年,建坪33.42,3房(室)2廳2衛,2/7樓,"1,598 萬"
七張捷運三房二衛,新北市新店區民族路 遠東雙星,公寓,40.6年,建坪35.73,3房(室)2廳2衛,4/5樓,"1,988 萬"
景安高樓美妝兩房,新北市中和區復興路 維多利亞暨渥太華公園社區,住宅大樓,29.8年,建坪35.64,2房(室)1廳2衛,16/16樓,"2,198 萬"
近未來永平站頂加,新北市永和區保平路,公寓,46.8年,建坪39.92,5房(室)2廳3衛(含加蓋1房(室)--廳1衛),5/5樓,"2,198 萬"
北歐瑞典潔淨三房,新北市板橋區環河西路五段 北歐莊園瑞典月灣,住宅大樓,3.2年,建坪44.49,3房(室)2廳2衛,6/14樓,"2,580 萬"
萬安街大空間公寓,新北市新莊區萬安街,公寓,45.7年,建坪20.19,5房(室)3廳2衛(含加蓋2房(室)1廳1衛),5/5樓,"1,200 萬"
未來捷運三房車位,新北市中和區員山路,住宅大樓,18.0年,建坪46.27,3房(室)2廳2衛,13/13樓,"2,698 萬"
捷運電梯高樓美屋,新北市新店區北宜路一段 TR大道,住宅大樓,23.1年,建坪32.79,3房(室)2廳2衛(含加蓋1房(室)--廳--衛),10/14樓,"2,430 萬"
未來捷運三房車位,新北市中和區員山路,住宅大樓,18.0年,建坪46.27,3房(室)2廳2衛,13/13樓,"2,698 萬"
未來捷運三房車位,新北市中和區員山路,住宅大樓,18.0年,建坪46.27,3房(室)2廳2衛,13/13樓,"2,698 萬"
嶄新府中電梯4房,新北市板橋區重慶路,辦公商業大樓,39.1年,建坪42.38,4房(室)2廳2衛,2/7樓,"2,280 萬"
磐郡景觀兩房車位,新北市板橋區和平路 磐郡,住宅大樓,5.2年,建坪38.41,2房(室)2廳1衛,10/12樓,"2,498 萬"
中正宏運新豐大樓,新北市新莊區中正路 宏運巴黎,住宅大樓,30.7年,建坪38.43,3房(室)2廳2衛,3/14樓,"1,968 萬"
庭院停車透天別墅,新北市新店區安祥路 綠中海二期,透天厝,18.9年,建坪81.33,4房(室)2廳3衛,1~4/4樓,"2,650 萬"
後埔忠孝實惠三樓,新北市板橋區忠孝路忠義巷,公寓,49.5年,建坪20.49,3房(室)2廳2衛(含加蓋--房(室)2廳1衛),3/4樓,"1,198 萬"
樂康鈞豐全新成屋,新北市新店區中央六街,華廈,0.4年,建坪44.25,2房(室)2廳2衛,2/6樓,"3,988 萬"
碧波白絕美大空間,新北市新店區北新路一段 碧波白,住宅大樓,5.9年,建坪38.33,2房(室)2廳2衛,10/30樓,"3,298 萬"
凡登兩房平面車位,新北市新莊區立信一街 凡登,住宅大樓,15.8年,建坪32.68,2房(室)2廳1衛,12/12樓,"2,048 萬"
新店獨棟電梯別墅,新北市新店區安祥路 靜岡,透天厝,16.1年,建坪156.14,8房(室)5廳5衛(含加蓋3房(室)1廳1衛),B1~4/4樓,"7,688 萬"
康橋邊間景觀庭院,新北市新店區青山路 青山鎮二期三區,公寓,14.0年,建坪60.56,3房(室)3廳3衛,1~2/4樓,"4,398 萬"
民權路廠辦大一樓,新北市新店區民權路,工廠,38.3年,建坪177.70,3房(室)1廳3衛(含加蓋--房(室)1廳3衛),B1~1/5樓,"6,188 萬"
遠陽芝聲家傳兩房,新北市板橋區華東街 家傳,住宅大樓,9.7年,建坪35.73,2房(室)2廳1衛,22/24樓,"2,960 萬"
大美雙捷邊間三房,新北市板橋區華江九路 興富發大美,住宅大樓,5.4年,建坪45.37,3房(室)2廳1衛,9/17樓,"2,789 萬"
環球稀有邊間頂加,新北市中和區民享街,公寓,37.1年,建坪31.56,7房(室)2廳4衛(含加蓋4房(室)--廳2衛),5/5樓,"1,198 萬"
板橋捷運國泰美寓,新北市板橋區金華街,公寓,48.7年,建坪25.68,3房(室)2廳1衛,4/4樓,"1,080 萬"
得和古典裝潢一樓,新北市永和區得和路,公寓,49.1年,建坪20.29,2房(室)2廳1衛,1/4樓,"1,980 萬"
南角捷運方正公寓,新北市中和區景平路,公寓,45.9年,建坪27.90,3房(室)2廳1衛,4/5樓,"1,458 萬"
漢慶裝潢邊間名廈,新北市新莊區新泰路 漢慶名廈,住宅大樓,32.1年,建坪38.24,2房(室)2廳2衛,2/12樓,"1,980 萬"
宏泰三房裝潢美寓,新北市新莊區後港一路,公寓,36.0年,建坪44.72,3房(室)2廳2衛,5/5樓,"1,450 萬"
福氣滿溢靜謐美邸,新北市土城區明德路一段 福邑,住宅大樓,29.9年,建坪38.42,3房(室)2廳2衛,17/17樓,"1,728 萬"
海山花園高樓景觀,新北市板橋區民族路 海山花園/新板極SKY,住宅大樓,4.4年,建坪61.12,3房(室)2廳2衛,24/26樓,"4,588 萬"
捷運邊間大空間,新北市中和區忠孝街,公寓,39.5年,建坪44.70,3房(室)2廳5衛(含加蓋--房(室)1廳5衛),5/5樓,"1,750 萬"
綠中海前棟陽光墅,新北市新店區安祥路 綠中海一期,透天厝,19.6年,建坪59.08,4房(室)2廳3衛,1~3/3樓,"2,280 萬"
碧波白稀有二房,新北市新店區北新路一段 碧波白,住宅大樓,5.9年,建坪24.25,2房(室)2廳1衛,5/30樓,"2,062 萬"
南方多功能空間,新北市中和區捷運路 南方之星,辦公商業大樓,14.5年,建坪22.20,--房(室)2廳1衛,9/19樓,"1,836 萬"
公園學區採光美廈,新北市永和區秀朗路一段 金台北,辦公商業大樓,28.9年,建坪33.19,3房(室)2廳2衛,6/11樓,"2,268 萬"
專任碧瑤三房車位,新北市新莊區民安西路 碧瑤皇家,華廈,28.5年,建坪47.90,3房(室)2廳2衛,2/8樓,"1,698 萬"
重劃日月光旁店面,新北市土城區學府路二段 東運御光,店面,3.7年,建坪42.06,--房(室)2廳1衛,1/13樓,"4,418 萬"
稀有靜巷樓中樓邸,新北市永和區福和路,公寓,31.8年,建坪50.02,5房(室)4廳4衛(含加蓋--房(室)1廳1衛),4~5/5樓,"2,880 萬"
花園新城電梯美墅,新北市新店區花園一路一段,透天厝,21.8年,建坪133.39,7房(室)4廳4衛(含加蓋3房(室)--廳--衛),B2~3/3樓,"3,488 萬"
花園新城電梯美墅,新北市新店區花園一路一段,透天厝,21.8年,建坪133.39,7房(室)4廳4衛(含加蓋3房(室)--廳--衛),B2~3/3樓,"3,488 萬"
獨戶捷運三房華廈,新北市新店區中央三街,華廈,26.0年,建坪39.62,3房(室)1廳2衛,6/7樓,"2,980 萬"
中央獨戶三房平車,新北市新店區中央七街,華廈,26.7年,建坪43.87,3房(室)2廳2衛,3/5樓,"2,988 萬"
新民安讚溫馨兩房,新北市新莊區民安西路 和耀民安讚,住宅大樓,6.8年,建坪23.58,2房(室)2廳1衛,4/15樓,"1,398 萬"
四維裝潢極品三樓,新北市新莊區四維路,公寓,48.0年,建坪22.89,3房(室)2廳2衛,3/4樓,980 萬
捷運站旁稀有一樓,新北市新店區國校路,店面,44.7年,建坪28.63,--房(室)2廳1衛(含加蓋--房(室)1廳1衛),1/5樓,"1,580 萬"
星洲住店雙效益,新北市新莊區新泰路 現代星洲,住宅大樓,32.2年,建坪42.22,1房(室)3廳3衛(含加蓋--房(室)1廳1衛),1~2/12樓,"2,340 萬"
專任合康三房車位,新北市新莊區民安西路 合康百儷,住宅大樓,19.1年,建坪40.48,3房(室)2廳2衛,2/12樓,"1,798 萬"
安康安民電梯鼎家,新北市新店區光華街 安民華廈(新境),華廈,33.0年,建坪36.43,5房(室)3廳2.5衛(含加蓋2房(室)1廳1衛),6/6樓,"1,788 萬"
香格里拉高樓三房,新北市土城區學府路一段,住宅大樓,32.1年,建坪34.21,3房(室)2廳2衛,12/14樓,"1,980 萬"
正和平街稀有釋出,新北市永和區和平街,公寓,45.2年,建坪27.13,3房(室)2廳1衛,4/5樓,"1,798 萬"
捷運宏普高樓遠景,新北市新莊區中信街 宏普AMAX,辦公商業大樓,8.0年,建坪36.40,1房(室)1廳1衛(含加蓋--房(室)--廳1衛),23/24樓,"1,998 萬"
懷德街邊間三房,新北市板橋區懷德街,公寓,45.9年,建坪30.56,4房(室)3廳2衛(含加蓋1房(室)1廳1衛),5/5樓,"1,400 萬"
景觀方正電梯三房,新北市土城區金安街 成功座標,住宅大樓,31.7年,建坪31.66,3房(室)2廳2衛,11/13樓,"1,288 萬"
極景虹區景觀三房,新北市新店區北新路二段 極景虹區,住宅大樓,30.0年,建坪43.36,3房(室)2廳2衛,16/16樓,"2,800 萬"
三街頂樓三房車位,新北市新店區中央三街,華廈,26.0年,建坪45.11,3房(室)1廳2衛,7/7樓,"3,380 萬"
四季裝潢高頂車位,新北市中和區中山路三段 四季紐約,辦公商業大樓,17.0年,建坪18.70,1房(室)1廳1衛,6/14樓,"1,128 萬"
土城學區邊間三房,新北市土城區興城路,公寓,37.7年,建坪33.71,3房(室)2廳2衛,5/5樓,"1,380 萬"
碧潭麗水邊間美屋,新北市新店區新烏路一段,透天厝,30.4年,建坪59.48,4房(室)2廳2衛(含加蓋1房(室)2廳1衛),B1~2/2樓,"3,168 萬"
勝旺有境二房平車,新北市新店區安光路 勝旺有境,住宅大樓,8.5年,建坪41.72,2房(室)2廳1衛,9/21樓,"2,280 萬"
小碧潭六房車位,新北市新店區中央三街,華廈,26.0年,建坪84.73,6房(室)2廳4衛,6~7/7樓,"6,360 萬"
美到冒泡遠景華廈,新北市中和區華順街,華廈,35.9年,建坪53.22,4房(室)2廳2衛,6/7樓,"2,598 萬"
江翠景觀兩房平車,新北市板橋區環河西路四段 恆隆蘊,住宅大樓,1.5年,建坪42.33,2房(室)2廳2衛,11/19樓,"2,768 萬"
橋峰 誰與爭峰,新北市板橋區中山路一段 橋峰,住宅大樓,14.8年,建坪146.32,4房(室)3廳4衛,28~29/31樓,"14,600 萬"
江翠景觀三房平車,新北市板橋區環河西路四段 恆隆蘊,住宅大樓,1.5年,建坪52.09,3房(室)2廳2衛,16/19樓,"3,486 萬"
永鼎捷運三房車,新北市土城區中央路四段 富世居,住宅大樓,10.5年,建坪48.59,3房(室)2廳2衛,4/13樓,"2,750 萬"
近市場創業做頭家,新北市板橋區民享街,公寓,50.4年,建坪10.73,--房(室)1廳1衛(含加蓋--房(室)--廳1衛),1/4樓,"1,380 萬"
面央北公園大三房,新北市新店區中央路 名家二期,住宅大樓,30.8年,建坪38.28,3房(室)2廳2衛,9/13樓,"2,780 萬"
捷運花園裝潢三房,新北市新莊區中正路 鴻邦世界花園I,住宅大樓,9.4年,建坪35.67,3房(室)2廳2衛,5/15樓,"1,998 萬"
樂華黃金兩室車位,新北市永和區中山路一段 龐畢度,辦公商業大樓,25.4年,建坪29.47,2房(室)2廳1衛,4/12樓,"2,180 萬"
雙捷W高樓兩房車,新北市新店區文化路 雙捷WIN,住宅大樓,6.5年,建坪32.42,2房(室)2廳1衛,9/13樓,"2,888 萬"
雙捷W高樓兩房車,新北市新店區文化路 雙捷WIN,住宅大樓,6.5年,建坪32.42,2房(室)2廳1衛,9/13樓,"2,888 萬"
棟樑純辦有水線,新北市新店區北新路一段 棟梁,辦公商業大樓,25.7年,建坪50.39,#NAME?,8/14樓,"2,580 萬"
帝京高樓景觀豪邸,新北市新莊區中正路 永鼎帝京,住宅大樓,8.9年,建坪79.98,2房(室)2廳2衛,19/22樓,"4,880 萬"
碧潭小資首選美居,新北市新店區永業路 美芝城,公寓,44.8年,建坪25.82,2房(室)2廳1衛,4/5樓,798 萬
國泰格局裝潢美寓,新北市新莊區景德路,公寓,36.4年,建坪35.17,3房(室)2廳2衛,4/5樓,"1,650 萬"
福田大戶高樓四房,新北市新莊區中華路二段 福田皇家世界A區,華廈,34.2年,建坪54.65,4房(室)3廳3衛(含加蓋2房(室)1廳1衛),10/10樓,"3,780 萬"
萬大莒光學區二樓,新北市中和區莒光路,公寓,46.9年,建坪24.91,--房(室)1廳1衛,2/5樓,"1,288 萬"
忠孝精美方正三樓,新北市中和區忠孝街,公寓,40.5年,建坪28.84,3房(室)2廳2衛(含加蓋--房(室)--廳0.5衛),3/5樓,"1,450 萬"
專任首購小資兩房,新北市新莊區復興路二段 萬象華都,住宅大樓,29.6年,建坪16.92,2房(室)1廳1衛,13/13樓,"1,168 萬"
復興人潮金店面,新北市中和區復興路,店面,42.3年,建坪31.56,--房(室)2廳2衛(含加蓋--房(室)--廳2衛),1~2/5樓,"2,380 萬"
國泰方正漂亮美寓,新北市中和區秀朗路三段,公寓,46.1年,建坪35.48,3房(室)2廳2衛,4/5樓,"1,798 萬"
綠中海景觀大別墅,新北市新店區安祥路 綠中海二期,透天厝,18.9年,建坪73.70,5房(室)2廳3衛,1~3/3樓,"2,708 萬"
雙橡全新頂樓三房,新北市新莊區昌德街,住宅大樓,0.6年,建坪39.49,3房(室)2廳2衛,15/15樓,"2,588 萬"
遠雄九五高樓景觀,新北市新莊區新北大道三段 遠雄九五,辦公商業大樓,7.6年,建坪171.34,4房(室)2廳5衛,20/42樓,"10,988 萬"
國慶停車美妝一樓,新北市板橋區國慶路,店面,43.9年,建坪21.83,3房(室)2廳3衛(含加蓋--房(室)--廳3衛),1/5樓,"2,080 萬"
七張博愛三房美廈,新北市新店區博愛街 博愛街華廈,華廈,41.7年,建坪38.55,4房(室)2廳2衛,6/7樓,"2,350 萬"
三民路樹海美寓,新北市新店區三民路,公寓,44.6年,建坪33.32,5房(室)4廳3衛(含加蓋2房(室)2廳1衛),5/5樓,"1,798 萬"
舒適孝親車庫透天,新北市新店區和成街,透天厝,43.3年,建坪33.03,8房(室)3廳5衛(含加蓋4房(室)1廳4衛),1~2/2樓,"1,980 萬"
近捷運採光套房,新北市新店區北新路一段 碧潭捷市,住宅大樓,13.6年,建坪9.39,1房(室)1廳1衛,2/13樓,958 萬
中正國小邊間美寓,新北市新店區平等街,公寓,46.6年,建坪32.80,3房(室)2廳1衛,4/5樓,"1,498 萬"
府中捷運邊間小品,新北市板橋區南雅東路 大順小財神(LV之星),辦公商業大樓,27.9年,建坪28.91,2房(室)1廳1衛,5/11樓,"1,648 萬"
遠雄錸儷三房雙車,新北市中和區中原街 遠雄錸儷,住宅大樓,8.9年,建坪86.19,3房(室)2廳2衛,4/23樓,"5,188 萬"
敦美極致雅苑,新北市板橋區國慶路 敦美,住宅大樓,13.0年,建坪69.69,3房(室)3廳3衛,2/15樓,"3,598 萬"
捷運景觀三房雙車,新北市新莊區新北大道三段 遠雄巴黎公園,住宅大樓,11.1年,建坪86.07,3房(室)2廳2衛,21/25樓,"4,330 萬"
綠中海高樓美景觀,新北市新店區安祥路 綠中海一期,華廈,19.6年,建坪28.03,3房(室)2廳2衛,8/9樓,"1,088 萬"
18年綠制震別墅,新北市土城區明德路一段 好萊塢別墅,透天厝,18.1年,建坪119.72,4房(室)3廳4衛,B1~4/4樓,"4,980 萬"
安和國小裝潢三房,新北市土城區延和路 春風得意,華廈,31.5年,建坪32.64,3房(室)2廳2衛,5/10樓,"1,880 萬"
新泰近公園美寓,新北市新莊區新泰路 國泰社區一期,公寓,38.3年,建坪31.10,3房(室)2廳2衛,5/5樓,"1,288 萬"
智匯總部挑高辦公,新北市新莊區福慧路,工廠,0.8年,建坪118.46,--房(室)1廳--衛,4/17樓,"6,990 萬"
四代同堂方正大戶,新北市土城區中央路二段,公寓,39.2年,建坪35.99,7房(室)4廳4衛(含加蓋4房(室)2廳2衛),5/5樓,"1,438 萬"
將捷景觀雙衛平車,新北市新店區順德街 將捷旅闊,住宅大樓,2.1年,建坪38.70,2房(室)2廳2衛,4/13樓,"2,968 萬"
將捷景觀雙衛平車,新北市新店區順德街 將捷旅闊,住宅大樓,2.1年,建坪38.70,2房(室)2廳2衛,4/13樓,"2,968 萬"
綠樹景觀捷運三房,新北市新店區文化路,公寓,44.2年,建坪32.97,3房(室)2廳2衛,5/5樓,"1,680 萬"
學府公寓大空間,新北市土城區學府路一段,公寓,40.0年,建坪35.82,3房(室)2廳2衛,4/5樓,"1,399 萬"
豐年置產經典公寓,新北市新莊區豐年街,公寓,49.5年,建坪23.93,3房(室)2廳1衛,2/3樓,"1,198 萬"
中信邊間三代同堂,新北市新莊區中信街 聯邦社區,公寓,39.8年,建坪30.74,3房(室)2廳2衛,4/5樓,"1,350 萬"
捷運年代兩房美屋,新北市新店區安德街 台北舊金山捷運年代,住宅大樓,31.0年,建坪20.38,2房(室)2廳1衛,3/12樓,"1,058 萬"
低樓層裝潢美寓,新北市新莊區中港一街,公寓,52.3年,建坪22.67,3房(室)2廳2衛,3/4樓,"1,288 萬"
前後陽台邊間貳樓,新北市中和區民治街,公寓,48.7年,建坪20.59,3房(室)2廳2衛,2/4樓,"1,398 萬"
中興邊間雙衛美寓,新北市中和區中興街,公寓,41.9年,建坪30.72,3房(室)2廳2衛,4/5樓,"1,398 萬"
頂溪公園大空間,新北市永和區保安路,公寓,40.3年,建坪26.59,4房(室)3廳2衛(含加蓋2房(室)--廳1衛),5/5樓,"1,580 萬"
嘉穗公園旁家倍佳,新北市中和區民利街,公寓,46.7年,建坪24.66,6房(室)3廳3衛(含加蓋3房(室)1廳2衛),4/4樓,"1,298 萬"
民利邊間家倍佳,新北市中和區民利街,公寓,48.2年,建坪18.11,5房(室)2廳3衛(含加蓋2房(室)--廳2衛),4/4樓,"1,150 萬"
海山全新好住好租,新北市土城區明德路二段,公寓,46.6年,建坪21.64,4房(室)2廳3衛(含加蓋1房(室)--廳1衛),4/4樓,"1,399 萬"
環球商圈活巷頂佳,新北市中和區民享街,公寓,48.8年,建坪25.80,5房(室)2廳5衛(含加蓋2房(室)--廳2衛),4/4樓,"1,498 萬"
捷運雅致三房車位,新北市新店區中央路 名家二期,住宅大樓,30.8年,建坪54.46,3房(室)2廳2衛,7/13樓,"2,900 萬"
民本首購溫馨宅,新北市新莊區民本街,公寓,45.0年,建坪23.02,2房(室)2廳1衛,4/5樓,918 萬
璽悅双星小資首選,新北市中和區民利街 漢寶双星,住宅大樓,4.9年,建坪24.62,1房(室)2廳1衛,9/15樓,"1,558 萬"
泰隆捷運三房車,新北市土城區中央路四段 福利國,住宅大樓,26.4年,建坪40.18,3房(室)2廳2衛,5/18樓,"1,880 萬"
稀有邊間三樓美寓,新北市中和區連城路,公寓,46.1年,建坪30.55,3房(室)2廳1衛,3/5樓,"1,488 萬"
景安美妝高樓車,新北市中和區中興街 景安住邑,華廈,7.4年,建坪27.42,2房(室)2廳1衛(含加蓋1房(室)--廳--衛),6/7樓,"1,950 萬"
中原福美公園採光,新北市新莊區中原東路 亞昕平方,住宅大樓,12.8年,建坪89.86,4房(室)2廳2衛,5/19樓,"4,390 萬"
永和秀朗芳鄰三樓,新北市永和區中正路,公寓,46.1年,建坪29.08,3房(室)2廳1衛,3/5樓,"1,688 萬"
四號公園邊間2樓,新北市永和區民治街,公寓,55.0年,建坪27.85,2房(室)3廳1衛,2/4樓,"1,558 萬"
江翠捷運邊間三樓,新北市板橋區懷德街,公寓,51.6年,建坪33.43,4房(室)2廳1衛,3/4樓,"1,880 萬"
板橋典藏臻品雅居,新北市板橋區宏國路 双盈,住宅大樓,7.6年,建坪45.45,3房(室)2廳2衛,3/13樓,"3,688 萬"
大富大貴優質一樓,新北市新莊區民安東路 榮華富貴(民安東路),華廈,31.2年,建坪42.86,4房(室)2廳2衛,1/7樓,"2,050 萬"
一層一戶三房車位,新北市新店區大豐路 大豐世家,華廈,20.4年,建坪47.86,3房(室)2廳2衛,4/10樓,"3,699 萬"
江翠重劃D區兩房,新北市板橋區華江九路 興富發大美,住宅大樓,5.4年,建坪38.22,2房(室)2廳1衛,15/17樓,"2,480 萬"
合陽天擎綠景3房,新北市新店區安光路 合陽天擎,住宅大樓,7.0年,建坪49.13,3房(室)2廳2衛,5/24樓,"2,970 萬"
大豐國小大戶美寓,新北市新店區民族路,公寓,48.3年,建坪64.37,5房(室)2廳2衛,3/4樓,"3,988 萬"
一層一戶三房車位,新北市新店區大豐路 大豐世家,華廈,20.4年,建坪47.86,3房(室)2廳2衛,4/10樓,"3,699 萬"
一層一戶三房車位,新北市新店區大豐路 大豐世家,華廈,20.4年,建坪47.86,3房(室)2廳2衛,4/10樓,"3,699 萬"
捷運K7三房美寓,新北市新店區安和路二段,公寓,37.7年,建坪39.88,3房(室)2廳2衛,3/5樓,"1,488 萬"
頭前福美新世紀,新北市新莊區頭興街 合康新世紀,住宅大樓,10.5年,建坪49.68,3房(室)2廳2衛,9/18樓,"3,180 萬"
富安名門方正四房,新北市新莊區萬安街 富安名門,華廈,19.1年,建坪46.35,4房(室)2廳2衛,4/7樓,"2,398 萬"
雙鳳小資首購套房,新北市新莊區鳳山街 雙鳳報喜,套房,25.3年,建坪12.82,1房(室)1廳1衛,8/14樓,688 萬
景新大空間好五樓,新北市中和區景平路,公寓,38.4年,建坪35.10,5房(室)3廳3衛(含加蓋2房(室)1廳1衛),5/5樓,"1,660 萬"
風華暖心雅居,新北市新店區安成街 風華,住宅大樓,11.3年,建坪33.59,2房(室)2廳1衛,8/15樓,"1,988 萬"
七張民族裝潢美屋,新北市新店區民族路 遠東雙星,公寓,40.7年,建坪35.73,4房(室)2廳2衛,3/5樓,"1,988 萬"
新埔巨蛋稀有四房,新北市板橋區民生路三段 巨蛋,住宅大樓,19.1年,建坪41.01,4房(室)2廳2衛(含加蓋1房(室)--廳--衛),7/37樓,"2,580 萬"
園上園鋼骨兩房,新北市新店區中興路二段 園上園,住宅大樓,16.3年,建坪23.14,2房(室)2廳1衛,18/26樓,"2,168 萬"
獨家河景兩房平車,新北市新店區溪園路 湯泉二期(湯泉美地),住宅大樓,21.9年,建坪33.14,2房(室)1廳1衛,5/14樓,"2,000 萬"
建安方正邊間三房,新北市新莊區建安街 頂好新象,華廈,31.0年,建坪34.11,3房(室)2廳2衛,2/7樓,"1,580 萬"
豪美景觀高樓套房,新北市中和區中正路 摩登大國,住宅大樓,28.9年,建坪12.44,--房(室)1廳1衛,12/22樓,950 萬
捷運上城帝王景觀,新北市中和區中正路 捷運上城,住宅大樓,17.7年,建坪41.67,3房(室)2廳2衛,14/14樓,"3,080 萬"
上城後棟兩房車位,新北市中和區中正路 捷運上城,住宅大樓,17.7年,建坪33.72,2房(室)2廳1衛,2/14樓,"1,998 萬"
景安捷運電梯後棟,新北市中和區中正路 陽光大道,住宅大樓,32.5年,建坪18.20,1房(室)2廳1衛,6/12樓,"1,350 萬"
潑墨雙車庫別墅,新北市中和區圓通路 潑墨山莊,透天厝,37.0年,建坪88.19,5房(室)4廳5衛(含加蓋3房(室)--廳4衛),B1~3/3樓,"4,300 萬"
大坪林景觀兩房車,新北市新店區二十張路 中實雅藏,住宅大樓,2.6年,建坪32.10,2房(室)2廳1衛,9/13樓,"2,880 萬"
國光邊間大空間,新北市中和區國光街,公寓,44.9年,建坪31.61,4房(室)2廳2衛,4/4樓,"1,568 萬"
捷境綠地大景宅,新北市中和區莒光路,公寓,39.7年,建坪41.83,8房(室)2廳5衛(含加蓋4房(室)--廳4衛),5/5樓,"1,698 萬"
中和市民活巷透天,新北市中和區市民街,透天厝,50.1年,建坪22.05,5房(室)2廳3衛(含加蓋2房(室)--廳3衛),1~2/2樓,"2,280 萬"
悅峰露臺3房平車,新北市土城區青和街 悅峰WE時代,住宅大樓,1.0年,建坪44.44,3房(室)2廳2衛,2/12樓,"2,398 萬"
雙禧園方正4房,新北市中和區南華路 雙禧園,住宅大樓,8.9年,建坪61.52,4房(室)2廳2衛,3/23樓,"4,480 萬"
景安捷運稀有兩房,新北市中和區景平路 Yes景安,住宅大樓,8.4年,建坪33.95,2房(室)2廳1衛,4/13樓,"2,250 萬"
忠誠新村方正三房,新北市板橋區陽明街 忠誠新村,公寓,34.4年,建坪30.61,3房(室)2廳2衛,4/5樓,"2,150 萬"
百忍邊間三樓美寓,新北市新店區百忍街 中央名仕園,公寓,38.9年,建坪50.16,5房(室)2廳2衛,3/5樓,"1,988 萬"
府中三加一有電梯,新北市板橋區大華街,華廈,27.9年,建坪29.99,4房(室)2廳1衛,2/7樓,"1,788 萬"
中港學區鳳翔三房,新北市新莊區中和街 鳳翔吉第,住宅大樓,31.3年,建坪25.11,3房(室)2廳2衛,2/13樓,"1,450 萬"
熱鬧商圈辦公住家,新北市永和區永平路 富貴雙星,華廈,32.3年,建坪66.36,4房(室)3廳2衛(含加蓋2房(室)--廳2衛),1/7樓,"3,680 萬"
副都心捷運辦公,新北市新莊區新北大道四段 都峰苑一期,辦公商業大樓,12.5年,建坪62.90,--房(室)1廳1衛,16/19樓,"3,458 萬"
高品質三樓坪效佳,新北市板橋區華興街,公寓,39.2年,建坪27.51,4房(室)2廳2衛(含加蓋1房(室)--廳--衛),3/5樓,"1,750 萬"
高品質三樓坪效佳,新北市板橋區華興街,公寓,39.2年,建坪27.51,4房(室)2廳2衛(含加蓋1房(室)--廳--衛),3/5樓,"1,750 萬"
都心朝南捷運辦公,新北市新莊區新北大道四段 都峰苑一期,辦公商業大樓,12.5年,建坪62.86,--房(室)1廳2衛,4/19樓,"3,588 萬"
重慶三樓代代皆宜,新北市板橋區重慶路,公寓,50.3年,建坪21.61,3房(室)2廳1衛,3/4樓,980 萬
都峰高樓景觀裝潢,新北市新莊區新北大道四段 都峰苑一期,辦公商業大樓,12.5年,建坪39.56,2房(室)2廳2衛,19/19樓,"2,488 萬"
玉上園層峰露臺戶,新北市新店區寶橋路 玉上園,住宅大樓,12.1年,建坪141.63,4房(室)3廳5衛(含加蓋--房(室)--廳1衛),27/27樓,"8,468 萬"
天京捷運鋼骨名邸,新北市土城區明德路二段 摩天京華,住宅大樓,27.7年,建坪24.61,2房(室)2廳1衛,14/21樓,"1,638 萬"
新埔邊間捷運二樓,新北市板橋區民生路二段,公寓,49.1年,建坪22.93,3房(室)1廳1衛,2/4樓,"1,330 萬"
車站捷運百貨好近,新北市板橋區中山路一段 金吉第,套房,28.6年,建坪17.42,1房(室)1廳1衛,7/18樓,"1,220 萬"
秀朗四房大空間宅,新北市永和區永元路,公寓,46.4年,建坪35.73,6房(室)4廳3衛(含加蓋2房(室)2廳1衛),5/5樓,"1,580 萬"
捷運城龍景觀四房,新北市中和區中興街 城龍遊天下,住宅大樓,29.9年,建坪40.38,4房(室)2廳2衛,8/14樓,"2,498 萬"
景安捷運四樓公寓,新北市中和區景安路,公寓,46.1年,建坪23.76,3房(室)2廳1衛,4/5樓,"1,298 萬"
國泰好停車一樓,新北市板橋區三民路二段正泰三巷,公寓,40.5年,建坪31.03,3房(室)2廳2衛,1/5樓,"2,498 萬"
四號公園裝潢四房,新北市永和區得和路 華國大廈,華廈,44.1年,建坪30.81,4房(室)2廳2衛,2/7樓,"2,298 萬"
秀朗邊間三房華廈,新北市永和區民有街,華廈,34.1年,建坪45.63,3房(室)2廳2衛,2/6樓,"2,588 萬"
君泰公園迴龍捷運,新北市新莊區雙鳳路 君泰一期,住宅大樓,9.1年,建坪51.29,3房(室)2廳2衛,8/21樓,"2,488 萬"
永和一樓金住店辦,新北市永和區民有街,公寓,54.1年,建坪18.69,3房(室)2廳1衛(含加蓋--房(室)1廳--衛),1/4樓,"1,888 萬"
裕隆城旁景觀大戶,新北市新店區文化路 高峰會,住宅大樓,16.4年,建坪65.06,3房(室)2廳2衛,10/15樓,"4,658 萬"
大坪林捷運三房車,新北市新店區寶元路二段 康寧社區,華廈,24.8年,建坪45.85,3房(室)2廳2衛,6/6樓,"2,750 萬"
新埔捷運景觀三房,新北市板橋區民生路三段 春池宇宙光,住宅大樓,25.0年,建坪44.86,3房(室)2廳2衛,30/31樓,"3,398 萬"
大勇捷運獨棟四房,新北市中和區大勇街,公寓,41.3年,建坪38.43,4房(室)2廳2衛,4/5樓,"2,000 萬"
碧波白稀有美三房,新北市新店區北新路一段 碧波白,住宅大樓,5.9年,建坪38.65,3房(室)2廳2衛,7/30樓,"3,088 萬"
新和三房捷運美譽,新北市新店區永安街,公寓,46.3年,建坪30.28,3房(室)2廳2衛,3/4樓,"1,368 萬"
馥隄寧靜三房捷運,新北市新店區安和路三段 馥隄,華廈,17.4年,建坪31.77,3房(室)2廳2衛,3/4樓,"2,180 萬"
挑高多用途大住辦,新北市土城區慶和街,店面,46.7年,建坪21.35,4房(室)4廳3衛(含加蓋2房(室)3廳3衛),1/4樓,"2,180 萬"
稀有泰和方正公寓,新北市中和區泰和街,公寓,45.9年,建坪25.89,6房(室)4廳2衛(含加蓋3房(室)2廳1衛),5/5樓,"1,528 萬"
仁愛公園景觀三房,新北市永和區仁愛路 太平洋時代,住宅大樓,24.5年,建坪67.89,3房(室)2廳2衛,13/22樓,"4,288 萬"
龍莊捷運四房車位,新北市新莊區新北大道七段 龍莊天廈,住宅大樓,33.9年,建坪58.87,4房(室)2廳2衛,2/12樓,"2,098 萬"
三樓學區裝潢美寓,新北市新莊區裕民街,公寓,48.3年,建坪22.42,3房(室)2廳1衛(含加蓋1房(室)--廳--衛),3/4樓,"1,180 萬"
捷運隔壁邊間三房,新北市新莊區中正路,公寓,37.4年,建坪33.56,3房(室)2廳2衛,5/5樓,"1,268 萬"
迴龍可塑兩衛美寓,新北市新莊區中正路新建巷,公寓,45.8年,建坪25.59,3房(室)2廳1衛,5/5樓,998 萬
捷運富利天際奢居,新北市新莊區龍安路 富利天廈,住宅大樓,13.4年,建坪52.69,3房(室)2廳2衛,16/20樓,"2,698 萬"
捷運富利天際奢居,新北市新莊區龍安路 富利天廈,住宅大樓,13.4年,建坪52.69,3房(室)2廳2衛,16/20樓,"2,698 萬"
屋下車庫庭園城堡,新北市新店區安祥路 彩蝶,透天厝,28.8年,建坪95.15,3房(室)4廳5衛(含加蓋--房(室)2廳1衛),B1~3/3樓,"5,800 萬"
靜巷樹梢四房車位,新北市新莊區立信三街 帝后花園-亞歷山大,住宅大樓,20.0年,建坪47.60,4房(室)2廳2衛,2/13樓,"2,698 萬"
金鳳凰邊間三房,新北市土城區學府路一段 金鳳凰,住宅大樓,31.3年,建坪34.51,3房(室)2廳2衛,6/12樓,"1,990 萬"
大坪林電梯大空間,新北市新店區建國路 一品門第,華廈,37.4年,建坪47.68,3房(室)2廳2衛,2/10樓,"2,474 萬"
大學詩鄉典雅別墅,新北市新店區安忠路 大學詩鄉,透天厝,31.0年,建坪104.28,5房(室)2廳3衛,B1~3/3樓,"3,398 萬"
綠中海山景庭院墅,新北市新店區安祥路 綠中海二期,透天厝,18.9年,建坪55.92,4房(室)2廳3衛,1~3/3樓,"2,080 萬"
信義樂章露臺三房,新北市板橋區信義路 信義樂章,住宅大樓,9.2年,建坪35.07,3房(室)2廳2衛,2/14樓,"2,088 萬"
七張裕隆靜巷一樓,新北市新店區中興路二段 北新天下,公寓,36.7年,建坪33.98,3房(室)2廳2衛,1/5樓,"2,180 萬"
中央七街超值好屋,新北市新店區中央七街,公寓,40.4年,建坪44.44,4房(室)3廳3衛(含加蓋1房(室)1廳1衛),5/5樓,"1,998 萬"
文書院美四房車位,新北市板橋區四川路一段 文書院,住宅大樓,27.1年,建坪61.82,4房(室)2廳2衛,12/14樓,"3,730 萬"
絕美景觀3房車位,新北市新店區安祥路 伴吾別墅,公寓,27.3年,建坪43.30,3房(室)2廳2衛,3/3樓,"1,168 萬"
公園露臺樓中樓,新北市永和區中正路,住宅大樓,34.8年,建坪83.70,2房(室)2廳2.5衛,16~17/18樓,"5,700 萬"
景安好規劃透天,新北市中和區景平路,透天厝,58.3年,建坪21.41,2房(室)2廳1衛,1~2/2樓,"1,998 萬"
捷運旁首購精緻宅,新北市新店區,華廈,#NAME?,建坪15.64,1房(室)1廳1衛,2/7樓,"1,338 萬"
新埔民生旁收租屋,新北市板橋區民生路三段,公寓,52.9年,建坪22.96,9房(室)--廳9衛(含加蓋4房(室)--廳4衛),4/4樓,"1,680 萬"
宏盛新婚兩房,新北市新店區央北二路,住宅大樓,1.0年,建坪25.99,2房(室)2廳2衛,5/13樓,"2,968 萬"
莒光學區方正二樓,新北市板橋區莒光路,公寓,45.0年,建坪27.09,3房(室)2廳2衛(含加蓋--房(室)--廳1衛),2/5樓,"1,788 萬"
畫世紀歐式四房,新北市板橋區漢生東路 畫世紀,住宅大樓,16.2年,建坪72.75,4房(室)2廳2衛,8/29樓,"5,988 萬"
學府公園幸福皇居,新北市新莊區中信街 學府公園,住宅大樓,27.2年,建坪22.16,2房(室)2廳2衛,6/14樓,"1,398 萬"
捷運幸福成家大戶,新北市中和區景平路 凱撒大地,辦公商業大樓,34.3年,建坪53.10,4房(室)2廳2衛,3/12樓,"1,850 萬"
101大四房雙車,新北市永和區仁愛路 仁愛101,住宅大樓,12.0年,建坪99.80,4房(室)2廳3衛,5/25樓,"7,288 萬"
東帝市景觀小套房,新北市中和區景平路 東帝市,住宅大樓,27.9年,建坪12.18,1房(室)--廳1衛,27/41樓,888 萬
美河景觀大戶雙車,新北市新店區中央路 美河市,住宅大樓,12.8年,建坪110.33,4房(室)2廳3衛,8/24樓,"6,658 萬"
漢皇尊爵四房平車,新北市中和區中山路二段 漢皇馥麗,住宅大樓,15.6年,建坪74.19,4房(室)2廳2衛,9/19樓,"4,980 萬"
小太陽方正捷運,新北市新莊區中原路 小太陽,辦公商業大樓,29.2年,建坪13.05,--房(室)1廳1衛,2/12樓,980 萬
江翠久泰雙捷兩房,新北市板橋區長江路二段 雙捷晶品-名門區,住宅大樓,5.2年,建坪28.35,2房(室)2廳1衛,5/13樓,"2,381 萬"
全坤峰華建築語彙,新北市新莊區頭前路 全坤峰華 - 公園館,住宅大樓,13.5年,建坪62.41,4房(室)2廳2衛,13/21樓,"3,988 萬"
捷運新婚小資首購,新北市新莊區新北大道七段 伊吉邦,住宅大樓,26.4年,建坪16.75,3房(室)1廳1衛(含加蓋2房(室)--廳--衛),4/18樓,948 萬
中山國中稀有三房,新北市板橋區介壽街,公寓,51.1年,建坪27.08,3房(室)2廳1衛,3/4樓,"1,800 萬"
全新首購層峰套房,新北市新店區,華廈,#NAME?,建坪15.64,1房(室)1廳1衛,7/7樓,"1,388 萬"
全新首購層峰套房,新北市新店區,華廈,#NAME?,建坪15.64,1房(室)1廳1衛,7/7樓,"1,388 萬"
中山國中稀有三房,新北市板橋區介壽街,公寓,51.1年,建坪27.08,3房(室)2廳1衛,3/4樓,"1,800 萬"
江翠捷運邊間三房,新北市板橋區懷德街,公寓,37.5年,建坪27.73,5房(室)3廳3衛(含加蓋2房(室)1廳1衛),5/5樓,"1,580 萬"
海山學區正隆大戶,新北市板橋區民生路一段 正隆廣場,住宅大樓,30.9年,建坪67.84,4房(室)2廳2衛,21/25樓,"3,380 萬"
幸福佳瑪豐隆昕城,新北市新莊區中誠街,住宅大樓,0.6年,建坪44.25,3房(室)2廳2衛,6/11樓,"2,660 萬"
區公所電梯三房,新北市永和區豫溪街,華廈,28.9年,建坪34.11,3房(室)2廳2衛,5/6樓,"2,350 萬"
夏沁微風優雅城心,新北市新莊區頭興街 一方城心,住宅大樓,13.4年,建坪20.93,1房(室)1廳1衛,5/13樓,"1,620 萬"
湯泉河景高樓四房,新北市新店區溪園路 湯泉一期(湯泉櫻花),住宅大樓,22.9年,建坪64.34,4房(室)2廳2衛,13/14樓,"4,388 萬"
Scape露臺戶,新北市土城區學士路 有富璞玉,住宅大樓,0.7年,建坪89.05,4房(室)2廳2衛,14/14樓,"5,888 萬"
央北樂菲兩房車,新北市新店區央北二路 波爾多2樂菲莊園,住宅大樓,2.3年,建坪33.92,2房(室)2廳2衛,5/15樓,"2,388 萬"
小資首選河景宅,新北市新店區央北二路 波爾多2樂菲莊園,住宅大樓,2.3年,建坪26.88,1房(室)2廳1衛,14/15樓,"1,788 萬"
暖慕幸福城心貳房,新北市新莊區頭興街 一方城心,住宅大樓,13.4年,建坪40.16,2房(室)2廳1衛,9/13樓,"2,458 萬"
樂菲莊園四房平車,新北市新店區央北二路 波爾多2樂菲莊園,住宅大樓,2.3年,建坪61.63,4房(室)2廳2衛,7/15樓,"4,098 萬"
樂菲莊園精美三房,新北市新店區央北二路 波爾多2樂菲莊園,住宅大樓,2.3年,建坪26.57,3房(室)2廳1衛,4/15樓,"1,850 萬"
知性宏普挑高兩房,新北市新莊區福德二街 宏普NEW ONE四季館,住宅大樓,13.2年,建坪36.26,3房(室)2廳1衛(含加蓋1房(室)--廳--衛),4/12樓,"2,188 萬"
佳瑪美寓幸福成家,新北市新莊區幸福路,公寓,45.7年,建坪23.69,3房(室)2廳1衛,4/5樓,978 萬
幸福捷運昌隆美宅,新北市新莊區昌盛街,公寓,42.1年,建坪32.66,3房(室)2廳1衛,4/5樓,"1,288 萬"
國順燙金店面,新北市新莊區中港路 國順府城,店面,29.2年,建坪51.89,3房(室)2廳3衛(含加蓋3房(室)1廳2衛),B1~1/13樓,"4,688 萬"
成家首選3房美寓,新北市中和區員山路,公寓,46.9年,建坪23.06,3房(室)2廳1衛,4/5樓,"1,098 萬"
有棟距三房巴黎景,新北市新莊區中平路 巴黎世紀,住宅大樓,19.4年,建坪35.01,3房(室)2廳2衛,4/12樓,"1,998 萬"
捷運景觀遠眺遠雄,新北市新莊區中央路 米蘭公園,辦公商業大樓,11.1年,建坪74.79,2房(室)2廳2衛,13/24樓,"3,800 萬"
遠雄巴黎捷運景觀,新北市新莊區新北大道三段 遠雄巴黎公園,辦公商業大樓,11.1年,建坪68.41,2房(室)2廳2衛,10/24樓,"3,800 萬"
永和馬路商業透天,新北市永和區福和路,透天厝,50.2年,建坪70.87,5房(室)6廳5衛(含加蓋1房(室)1廳4衛),1~4/4樓,"7,988 萬"
捷運挑高星鑽高峰,新北市新莊區新北大道三段 最高峰,辦公商業大樓,19.0年,建坪48.90,3房(室)2廳2衛(含加蓋1房(室)--廳--衛),15/22樓,"2,288 萬"
史丹佛陶然典雅居,新北市板橋區新府路 史丹佛,住宅大樓,18.0年,建坪78.74,4房(室)2廳2衛,5/24樓,"5,800 萬"
獨家伴山三房車位,新北市新店區安祥路 伴山別墅(一期),華廈,8.5年,建坪52.27,3房(室)2廳2衛,3/8樓,"1,598 萬"
綠景江翠四房車位,新北市板橋區雙十路二段 海德公園,住宅大樓,25.0年,建坪60.50,4房(室)2廳2衛,5/22樓,"3,700 萬"
新店電梯樓中樓,新北市新店區安祥路 伴山別墅(二期),華廈,7.4年,建坪57.26,3房(室)3廳2衛(含加蓋1房(室)--廳--衛),3~4/4樓,"1,980 萬"
純白海山學免裝潢,新北市板橋區長安街,公寓,45.7年,建坪30.66,3房(室)2廳1衛,4/5樓,"1,980 萬"
大庭稀有特區景觀,新北市板橋區國光路 大庭新村,住宅大樓,30.6年,建坪47.26,3房(室)2廳2衛,11/12樓,"2,688 萬"
希望之河3房車位,新北市新店區中央三街 希望之河,住宅大樓,25.8年,建坪44.32,3房(室)2廳2衛,19/24樓,"2,438 萬"
希望之河3房車位,新北市新店區中央三街 希望之河,住宅大樓,25.8年,建坪44.32,3房(室)2廳2衛,19/24樓,"2,438 萬"
菠爾邊間採光三房,新北市永和區環河西路二段 台北菠爾-A,住宅大樓,26.1年,建坪36.01,3房(室)2廳2衛,4/22樓,"2,480 萬"
月河河景美宅三房,新北市永和區環河東路四段 月河,住宅大樓,25.2年,建坪33.89,3房(室)2廳2衛,3/12樓,"2,200 萬"
永安捷運好境套房,新北市永和區永平路 樂華首富,華廈,33.2年,建坪11.94,1房(室)1廳1衛,9/10樓,818 萬
甘霖環翠三房車位,新北市板橋區懷德街 甘霖環翠,住宅大樓,1.4年,建坪45.55,3房(室)2廳2衛,2/11樓,"2,880 萬"
萬坪公園遠景四房,新北市板橋區漢生東路 板橋新站大樓,住宅大樓,25.7年,建坪57.03,4房(室)2廳2衛,12/12樓,"4,180 萬"
世界G2可看屋了,新北市土城區莊園街 金城舞5-世界花園,住宅大樓,0.6年,建坪39.09,3房(室)2廳2衛,11/24樓,"2,598 萬"
捷運邊間兩房車位,新北市中和區中和路 向陽光晴,住宅大樓,6.8年,建坪34.89,2房(室)2廳2衛,5/13樓,"2,598 萬"
板橋採光溫馨三房,新北市板橋區民權路,公寓,51.8年,建坪30.30,3房(室)2廳1衛,4/4樓,"1,280 萬"
禾隱山居風光自來,新北市新店區禾豐九路 禾豐特區,透天厝,18.7年,建坪81.20,4房(室)4廳3衛,1~3/3樓,"3,500 萬"
低樓層可做三房,新北市板橋區中正路,公寓,44.2年,建坪26.84,#NAME?,3/5樓,"1,070 萬"
七張黃金邊間三樓,新北市新店區中正路,公寓,#NAME?,建坪34.98,3房(室)2廳2衛,3/4樓,"1,698 萬"
愛樂高樓採光三房,新北市新莊區中平路 巴黎樂章,住宅大樓,20.1年,建坪38.34,3房(室)2廳2衛,12/13樓,"2,288 萬"
愛樂音樂歐洲三房,新北市新莊區立信三街 愛樂貝多芬,住宅大樓,20.5年,建坪39.31,3房(室)2廳2衛,11/13樓,"2,350 萬"
成功庭院車庫一樓,新北市永和區成功路二段,華廈,32.4年,建坪33.07,3房(室)2廳2衛,1/5樓,"2,368 萬"
板車民權方正美寓,新北市板橋區民權路,公寓,49.3年,建坪25.55,2房(室)1廳1衛,4/4樓,"1,650 萬"
日月光旁邊間美寓,新北市土城區員林街,公寓,43.4年,建坪35.95,4房(室)2廳2衛,3/5樓,"1,638 萬"
公所旁大空間一樓,新北市永和區永安街,公寓,43.7年,建坪40.91,4房(室)2廳2衛,1/5樓,"3,195 萬"
碧瑤電梯景觀三室,新北市新莊區民安東路 碧瑤帝景,辦公商業大樓,18.6年,建坪49.79,3房(室)2廳2衛,14/14樓,"2,198 萬"
溫馨三房車站好近,新北市板橋區大觀路二段,公寓,43.8年,建坪23.84,3房(室)2廳1衛,5/5樓,"1,050 萬"
捷運富邑高樓,新北市新莊區中央路 新富邑,辦公商業大樓,12.6年,建坪71.11,3房(室)2廳2衛,25/28樓,"3,360 萬"
龍耀首藏雅緻透天,新北市新莊區新樹路 家麒新天地-龍耀首藏,透天厝,15.8年,建坪100.28,6房(室)2廳4衛(含加蓋2房(室)--廳--衛),B1~4/4樓,"3,500 萬"
市民金店可住辦,新北市中和區市民街,店面,33.2年,建坪36.58,4房(室)2廳1衛(含加蓋1房(室)--廳--衛),1/7樓,"2,258 萬"
府中囍堂明亮,新北市板橋區縣民大道一段 囍堂,辦公商業大樓,5.1年,建坪38.49,3房(室)2廳2衛,5/15樓,"2,650 萬"
景新機能好棒二樓,新北市中和區景新街,公寓,43.2年,建坪29.09,3房(室)2廳1衛,2/5樓,"1,450 萬"
遠揚新站溫馨3房,新北市板橋區南雅南路二段 遠揚新站,住宅大樓,18.3年,建坪38.42,3房(室)2廳2衛,4/22樓,"3,188 萬"
伊吉邦邊間大空間,新北市新莊區新北大道七段 伊吉邦,住宅大樓,26.5年,建坪26.10,3房(室)2廳1衛(含加蓋2房(室)--廳--衛),3/18樓,"1,218 萬"
自強活巷漂亮美屋,新北市板橋區自強新村 自強新村,公寓,50.1年,建坪28.82,3房(室)2廳2衛,3/4樓,"1,598 萬"
富貴雅致三房美寓,新北市新店區富貴街,公寓,42.9年,建坪28.46,3房(室)2廳1.5衛,5/5樓,880 萬
建安肯仲溫馨兩房,新北市新莊區建安街 肯仲樂高民安36A棟,華廈,10.4年,建坪29.41,2房(室)2廳1衛,6/10樓,"1,880 萬"
N/A,N/A,華廈,N/A,N/A,N/A,N/A,N/A
N/A,N/A,華廈,N/A,N/A,N/A,N/A,N/A
N/A,N/A,華廈,N/A,N/A,N/A,N/A,N/A
N/A,N/A,華廈,N/A,N/A,N/A,N/A,N/A
N/A,N/A,華廈,N/A,N/A,N/A,N/A,N/A
N/A,N/A,華廈,N/A,N/A,N/A,N/A,N/A
板橋近未來捷運站,新北市板橋區金門街 寶捷麗,住宅大樓,14.0年,建坪48.38,3房(室)1廳2衛,6/11樓,"2,458 萬"
板橋近未來捷運站,新北市板橋區金門街 寶捷麗,住宅大樓,14.0年,建坪48.38,3房(室)1廳2衛,6/11樓,"2,458 萬"
皇勝禧悅高樓景觀,新北市板橋區民生路一段 皇勝憘悅,住宅大樓,15.1年,建坪37.48,3房(室)2廳2衛,18/21樓,"3,098 萬"
央北國泰高樓三房,新北市新店區啟文路 國泰豐和,住宅大樓,2.6年,建坪45.06,3房(室)2廳2衛,15/19樓,"3,775 萬"
雙捷邊間兩房平車,新北市中和區景新街 双捷晶華/雙捷晶華,住宅大樓,7.5年,建坪37.27,2房(室)1廳1衛,2/14樓,"2,468 萬"
永安捷運方正辦公,新北市永和區中和路 百順客,辦公商業大樓,29.3年,建坪102.15,--房(室)1廳1衛,3/15樓,"5,288 萬"
捷運陽光邊間精品,新北市永和區保平路,公寓,48.1年,建坪30.07,3房(室)2廳2衛(含加蓋--房(室)--廳1衛),5/5樓,"1,598 萬"
永安捷運機能美宅,新北市永和區保平路,公寓,45.3年,建坪23.72,3房(室)2廳1衛,4/5樓,"1,660 萬"
中和捷運辦公平車,新北市中和區中山路二段 世界V1,辦公商業大樓,8.7年,建坪51.88,1房(室)1廳--衛,12/14樓,"2,298 萬"
美麗永安高樓遠景,新北市中和區中和路 美麗永安,住宅大樓,18.8年,建坪14.43,1房(室)1廳1衛,17/21樓,"1,480 萬"
頂溪竹林裝潢一樓,新北市永和區竹林路,公寓,47.5年,建坪29.12,5房(室)2廳2衛(含加蓋2房(室)--廳1衛),1/4樓,"1,899 萬"
帝京C1景觀豪邸,新北市新莊區中正路 永鼎帝京,住宅大樓,8.9年,建坪63.70,3房(室)2廳2衛,19/22樓,"4,130 萬"
單價31萬多美寓,新北市中和區員山路,廠辦,42.9年,建坪32.55,5房(室)2廳2衛(含加蓋2房(室)1廳1衛),5/5樓,"1,038 萬"
碧潭獨棟庭院別墅,新北市新店區華潭街,透天厝,35.3年,建坪107.17,6房(室)2廳3衛(含加蓋2房(室)--廳--衛),B1~2/2樓,"3,500 萬"
飛駝高樓美妝三房,新北市中和區興南路二段 飛駝二期,住宅大樓,30.8年,建坪53.59,3房(室)2廳2衛,14/14樓,"2,398 萬"
捷運邊間公寓三樓,新北市新店區大豐路,公寓,52.3年,建坪30.20,3房(室)2廳1.5衛(含加蓋--房(室)--廳0.5衛),3/4樓,"1,880 萬"
首購大空間美寓,新北市新店區安祥路,公寓,34.6年,建坪40.36,3房(室)3廳2衛(含加蓋--房(室)1廳--衛),5/5樓,788 萬
101景觀四房車,新北市板橋區光環路二段 湛然新天地,住宅大樓,11.8年,建坪78.97,4房(室)2廳2衛,14/17樓,"5,288 萬"
美麗景觀四房車位,新北市新店區安民街 美麗心殿,住宅大樓,30.0年,建坪50.60,4房(室)2廳2衛,9/16樓,"2,368 萬"
世界H棟22樓,新北市土城區莊園街 金城舞5-世界花園,住宅大樓,0.6年,建坪37.92,3房(室)2廳2衛,22/24樓,"2,598 萬"
碧潭新婚首購首選,新北市新店區永業路 美芝城,公寓,44.8年,建坪27.88,3房(室)2廳1.5衛,5/5樓,798 萬
景芳綠庭三房,新北市新店區二十張路 景芳綠庭,華廈,36.7年,建坪41.71,3房(室)2廳2衛,7/10樓,"2,880 萬"
竹林二樓黃金美寓,新北市永和區竹林路,公寓,45.4年,建坪28.22,3房(室)2廳1衛,2/5樓,"1,498 萬"
世界V1辦公平車,新北市中和區中山路二段 世界V1,辦公商業大樓,8.7年,建坪63.17,1房(室)2廳--衛,10/14樓,"2,980 萬"
台北囍多捷運美宅,新北市中和區福祥路 台北囍多,住宅大樓,26.9年,建坪15.47,1房(室)1廳1衛,17/19樓,"1,008 萬"
新店陽光小資首選,新北市新店區安興路 陽光PARK,其他,9.5年,建坪27.65,2房(室)1廳--衛,3/14樓,"1,258 萬"
中華新城三房車,新北市土城區中華路二段 中華新城乙基地,住宅大樓,26.7年,建坪48.76,3房(室)2廳2衛,16/16樓,"2,488 萬"
詩鄉明亮邊間車庫,新北市新店區安忠路 大學詩鄉,公寓,32.0年,建坪60.99,3房(室)2廳2.5衛(含加蓋--房(室)--廳0.5衛),3~4/4樓,"1,980 萬"
海山新宿兩房車,新北市土城區中央路一段 海山新宿,華廈,13.4年,建坪27.72,2房(室)2廳1衛,7/10樓,"1,880 萬"
鋒霖御璽三房平車,新北市中和區廣福路 鋒霖御璽,住宅大樓,12.1年,建坪56.78,3房(室)2廳2衛,6/15樓,"3,380 萬"
央北綠景三房大戶,新北市新店區央北二路 宏國大央北,住宅大樓,1.1年,建坪49.97,3房(室)2廳2衛,3/14樓,"3,900 萬"
宏國央北河景雙車,新北市新店區央北二路 宏國大央北,住宅大樓,1.1年,建坪57.45,2房(室)2廳1.5衛,10/14樓,"4,188 萬"
宏國央北河景雙車,新北市新店區央北二路 宏國大央北,住宅大樓,1.1年,建坪57.45,2房(室)2廳1.5衛,10/14樓,"4,188 萬"
美河市裝潢豪邸,新北市新店區中央路 美河市,住宅大樓,12.9年,建坪48.16,2房(室)2廳2衛,5/26樓,"3,268 萬"
新店祝你幸福三房,新北市新店區安民街 祝你幸福,住宅大樓,27.0年,建坪35.11,3房(室)2廳2衛,11/13樓,"1,898 萬"
台北大城金店面,新北市新莊區昌平街 台北大城,店面,30.9年,建坪48.66,3房(室)2廳2衛,1/11樓,"3,600 萬"
銀河竹林庭三房車,新北市永和區竹林路 銀河竹林庭,華廈,29.1年,建坪37.57,3房(室)2廳2衛,5/6樓,"2,580 萬"
海山學區捷運三房,新北市板橋區長安街,公寓,50.0年,建坪26.15,3房(室)2廳2衛,4/4樓,"1,298 萬"
長虹秀朗挑高金店,新北市永和區永元路 長虹華府,店面,18.6年,建坪34.74,6房(室)2廳1衛(含加蓋3房(室)1廳--衛),1/15樓,"3,588 萬"
大千庭院景觀一樓,新北市新店區新坡一街 大千豪景,公寓,34.3年,建坪54.43,4房(室)3廳3.5衛(含加蓋1房(室)1廳1衛),B1~2/5樓,"1,868 萬"
江坡A景觀三房,新北市新店區新坡一街 江坡華城A區,住宅大樓,31.9年,建坪43.37,3房(室)2廳1衛,4/16樓,"1,850 萬"
涵煙翠泳池旁兩房,新北市新店區新坡一街 涵煙翠,住宅大樓,30.5年,建坪30.62,2房(室)2廳1衛,2/12樓,"1,580 萬"
市中心獨棟大透天,新北市新店區長春路 大地世紀別墅,透天厝,36.0年,建坪77.52,7房(室)2廳3衛(含加蓋4房(室)--廳1衛),B1~3/3樓,"3,580 萬"
秀朗幸福成家三房,新北市永和區民權路,公寓,47.6年,建坪34.40,3房(室)2廳2衛,4/5樓,"1,668 萬"
公所成家圓夢首選,新北市新店區新坡一街 涵煙翠,住宅大樓,30.5年,建坪28.02,3房(室)2廳1衛(含加蓋1房(室)--廳--衛),1/12樓,"1,380 萬"
得和天廈四房車位,新北市永和區中正路 得和天廈(祥和甲天下),住宅大樓,24.2年,建坪60.81,4房(室)2廳3衛,8/14樓,"4,088 萬"
江波星野美景府邸,新北市新店區新坡一街 江坡華城C區,住宅大樓,31.9年,建坪99.50,2房(室)3廳2衛(含加蓋--房(室)1廳--衛),19~20/20樓,"3,968 萬"
台北新宿人潮金店,新北市永和區中正路 台北新宿,店面,29.6年,建坪56.75,3房(室)2廳2衛,1~2/11樓,"3,980 萬"
永和中正邊間店面,新北市永和區中正路,店面,54.8年,建坪28.99,--房(室)1廳1衛,1/4樓,"2,988 萬"
捷運公寓一樓好停,新北市中和區大仁街,公寓,50.4年,建坪25.28,2房(室)2廳2衛,1/4樓,"2,188 萬"
名人田園溫馨透天,新北市新店區長春路 大香山名人鄉村,透天厝,43.6年,建坪33.96,5房(室)4廳4衛(含加蓋1房(室)1廳1衛),1~2/2樓,"2,088 萬"
誠品威秀裝潢美屋,新北市新店區五峰路,公寓,44.4年,建坪34.88,3房(室)2廳3衛(含加蓋--房(室)--廳2衛),4/5樓,"1,880 萬"
公所捷運採光鼎佳,新北市新店區中興路一段,公寓,44.9年,建坪35.74,6房(室)3廳3衛(含加蓋2房(室)1廳1衛),5/5樓,"1,680 萬"
景平捷運車庫一樓,新北市中和區大仁街,店面,46.8年,建坪26.40,2房(室)2廳2衛(含加蓋1房(室)1廳1衛),1/5樓,"2,850 萬"
中正智光人潮辦公,新北市永和區中正路 得和天廈(祥和甲天下),辦公商業大樓,24.2年,建坪54.05,3房(室)2廳1衛,4/14樓,"3,180 萬"
近裕隆城鼎佳美屋,新北市新店區寶興路,其他,42.9年,建坪37.85,5房(室)4廳3衛(含加蓋2房(室)2廳1衛),5/5樓,"1,588 萬"
秀朗國小打通住辦,新北市永和區得和路,公寓,43.1年,建坪69.22,6房(室)2廳3衛,3/5樓,"3,805 萬"
公所綠景圓夢兩房,新北市新店區新坡一街 涵煙翠,住宅大樓,30.5年,建坪30.62,2房(室)2廳1衛,3/12樓,"1,580 萬"
公所邊間四房平車,新北市新店區五峰路 羅馬山莊,華廈,30.8年,建坪51.06,4房(室)2廳2衛,4/5樓,"2,768 萬"
秀朗國小大空間寓,新北市永和區得和路,公寓,43.1年,建坪40.21,5房(室)1廳2衛,3/5樓,"2,210 萬"
近捷運花園四房車,新北市新店區新坡一街 江坡華城C區,住宅大樓,31.9年,建坪94.92,4房(室)4廳3衛(含加蓋1房(室)--廳--衛),11~12/12樓,"2,980 萬"
裕隆邊間雙景兩房,新北市新店區寶興路 台北人,住宅大樓,16.1年,建坪37.42,2房(室)2廳1衛,10/12樓,"2,399 萬"
公所邊間四房平車,新北市新店區五峰路 羅馬山莊,華廈,30.8年,建坪51.06,4房(室)2廳2衛,4/5樓,"2,768 萬"
公所邊間四房平車,新北市新店區五峰路 羅馬山莊,華廈,30.8年,建坪51.06,4房(室)2廳2衛,4/5樓,"2,768 萬"
裕隆邊間雙景兩房,新北市新店區寶興路 台北人,住宅大樓,16.1年,建坪37.42,2房(室)2廳1衛,10/12樓,"2,399 萬"
獨家市景庭院大宅,新北市新店區五峰路,透天厝,43.8年,建坪66.15,4房(室)2廳3衛,1~2/2樓,"2,888 萬"
裕隆百坪土地透天,新北市新店區長春路 大地世紀別墅,透天厝,36.5年,建坪98.62,6房(室)4廳4衛(含加蓋1房(室)1廳--衛),1~3/3樓,"5,280 萬"
景觀車庫精美別墅,新北市新店區五峰路,透天厝,41.4年,建坪49.14,4房(室)5廳4衛(含加蓋2房(室)3廳2衛),1~2/2樓,"2,980 萬"
秀朗福和現有頂加,新北市永和區秀朗路二段,公寓,45.5年,建坪36.03,6房(室)3廳3衛(含加蓋2房(室)1廳1衛),5/5樓,"1,680 萬"
臺大苑美裝三房車,新北市永和區成功路一段 漢寶臺大苑,住宅大樓,3.0年,建坪40.89,3房(室)2廳2衛,6/11樓,"2,788 萬"
學區公園首購三房,新北市永和區民族街,公寓,54.9年,建坪23.30,3房(室)2廳1衛,2/4樓,"1,298 萬"
朝代美裝兩房平車,新北市永和區成功路二段 朝代大第,住宅大樓,32.0年,建坪41.58,2房(室)2廳1衛,8/15樓,"2,380 萬"
秀朗美滿成家二樓,新北市永和區得和路,公寓,49.1年,建坪21.14,3房(室)2廳1衛,2/4樓,"1,388 萬"
秀朗美妝邊間四房,新北市永和區秀朗路二段,公寓,46.4年,建坪34.71,4房(室)2廳2衛,4/5樓,"1,980 萬"
秀朗活巷庭院一樓,新北市永和區民族街,公寓,45.2年,建坪30.30,4房(室)2廳1衛(含加蓋1房(室)--廳--衛),1/5樓,"2,160 萬"
捷運景觀全新成屋,新北市中和區秀朗路三段 悠秀賞,住宅大樓,2.0年,建坪48.16,3房(室)2廳2衛,13/13樓,"3,180 萬"
秀朗學區首購美寓,新北市永和區民族街,公寓,44.3年,建坪29.19,3房(室)2廳1衛,5/5樓,"1,388 萬"
秀朗國小電梯華廈,新北市永和區民權路,華廈,44.7年,建坪32.01,2房(室)4廳1.5衛(含加蓋--房(室)2廳--衛),7/7樓,"2,228 萬"
昇陽綠建築四房車,新北市永和區成功路二段 昇陽國艷,住宅大樓,21.7年,建坪67.78,4房(室)2廳2衛,4/14樓,"4,650 萬"
永基京華四房車位,新北市永和區得和路 永基京華,華廈,23.1年,建坪67.72,4房(室)2廳2衛,5/7樓,"4,650 萬"
環東大空間店辦,新北市永和區環河東路四段,公寓,45.6年,建坪30.98,1房(室)1廳1衛(含加蓋--房(室)--廳1衛),1/5樓,"2,466 萬"
秀朗邊間四房三樓,新北市永和區民樂街,公寓,46.0年,建坪44.30,4房(室)2廳2衛,3/5樓,"1,980 萬"
秀朗學區黃金二樓,新北市永和區民族街,公寓,45.8年,建坪30.15,3房(室)2廳1衛,2/5樓,"1,780 萬"
警信美妝大三房,新北市中和區秀峰街 警信新城,公寓,28.9年,建坪39.62,3房(室)2廳2衛,5/5樓,"1,780 萬"
國小旁三角窗金店,新北市永和區民族街 北城營造,辦公商業大樓,30.4年,建坪48.96,--房(室)2廳2衛,1~2/7樓,"4,980 萬"
秀朗邊間四房美寓,新北市永和區四維街,公寓,40.2年,建坪38.67,4房(室)2廳2衛,4/5樓,"1,988 萬"
秀朗蘭亭一樓,新北市永和區民生路 蘭亭,華廈,43.3年,建坪34.23,--房(室)1廳1衛,1/7樓,"2,198 萬"
七張捷運車位美寓,新北市新店區明德路,公寓,25.5年,建坪66.61,3房(室)2廳2衛,5/5樓,"2,180 萬"
七張西華裝潢美屋,新北市新店區北新路二段 環遊市西華館,住宅大樓,18.9年,建坪16.53,1房(室)1廳1衛(含加蓋1房(室)--廳--衛),7/18樓,"1,658 萬"
亞東家傳成家首選,新北市板橋區華東街 家傳,住宅大樓,9.7年,建坪35.22,3房(室)2廳1衛,2/24樓,"2,888 萬"
近北市前陽台三樓,新北市板橋區中山路二段,公寓,41.3年,建坪31.35,3房(室)2廳1衛,3/5樓,"1,498 萬"
城龍花園車庫別墅,新北市中和區中興街 城龍別墅,透天厝,28.6年,建坪67.88,4房(室)3廳3衛,1~4/4樓,"3,800 萬"
美河高樓經典三房,新北市新店區中央路 美河市,辦公商業大樓,12.9年,建坪40.45,3房(室)2廳2衛,14/29樓,"2,988 萬"
國光活巷陽台三房,新北市中和區國光街,公寓,48.3年,建坪27.10,3房(室)2廳1衛,2/4樓,"1,188 萬"
國光活巷陽台三房,新北市中和區國光街,公寓,48.3年,建坪27.10,3房(室)2廳1衛,2/4樓,"1,188 萬"
北新路幸福鼎家,新北市新店區北新路一段,公寓,48.0年,建坪27.32,4房(室)4廳3衛(含加蓋2房(室)2廳1衛),4/4樓,"1,599 萬"
江翠藝文兩房平車,新北市板橋區藝文街 興富發大禾,住宅大樓,5.2年,建坪37.97,2房(室)2廳1衛,11/18樓,"1,998 萬"
七張電梯三房車位,新北市新店區中正路 中正川普,住宅大樓,16.6年,建坪63.12,3房(室)2廳2衛,7/15樓,"3,498 萬"
玫瑰城2樓4房,新北市新店區玫瑰路,公寓,36.4年,建坪51.47,4房(室)2廳2衛,2~3/5樓,"1,498 萬"
如意街方正4房,新北市新店區如意街,公寓,42.7年,建坪38.16,4房(室)2廳2衛,4/5樓,978 萬
靜巷首購海山學區,新北市板橋區海山路,公寓,39.7年,建坪30.20,4房(室)2廳3衛(含加蓋1房(室)--廳1衛),5/5樓,"1,880 萬"
中平高樓遠景四房,新北市新莊區立信三街 台北君悅-凱撒特區,住宅大樓,19.7年,建坪49.76,4房(室)2廳2衛,13/13樓,"2,880 萬"
民享方正裝潢一樓,新北市永和區民享街,公寓,52.3年,建坪25.46,4房(室)2廳1衛(含加蓋1房(室)--廳1衛),1/4樓,"1,880 萬"
民族公園旁三樓寓,新北市永和區民治街,公寓,55.0年,建坪28.33,3房(室)2廳1衛,3/4樓,"1,680 萬"
未來雙捷運三房車,新北市永和區保安路 南宏貴族,華廈,32.3年,建坪43.76,3房(室)2廳2衛,2/7樓,"2,599 萬"
稀有邊間3房學區,新北市板橋區長安街,公寓,31.2年,建坪30.80,3房(室)2廳2衛(含加蓋--房(室)2廳--衛),1/5樓,"2,098 萬"
四號公園公寓頂加,新北市永和區中正路,公寓,44.3年,建坪30.04,6房(室)4廳2衛(含加蓋2房(室)2廳1衛),5/5樓,"1,658 萬"
天藍喜悅有地下室,新北市板橋區僑中二街,其他,31.8年,建坪49.02,3房(室)3廳2衛(含加蓋3房(室)1廳1衛),1/5樓,"2,400 萬"
板橋國慶路一房,新北市板橋區國慶路 藝術學院,住宅大樓,30.2年,建坪14.43,1房(室)1廳1衛,13/14樓,"1,088 萬"
美齊旁定價48萬,新北市板橋區館前西路 揚昇河畔,住宅大樓,22.0年,建坪90.10,3房(室)2廳3衛,7/21樓,"3,500 萬"
景觀家傳永慶,新北市板橋區華東街 家傳,住宅大樓,9.7年,建坪48.32,3房(室)2廳2衛,22/24樓,"3,920 萬"
景平捷運公寓三樓,新北市中和區大勇街,公寓,53.5年,建坪30.00,3房(室)2廳1衛,3/4樓,"1,498 萬"
綠地遠景兩房車位,新北市新莊區立信三街 台北君悅-凱撒特區,住宅大樓,19.7年,建坪34.13,2房(室)2廳1衛,5/12樓,"2,160 萬"
景平捷運公寓一樓,新北市中和區大仁街,公寓,49.8年,建坪24.33,4房(室)2廳2.5衛(含加蓋--房(室)1廳2.5衛),1/4樓,"1,998 萬"
景平邊間美妝三樓,新北市中和區大仁街,公寓,50.4年,建坪27.60,3房(室)2廳1衛,3/4樓,"1,688 萬"
景平捷運挑高首選,新北市中和區景平路 東帝市,住宅大樓,27.9年,建坪13.40,1房(室)2廳1衛(含加蓋1房(室)--廳--衛),36/41樓,"1,094 萬"
總督採光遼闊視野,新北市板橋區國慶路 總督天下,住宅大樓,34.3年,建坪55.10,5房(室)2廳2衛,10/19樓,"2,988 萬"
鋒霖御璽三房車,新北市中和區廣福路 鋒霖御璽,住宅大樓,12.1年,建坪50.17,3房(室)2廳2衛,13/15樓,"3,333 萬"
裝潢美景2房車,新北市新店區北宜路一段 新城市新殿,住宅大樓,27.7年,建坪32.98,2房(室)2廳1衛(含加蓋1房(室)--廳--衛),12/12樓,"1,688 萬"
新埔松江四房美宅,新北市板橋區松江街 福林寶典,住宅大樓,17.9年,建坪64.16,4房(室)2廳2衛,11/12樓,"4,388 萬"
鬧中取靜文青一樓,新北市中和區保平路,公寓,47.6年,建坪26.29,3房(室)2廳2衛(含加蓋2房(室)--廳1衛),1/4樓,"1,850 萬"
新和大空間雅寓,新北市新店區永安街,公寓,46.6年,建坪49.87,8房(室)4廳3衛(含加蓋3房(室)1廳1衛),4/4樓,"1,958 萬"
近大坪林三房美屋,新北市新店區復興路 台北公館,住宅大樓,32.0年,建坪53.30,3房(室)2廳2衛,12/12樓,"3,068 萬"
湯泉櫻花帝王大戶,新北市新店區溪園路 湯泉一期(湯泉櫻花),住宅大樓,22.9年,建坪73.70,4房(室)2廳2衛,14/14樓,"4,288 萬"
湯泉公園百坪豪邸,新北市新店區溪園路 湯泉二期(湯泉美地),住宅大樓,21.9年,建坪162.65,5房(室)2廳3.5衛,4/14樓,"7,450 萬"
湯泉公園百坪豪邸,新北市新店區溪園路 湯泉二期(湯泉美地),住宅大樓,21.9年,建坪162.65,5房(室)2廳3.5衛,4/14樓,"7,450 萬"
獨家電梯三房車位,新北市新店區中正路 中正大道,住宅大樓,28.2年,建坪44.12,3房(室)2廳2衛,2/12樓,"2,280 萬"
邊間優質可做3房,新北市土城區清水路 東方之龍,住宅大樓,31.9年,建坪30.08,2房(室)2廳1衛,11/13樓,"1,598 萬"
高樓景觀立信四房,新北市新莊區立信三街 法蝶,住宅大樓,17.2年,建坪50.76,4房(室)2廳2衛,7/12樓,"2,688 萬"
捷運江寧市場一樓,新北市板橋區雙十路三段,公寓,45.4年,建坪26.67,2房(室)2廳1衛(含加蓋--房(室)--廳1衛),1/5樓,"2,750 萬"
江翠捷運發財店辦,新北市板橋區文化路二段 文化風閣,店面,15.0年,建坪32.65,5房(室)2廳2衛(含加蓋2房(室)1廳--衛),1/11樓,"2,950 萬"
江翠區捷運大四房,新北市板橋區江寧路三段,華廈,30.5年,建坪65.57,4房(室)2廳2衛,5/7樓,"3,888 萬"
高樓景觀裝潢美宅,新北市新莊區新北大道七段 富綠旺,住宅大樓,31.3年,建坪22.39,1房(室)2廳1衛,12/12樓,"1,088 萬"
森林公園高樓綠景,新北市中和區中安街 森林公園,住宅大樓,26.2年,建坪59.92,4房(室)2廳2衛,7/14樓,"4,380 萬"
學校對面有店面,新北市土城區延和路 春風得意,店面,31.5年,建坪17.59,--房(室)1廳1衛,1/10樓,"1,498 萬"
安心成家電梯三房,新北市中和區中正路 中和花園廣場,住宅大樓,26.1年,建坪32.23,3房(室)2廳2衛,7/22樓,"1,698 萬"
幸福雅居大兩房車,新北市中和區中正路 中和花園廣場,住宅大樓,26.1年,建坪47.24,2房(室)2廳1衛,9/22樓,"2,350 萬"
童話稀有雙併景觀,新北市中和區連城路 童話特區,住宅大樓,26.7年,建坪43.74,3房(室)2廳2衛,18/18樓,"2,988 萬"
森美學捷運四房車,新北市板橋區光武街 森美學,住宅大樓,13.5年,建坪72.30,4房(室)2廳2衛,1/14樓,"4,888 萬"
凱悅名廈3房3樓,新北市新店區安成街 凱悅名廈,華廈,31.9年,建坪33.57,3房(室)2廳2衛,3/7樓,"1,600 萬"
亞東大土地一樓,新北市板橋區南雅南路二段,公寓,53.5年,建坪26.83,#NAME?,1/3樓,"1,999 萬"
板橋車站邊間三房,新北市板橋區觀光街,公寓,46.1年,建坪29.06,3房(室)3廳1衛,3/5樓,"1,598 萬"
捷運巴黎三房雙車,新北市新莊區新北大道三段 遠雄巴黎公園,住宅大樓,11.1年,建坪85.98,3房(室)2廳3衛,8/25樓,"4,200 萬"
捷運江翠統領世界,新北市板橋區萬板路 統領世界,華廈,36.4年,建坪57.54,5房(室)4廳3衛(含加蓋3房(室)2廳1衛),10/10樓,"3,980 萬"
挑高低總價大空間,新北市板橋區干城路 旺族,華廈,32.8年,建坪36.71,3房(室)2廳2衛,5/9樓,"1,588 萬"
台北遠景三房車位,新北市新店區安忠路 台北寧境二期,住宅大樓,21.9年,建坪32.70,3房(室)2廳2衛,11/11樓,"1,685 萬"
近捷運美公寓1樓,新北市新店區安康路二段,公寓,43.6年,建坪25.89,5房(室)2廳2衛(含加蓋2房(室)--廳1衛),1/5樓,"1,698 萬"
邊間通風採光超棒,新北市板橋區信義路,公寓,37.8年,建坪32.87,3房(室)2廳2衛,5/5樓,"1,198 萬"
宏普高樓溫馨之選,新北市新莊區中信街 宏普AMAX,辦公商業大樓,8.0年,建坪17.80,--房(室)1廳1衛,20/24樓,"1,288 萬"
不貳之選新宿風尚,新北市新莊區新北大道四段 不貳館,辦公商業大樓,6.5年,建坪52.52,3房(室)2廳2衛,5/24樓,"2,700 萬"
家麒文化一層一戶,新北市板橋區莊敬路 家麒文化,住宅大樓,17.9年,建坪98.24,4房(室)2廳3衛,6/15樓,"6,980 萬"
光境森居雅致兩房,新北市新莊區福美街 七星峰知星,住宅大樓,5.9年,建坪44.86,2房(室)2廳1衛,4/12樓,"2,498 萬"
佳瑪百貨四房車位,新北市新莊區幸福路 大唐江山(乙區),華廈,35.3年,建坪45.07,4房(室)2廳2衛,7/10樓,"2,200 萬"
美寓四房前後陽台,新北市新莊區中港路 大慶社區,公寓,37.2年,建坪42.30,4房(室)2廳2衛,4/5樓,"1,565 萬"
中誠方正前後陽台,新北市新莊區中誠街,公寓,36.9年,建坪31.64,3房(室)2廳2衛,3/5樓,"1,250 萬"
捷運環景實惠大戶,新北市板橋區民生路三段 漢江春曉,住宅大樓,29.7年,建坪41.65,4房(室)2廳2衛,14/26樓,"2,080 萬"
捷運環景實惠大戶,新北市板橋區民生路三段 漢江春曉,住宅大樓,29.7年,建坪41.65,4房(室)2廳2衛,14/26樓,"2,080 萬"
晴木逸所海山宅,新北市土城區學府路二段 大江山,住宅大樓,33.1年,建坪28.43,3房(室)2廳2衛,7/15樓,"1,580 萬"
冠德頂樓制震宅,新北市新莊區中原東路 冠德鼎峰,住宅大樓,11.8年,建坪148.18,4房(室)2廳4衛,24~25/25樓,"8,888 萬"
挑高一樓管理四房,新北市板橋區忠孝路 忠孝七期,華廈,23.6年,建坪63.32,4房(室)2廳2衛,1/9樓,"3,398 萬"
帝后三房寵物天堂,新北市新莊區立信三街 帝后花園-亞歷山大,住宅大樓,20.0年,建坪33.17,4房(室)2廳3衛(含加蓋3房(室)--廳2衛),1/12樓,"2,280 萬"
新店寶露臺三房車,新北市新店區央北二路 新店寶,住宅大樓,2.2年,建坪56.12,3房(室)2廳2衛,3/15樓,"4,580 萬"
樹海景觀明亮三房,新北市新店區中興路二段,公寓,44.2年,建坪29.43,3房(室)2廳2衛,4/5樓,"1,468 萬"
大智邊間活巷三樓,新北市板橋區大智街,公寓,51.3年,建坪30.82,3房(室)2廳2衛(含加蓋--房(室)--廳1衛),3/4樓,"1,650 萬"
靜巷方正便利一樓,新北市板橋區大智街,公寓,51.6年,建坪22.36,3房(室)2廳1衛(含加蓋--房(室)--廳1衛),1/4樓,"1,230 萬"
城易迅全新三房車,新北市新店區大豐路 台信城易迅,住宅大樓,0.8年,建坪50.87,3房(室)2廳2衛,9/17樓,"3,980 萬"
永安方正亮麗三房,新北市新店區永安街,公寓,46.6年,建坪23.96,3房(室)2廳1衛,3/4樓,"1,150 萬"
北新中正捷運美寓,新北市新店區中正路,公寓,47.1年,建坪28.99,3房(室)2廳1衛,4/5樓,"1,550 萬"
尊爵高樓景觀大戶,新北市新莊區新泰路 傳家尊爵,住宅大樓,10.5年,建坪85.13,4房(室)2廳4衛,17/18樓,"4,258 萬"
日安永翠好漾美居,新北市板橋區香社一路 永翠漾,住宅大樓,1.2年,建坪31.53,1房(室)1廳1衛,8/15樓,"1,980 萬"
鋼骨遠景五房雙車,新北市新店區環河路 天闊,住宅大樓,26.1年,建坪95.04,5房(室)2廳3衛,10/36樓,"4,458 萬"
店住辦好停車一樓,新北市板橋區介壽街,公寓,47.9年,建坪28.57,--房(室)2廳1衛,1/4樓,"2,300 萬"
新埔捷運學區美寓,新北市板橋區介壽街,公寓,52.5年,建坪28.28,2房(室)2廳1衛,4/4樓,"1,580 萬"
近塭仔輔大美四房,新北市新莊區中正路 輔大名廈,華廈,29.6年,建坪47.36,4房(室)2廳2衛,4/6樓,"2,358 萬"
捷運好靜獨棟美宅,新北市中和區中安街,華廈,34.2年,建坪54.64,4房(室)2廳2衛,2/6樓,"4,320 萬"
永安捷運電梯透天,新北市永和區中和路,透天厝,15.7年,建坪95.64,6房(室)2廳4衛(含加蓋2房(室)--廳4衛),1~5/5樓,"6,980 萬"
置產低總價金透天,新北市板橋區中山路二段,透天厝,58.3年,建坪22.39,3房(室)2廳2衛(含加蓋1房(室)--廳--衛),1~2/2樓,"1,580 萬"
永安捷運黃金店面,新北市永和區水源街,華廈,29.6年,建坪38.12,3房(室)1廳2衛(含加蓋3房(室)1廳1衛),B1~1/6樓,"2,980 萬"
帝王景觀裝潢頂加,新北市土城區仁愛路 凱都金鑽,住宅大樓,30.0年,建坪42.13,6房(室)3廳4衛(含加蓋3房(室)1廳2衛),16/16樓,"2,450 萬"
全新江翠捷運3房,新北市板橋區華江一路 帝國花園廣場,住宅大樓,2.1年,建坪35.57,3房(室)2廳1衛,3/19樓,"2,780 萬"
帝國溫馨三房車位,新北市板橋區華江一路 帝國花園廣場,住宅大樓,2.1年,建坪45.47,3房(室)2廳2衛,19/19樓,"3,245 萬"
江翠採光方正三房,新北市板橋區吳鳳路 幸福昇樺,住宅大樓,2.2年,建坪48.48,3房(室)2廳2衛,10/14樓,"3,598 萬"
捷運面寬採光兩房,新北市板橋區文化路一段 新巨蛋,住宅大樓,15.2年,建坪24.73,3房(室)2廳2衛(含加蓋1房(室)--廳--衛),6/43樓,"2,498 萬"
板橋中正金華三樓,新北市板橋區金華街,公寓,49.4年,建坪29.65,4房(室)2廳1衛,3/4樓,"1,380 萬"
景安邊間面寬一樓,新北市中和區景平路,公寓,49.7年,建坪26.11,2房(室)2廳2衛(含加蓋--房(室)--廳1衛),1/4樓,"2,380 萬"
永安靜巷採光美寓,新北市永和區水源街,公寓,35.4年,建坪45.31,4房(室)2廳2衛,4/5樓,"2,980 萬"
秀朗美妝3房美寓,新北市中和區秀朗路三段,公寓,44.8年,建坪26.91,3房(室)2廳2衛,4/5樓,"1,450 萬"
秀朗美妝3房美寓,新北市中和區秀朗路三段,公寓,44.8年,建坪26.91,3房(室)2廳2衛,4/5樓,"1,450 萬"
華新靜巷一樓公寓,新北市中和區華新街,公寓,38.9年,建坪23.34,2房(室)1廳1衛(含加蓋1房(室)--廳--衛),1/5樓,"1,298 萬"
華新靜巷二樓公寓,新北市中和區華新街,公寓,38.9年,建坪23.34,3房(室)1廳1衛,2/5樓,"1,198 萬"
永安採光三房美寓,新北市中和區保平路,公寓,42.8年,建坪29.40,3房(室)2廳2衛(含加蓋--房(室)--廳1衛),5/5樓,"1,498 萬"
比漾永平起家厝,新北市中和區中山路二段,公寓,42.8年,建坪28.73,3房(室)2廳1衛,4/5樓,"1,600 萬"
永安稀有電梯2房,新北市中和區水源路,華廈,31.2年,建坪23.22,2房(室)2廳1衛,3/7樓,"1,750 萬"
裝潢創意自由發揮,新北市新店區安泰路 頂好社區,透天厝,44.3年,建坪34.26,3房(室)2廳2衛,1~2/2樓,970 萬
勝輝典雅別有洞天,新北市板橋區長江路一段 勝輝新象,華廈,27.2年,建坪43.67,5房(室)2廳2衛(含加蓋1房(室)--廳1衛),1/9樓,"2,780 萬"
琉域景觀三房車,新北市土城區延和路,住宅大樓,2.8年,建坪50.54,3房(室)2廳2衛,15/15樓,"2,880 萬"
海山捷運邊間頂加,新北市土城區中央路一段,公寓,42.7年,建坪23.93,5房(室)3廳2衛(含加蓋2房(室)1廳1衛),5/5樓,"1,200 萬"
捷運純住景觀兩房,新北市新莊區榮華路二段 NY璞緻,住宅大樓,10.3年,建坪29.81,2房(室)2廳1衛,14/21樓,"2,088 萬"
翔譽光邸三房美居,新北市新莊區中正路 翔譽天心,住宅大樓,10.9年,建坪51.29,3房(室)2廳2衛,8/18樓,"2,880 萬"
比漾好近黃金三樓,新北市中和區中山路二段,公寓,48.4年,建坪32.19,3房(室)2廳1.5衛(含加蓋--房(室)--廳0.5衛),3/4樓,"1,660 萬"
捷運天空夢幻套房,新北市中和區景平路 天空之城,套房,25.4年,建坪16.92,1房(室)1廳1衛,9/34樓,"1,099 萬"
冠德雋永鼎極御所,新北市新莊區思源路 冠德鼎極,住宅大樓,10.9年,建坪79.11,4房(室)2廳2衛,12/25樓,"5,888 萬"
近捷運裝潢美兩房,新北市中和區景德街 景德宇,華廈,14.9年,建坪26.28,2房(室)2廳1衛,2/7樓,"2,058 萬"
方圓富都天際奢居,新北市新莊區永寧街 富都新庄,住宅大樓,1.6年,建坪62.73,3房(室)2廳3衛,19/25樓,"4,780 萬"
豐年稀有方正美寓,新北市新莊區新莊路,公寓,43.8年,建坪30.08,3房(室)2廳1衛,4/5樓,"1,128 萬"
頭前庄捷運站大戶,新北市新莊區明中街 台北新世界,華廈,34.4年,建坪77.17,4房(室)2廳2衛,5/5樓,"2,990 萬"
帝京A3捷運露臺,新北市新莊區中正路 永鼎帝京,住宅大樓,8.9年,建坪86.00,3房(室)2廳2衛,3/22樓,"5,880 萬"
新莊前後陽台美寓,新北市新莊區新莊路,公寓,43.8年,建坪28.80,3房(室)2廳1衛,3/5樓,"1,100 萬"
中正國小邊間二樓,新北市新店區平等街,公寓,50.4年,建坪29.16,3房(室)2廳1衛,2/4樓,"1,588 萬"
鳳凰稀有高樓遠景,新北市新莊區雙鳳路 鳳凰京都,住宅大樓,29.7年,建坪48.62,4房(室)2廳2衛,11/12樓,"1,558 萬"
永鼎質感裝潢豪邸,新北市新莊區中正路 永鼎帝京,住宅大樓,8.9年,建坪74.90,4房(室)2廳2衛,4/22樓,"4,680 萬"
精美綠地邊間三房,新北市新莊區中環路一段,住宅大樓,3.9年,建坪39.93,3房(室)2廳2衛,11/13樓,"2,188 萬"
捷運露臺景觀兩房,新北市中和區景平路 東帝市,住宅大樓,27.9年,建坪23.54,2房(室)2廳1衛(含加蓋2房(室)1廳--衛),37/41樓,"1,798 萬"
永鼎河景露台戶,新北市新莊區中正路 永鼎帝京,住宅大樓,8.9年,建坪198.18,5房(室)3廳5衛,21~22/22樓,"13,500 萬"
永鼎露臺樓中樓,新北市新莊區中正路 永鼎帝京,住宅大樓,8.9年,建坪181.14,5房(室)3廳5衛,21~22/22樓,"12,600 萬"
獨立進出挑高辦公,新北市新莊區新泰路 金色米蘭,辦公商業大樓,28.3年,建坪103.71,4房(室)2廳3衛(含加蓋3房(室)--廳1衛),2~4/16樓,"3,488 萬"
頭前庄捷運透天,新北市新莊區中正路,工廠,26.3年,建坪109.77,10房(室)6廳6衛(含加蓋--房(室)1廳1衛),1~5/5樓,"4,600 萬"
方圓富都就在新庄,新北市新莊區永寧街 富都新庄,住宅大樓,1.6年,建坪63.38,3房(室)2廳2衛,6/25樓,"4,580 萬"
方圓富都就在新庄,新北市新莊區永寧街 富都新庄,住宅大樓,1.6年,建坪63.38,3房(室)2廳2衛,6/25樓,"4,580 萬"
五守方正學區宅,新北市新莊區中港路 五守新村,華廈,26.4年,建坪44.90,3房(室)2廳2衛,4/9樓,"2,300 萬"
永鼎臻藏露台豪宅,新北市新莊區中正路 永鼎帝京,住宅大樓,8.9年,建坪191.53,5房(室)3廳5衛,21~22/22樓,"12,600 萬"
三樓公寓學區宅,新北市新莊區中港路 五守新村,公寓,45.4年,建坪34.29,3房(室)2廳1.5衛(含加蓋--房(室)--廳0.5衛),3/5樓,"1,468 萬"
帝王環景常青墅,新北市中和區圓通路 樂陽常青墅,透天厝,27.1年,建坪250.08,8房(室)4廳8衛(含加蓋1房(室)2廳2衛),B1~4/4樓,"7,780 萬"
建安優質電梯兩房,新北市新莊區建安街 台北華府二期,華廈,34.0年,建坪20.93,2房(室)1廳1衛,6/6樓,"1,198 萬"
捷運中山學區一樓,新北市板橋區光正街,公寓,49.8年,建坪24.88,3房(室)2廳2衛,1/4樓,"2,350 萬"
龍泉方正邊間三樓,新北市板橋區龍泉街,公寓,37.9年,建坪35.33,4房(室)2廳3衛(含加蓋1房(室)--廳1衛),3/5樓,"1,498 萬"
江翠低總兩房平車,新北市板橋區大漢街 江翠PARK,住宅大樓,6.1年,建坪26.47,2房(室)1廳1衛,2/15樓,"1,488 萬"
龍安天下電梯三房,新北市新莊區龍安路 龍安天下,住宅大樓,32.6年,建坪36.40,3房(室)2廳2衛,6/14樓,"1,598 萬"
新巨蛋清幽寂靜,新北市板橋區文化路一段 新巨蛋,套房,15.2年,建坪22.99,--房(室)1廳1衛,5/40樓,"1,688 萬"
新埔民生方正三樓,新北市板橋區民生路三段,公寓,47.5年,建坪28.69,3房(室)2廳1衛,3/5樓,"1,498 萬"
新巨蛋成家首選,新北市板橋區文化路一段 新巨蛋,住宅大樓,15.2年,建坪12.85,2房(室)1廳1衛(含加蓋2房(室)--廳--衛),6/40樓,"1,398 萬"
獨家力麒景觀2房,新北市新莊區中環路二段 力麒家家富富,住宅大樓,7.0年,建坪44.23,2房(室)2廳2衛,24/25樓,"2,498 萬"
公園方正採光三房,新北市中和區莊敬路,公寓,41.2年,建坪27.58,3房(室)2廳1.5衛,3/5樓,"1,488 萬"
稀有前後陽台三房,新北市新莊區新泰路,公寓,48.7年,建坪23.94,3房(室)2廳1衛,3/4樓,"1,180 萬"
輕軌別墅台北小城,新北市新店區僑義路 台北小城,透天厝,39.4年,建坪43.89,3房(室)2廳2.5衛,1~3/3樓,"1,580 萬"
永安置產三角住店,新北市永和區中和路,公寓,44.2年,建坪30.00,--房(室)2廳2衛,1~2/5樓,"2,298 萬"
永安方正次高美寓,新北市永和區中和路,公寓,51.6年,建坪31.89,3房(室)2廳1衛,4/5樓,"1,680 萬"
悅享尊榮皇翔帝王,新北市土城區學海街,住宅大樓,0.6年,建坪29.53,3房(室)2廳2衛,3/13樓,"2,298 萬"
寧靜公園電梯三房,新北市新店區安成街 台北舊金山,華廈,31.7年,建坪40.01,3房(室)2廳2衛,3/7樓,"1,688 萬"
安居景觀三房車位,新北市新店區安忠路 安居公教,住宅大樓,23.5年,建坪53.61,3房(室)2廳2衛,10/14樓,"1,958 萬"
泰隆新象稀有大戶,新北市土城區學府路一段 泰隆新象,住宅大樓,30.2年,建坪82.44,4房(室)3廳5衛(含加蓋3房(室)1廳3衛),2/17樓,"3,380 萬"
輕鬆入手圓夢透天,新北市新店區長春路 大香山名人鄉村,透天厝,43.6年,建坪39.33,3房(室)2廳2.5衛,1~2/2樓,"1,400 萬"
仁愛路景觀美宅,新北市土城區仁愛路,公寓,44.9年,建坪39.44,3房(室)2廳3衛,4/5樓,"1,568 萬"
永貞逸境和風雅居,新北市永和區永貞路 黃金時代,辦公商業大樓,23.9年,建坪22.15,1房(室)2廳1衛,3/13樓,"1,680 萬"
海山站多用途一樓,新北市土城區裕民路 好旺來,店面,29.9年,建坪37.85,2房(室)2廳2衛,1/17樓,"2,188 萬"
板南線視野採光好,新北市土城區中央路三段 黃金國,住宅大樓,32.2年,建坪36.33,3房(室)2廳2衛,5/16樓,"1,888 萬"
海山學區方正四房,新北市板橋區民生路一段 正隆華廈,住宅大樓,35.0年,建坪59.96,4房(室)2廳3衛,5~6/12樓,"2,880 萬"
雙空間捷運美寓,新北市中和區中和路,公寓,47.9年,建坪28.01,4房(室)2廳2.5衛(含加蓋1房(室)--廳1衛),5/5樓,"1,698 萬"
正三民路收租辦公,新北市板橋區三民路一段,廠辦,34.2年,建坪89.82,--房(室)2廳2衛,6/10樓,"3,730 萬"
正三民路收租辦公,新北市板橋區三民路一段,廠辦,34.2年,建坪89.82,--房(室)2廳2衛,6/10樓,"3,730 萬"
南山1加2大空間,新北市中和區南工路,公寓,47.6年,建坪49.38,4房(室)3廳2衛(含加蓋--房(室)--廳1衛),1~2/4樓,"2,998 萬"
城龍桂冠一層一戶,新北市板橋區四川路一段 城龍桂冠,辦公商業大樓,25.8年,建坪100.33,6房(室)1廳2衛(含加蓋1房(室)--廳--衛),10/11樓,"5,388 萬"
陽光映射三房美寓,新北市中和區水源路,公寓,40.0年,建坪34.76,3房(室)2廳2衛,4/5樓,"1,995 萬"
弘暉首富杜拜大戶,新北市中和區中和路 弘暉首富,住宅大樓,12.7年,建坪111.15,4房(室)2廳3衛,13/19樓,"7,500 萬"
海山學區漂亮美屋,新北市板橋區長安街,公寓,50.0年,建坪27.27,5房(室)3廳4衛(含加蓋4房(室)1廳2衛),1~2/2樓,"3,488 萬"
公園大鎮三房車位,新北市板橋區民生路二段 公園大鎮,住宅大樓,28.5年,建坪50.48,3房(室)2廳2衛,19/19樓,"3,498 萬"
府中捷運新屋住家,新北市板橋區四川路一段 府中晶品,住宅大樓,11.7年,建坪17.14,1房(室)1廳1衛,10/23樓,"1,298 萬"
美麗宏國邊間三房,新北市土城區學府路一段,住宅大樓,30.8年,建坪34.75,3房(室)2廳2衛,10/13樓,"2,088 萬"
鋼骨園上園三房車,新北市新店區中興路二段 園上園,住宅大樓,16.3年,建坪52.91,3房(室)2廳2衛,13/26樓,"3,200 萬"
綠意廊道領袖透天,新北市新莊區新樹路 領袖花園,透天厝,17.8年,建坪89.01,5房(室)3廳3衛(含加蓋1房(室)--廳--衛),B1~4/4樓,"3,888 萬"
國美這間真的便宜,新北市土城區中央路四段 國美A1,住宅大樓,10.0年,建坪63.51,4房(室)2廳2衛,2/15樓,"3,280 萬"
君泰公園高樓兩房,新北市新莊區雙鳳路 君泰一期,住宅大樓,9.0年,建坪27.74,2房(室)2廳1衛,17/21樓,"1,900 萬"
公園機能邊間3樓,新北市中和區保健路,公寓,48.2年,建坪33.13,3房(室)2廳2衛(含加蓋--房(室)--廳1衛),3/5樓,"1,968 萬"
宏泰小資強強三樓,新北市新莊區自強街,公寓,49.9年,建坪13.60,2房(室)1廳1衛,3/4樓,698 萬
凱旋門尊爵五房車,新北市板橋區中山路二段 皇翔凱旋門,住宅大樓,20.5年,建坪94.91,5房(室)2廳3衛,13/14樓,"5,280 萬"
綠灣景觀空間平車,新北市新店區安祥路 綠灣,辦公商業大樓,17.6年,建坪37.37,2房(室)2廳1衛,8/8樓,"1,238 萬"
京站全新三房平車,新北市新店區中央六街,華廈,0.4年,建坪44.25,3房(室)2廳2衛,4/6樓,"3,980 萬"
美之城低總美三房,新北市新店區永業路 美芝城,公寓,44.0年,建坪28.62,3房(室)2廳2衛,3/5樓,898 萬
好停車大庭院一樓,新北市新店區永業路 美芝城,公寓,43.3年,建坪43.37,4房(室)2廳2衛,1/5樓,"1,880 萬"
聯邦二期美妝三房,新北市土城區青仁路 聯邦大城二期,住宅大樓,31.6年,建坪34.86,3房(室)2廳2衛,4/11樓,"1,758 萬"
新婚首購德光美居,新北市中和區德光路,公寓,40.7年,建坪30.31,3房(室)2廳1.5衛,4/5樓,"1,280 萬"
美城景觀邊間美寓,新北市新店區永業路 美芝城,公寓,44.0年,建坪28.58,3房(室)2廳1衛,4/5樓,898 萬
典雅環球商圈三房,新北市中和區民治街,公寓,45.1年,建坪28.65,3房(室)2廳1衛,4/5樓,"1,398 萬"
合環景觀樓中樓,新北市新店區寶橋路 MY WAY(合環御景),住宅大樓,15.1年,建坪134.92,3房(室)3廳4衛,22/22樓,"11,000 萬"
銀行在旁財運有旺,新北市土城區學士路 有富璞玉,店面,0.7年,建坪36.98,#NAME?,1/14樓,"2,588 萬"
中央新村四房車位,新北市新店區中央三街,公寓,28.2年,建坪52.54,4房(室)2廳4衛(含加蓋1房(室)--廳2衛),3~4/4樓,"2,950 萬"
怡屋兩人三房美邸,新北市永和區永安街 人人大廈,華廈,48.7年,建坪36.24,3房(室)2廳2衛,5/7樓,"2,480 萬"
板車方正民權二樓,新北市板橋區民權路,公寓,54.9年,建坪25.85,3房(室)2廳1衛(含加蓋--房(室)--廳1衛),2/4樓,"1,750 萬"
民有邊間溫馨鼎佳,新北市中和區民有街,公寓,48.5年,建坪27.87,3房(室)4廳2衛(含加蓋1房(室)2廳1衛),4/4樓,"1,498 萬"
中和捷運景觀平車,新北市中和區中山路二段 世界V1,辦公商業大樓,8.7年,建坪59.02,3房(室)2廳2衛,8/14樓,"2,688 萬"
中和捷運景觀平車,新北市中和區中山路二段 世界V1,辦公商業大樓,8.7年,建坪59.02,3房(室)2廳2衛,8/14樓,"2,688 萬"
優惠更勝耑芃之森,新北市板橋區貴興路 天藍凱悅,住宅大樓,31.5年,建坪78.25,4房(室)2廳2衛(含加蓋--房(室)--廳1衛),16/16樓,"3,680 萬"
捷運公園邊間兩房,新北市土城區廣興街 亞東三星,住宅大樓,32.7年,建坪21.91,2房(室)2廳1衛,4/16樓,"1,498 萬"
漢皇美景三房車位,新北市中和區中正路 漢皇欽禾,住宅大樓,0.4年,建坪45.29,3房(室)2廳2衛,9/25樓,"2,928 萬"
家麒文化高樓雙車,新北市板橋區莊敬路 家麒文化,住宅大樓,17.9年,建坪67.74,3房(室)2廳2衛,12/15樓,"5,250 萬"
安祥電梯四房平車,新北市新店區安祥路 彩蝶,華廈,28.8年,建坪53.87,4房(室)2廳2衛,2/9樓,"1,180 萬"
首購新店電梯兩房,新北市新店區安祥路 綠中海一期,華廈,19.6年,建坪28.03,2房(室)2廳2衛,2/9樓,898 萬
綠中海邊間別墅,新北市新店區安祥路 綠中海一期,透天厝,19.6年,建坪59.46,4房(室)2廳3衛,1~3/3樓,"2,098 萬"
捷運站旁中山民生,新北市板橋區中山路二段 中山民生,住宅大樓,16.7年,建坪36.63,2房(室)2廳1衛,7/13樓,"2,468 萬"
家麒前後陽台四室,新北市新莊區新樹路 家麒新天地-龍耀首藏,辦公商業大樓,15.9年,建坪49.55,4房(室)2廳2衛,3/10樓,"1,918 萬"
中山國中邊間透天,新北市板橋區觀光街,透天厝,51.0年,建坪24.56,5房(室)2廳2衛(含加蓋2房(室)--廳2衛),1~2/2樓,"2,880 萬"
特區生活停車一樓,新北市板橋區漢生東路,公寓,39.4年,建坪39.48,3房(室)2廳3衛(含加蓋--房(室)--廳1衛),1/5樓,"4,300 萬"
伴山景觀大庭院戶,新北市新店區安祥路 伴山別墅(二期),華廈,7.6年,建坪53.44,2房(室)2廳2衛,1/6樓,"2,150 萬"
江翠捷運三房平車,新北市板橋區雙十路二段 發樓ME,住宅大樓,1.8年,建坪41.72,3房(室)2廳2衛,6/14樓,"3,770 萬"
昌隆幸福頂佳美寓,新北市新莊區昌隆街,公寓,46.2年,建坪25.36,5房(室)2廳3衛(含加蓋2房(室)--廳1衛),5/5樓,"1,368 萬"
綠一孝親景觀別墅,新北市新店區安祥路 綠中海一期,透天厝,19.9年,建坪66.74,5房(室)2廳3衛,1~3/3樓,"2,580 萬"
屋況佳樓中樓,新北市土城區學府路一段 新貴族別墅,公寓,36.6年,建坪55.62,3房(室)3廳4衛(含加蓋1房(室)--廳1衛),3~4/4樓,"2,080 萬"
捷運國小旁四房車,新北市新店區國校路,華廈,31.0年,建坪46.00,4房(室)2廳2衛,3/7樓,"2,250 萬"
E級棒精美3房,新北市中和區景新街 E代風華,住宅大樓,25.3年,建坪39.74,3房(室)2廳2衛,6/13樓,"2,680 萬"
凡登邊間戶面綠地,新北市新莊區立信一街 凡登,住宅大樓,15.7年,建坪53.17,4房(室)2廳2衛,8/13樓,"3,110 萬"
活巷好停車大一樓,新北市永和區保福路一段,公寓,45.7年,建坪34.09,1房(室)2廳1衛,1/5樓,"2,580 萬"
新板艾麗稀有釋出,新北市板橋區漢生西路 新板艾麗,住宅大樓,5.2年,建坪27.93,2房(室)2廳1衛,4/23樓,"2,380 萬"
碧潭捷運三室車位,新北市新店區碧潭路 十方山水,辦公商業大樓,29.7年,建坪48.49,#NAME?,17/19樓,"2,088 萬"
美妝高樓3房平車,新北市中和區中正路 西華心中市,住宅大樓,26.9年,建坪44.73,3房(室)2廳2衛,20/22樓,"2,398 萬"
府中春曉首選,新北市板橋區府中路 林園春曉/園room,辦公商業大樓,30.3年,建坪28.52,3房(室)2廳1衛(含加蓋2房(室)--廳--衛),2/17樓,"1,998 萬"
達麗微光小晴居,新北市新莊區福美街 達麗首席,住宅大樓,14.3年,建坪24.06,1房(室)2廳1衛,2/13樓,"1,788 萬"
近捷運稀有兩房車,新北市新店區新店後街,華廈,16.5年,建坪37.29,2房(室)2廳2衛(含加蓋--房(室)--廳1衛),6/7樓,"2,488 萬"
買房就要在MRT,新北市土城區承和街 皇翔MRT,住宅大樓,1.6年,建坪37.98,2房(室)2廳1衛,5/20樓,"2,050 萬"
幸福中平學區三房,新北市新莊區幸福路 紐約GOGO,住宅大樓,21.4年,建坪41.51,3房(室)2廳2衛,3/11樓,"2,580 萬"
中興街有裝潢美寓,新北市中和區中興街,公寓,46.0年,建坪21.34,3房(室)2廳1衛,5/5樓,"1,198 萬"
復興方正頂樓美佳,新北市中和區復興路,公寓,37.3年,建坪34.60,5房(室)4廳3衛(含加蓋2房(室)2廳1衛),5/5樓,"1,880 萬"
復興方正頂樓美佳,新北市中和區復興路,公寓,37.3年,建坪34.60,5房(室)4廳3衛(含加蓋2房(室)2廳1衛),5/5樓,"1,880 萬"
新埔鋼骨四房平車,新北市板橋區文化路二段 寶佳臻峰,住宅大樓,10.6年,建坪80.27,4房(室)2廳2衛,5/24樓,"6,988 萬"
清幽大三房二樓,新北市新店區永業路,公寓,43.0年,建坪28.38,3房(室)2廳2衛,2/5樓,868 萬
中山國中電梯兩房,新北市板橋區永豐街 永豐景,住宅大樓,1.0年,建坪25.78,2房(室)2廳1衛,2/13樓,"1,955 萬"
湛然高雅兩房恬居,新北市板橋區光環路二段 湛然幸福時光,住宅大樓,6.8年,建坪36.67,2房(室)2廳2衛,6/20樓,"2,348 萬"
一道彩虹裝潢三房,新北市新莊區中和街 一道彩虹,住宅大樓,30.9年,建坪31.83,3房(室)2廳2衛,15/17樓,"1,780 萬"
康橋庭院青山首選,新北市新店區青山路 青山鎮一期,公寓,25.8年,建坪62.23,3房(室)2廳3衛,1~2/5樓,"2,788 萬"
經典華固綠意盎然,新北市板橋區環河西路四段 華固月河,住宅大樓,2.3年,建坪56.22,3房(室)2廳2衛,11/28樓,"4,390 萬"
典雅城都子母車,新北市土城區南天母路 城都花園廣場,華廈,31.6年,建坪46.55,2房(室)2廳1衛,6/7樓,"1,288 萬"
景觀美妝兩房車,新北市土城區南天母路 氧樂多,華廈,29.1年,建坪31.75,2房(室)2廳1衛(含加蓋--房(室)1廳--衛),2/7樓,"1,198 萬"
帝王景觀樓中樓,新北市土城區南天母路 山水雲集,住宅大樓,35.2年,建坪34.87,2房(室)2廳2衛,9~10/12樓,898 萬
捷運信義三代同堂,新北市永和區信義路 信義華廈,住宅大樓,32.1年,建坪87.15,4房(室)2廳2衛,3/12樓,"4,688 萬"
詩鄉露臺四房車位,新北市新店區安忠路 大學詩鄉,住宅大樓,30.6年,建坪51.49,4房(室)2廳2衛(含加蓋2房(室)1廳--衛),11/11樓,"1,880 萬"
幸福公園美景豪邸,新北市新莊區思源路 公園首席,住宅大樓,14.1年,建坪56.64,4房(室)2廳2衛,14/19樓,"3,613 萬"
幸福捷運景觀三房,新北市新莊區福樂街 幸福皇居,住宅大樓,15.2年,建坪66.70,3房(室)2廳2衛,10/13樓,"3,440 萬"
捷運旁溫馨兩房,新北市土城區中央路二段 台北熱帶,住宅大樓,32.0年,建坪29.10,2房(室)2廳2衛,4/12樓,"1,638 萬"
昇樺捷運幸福成家,新北市板橋區吳鳳路 幸福昇樺,住宅大樓,2.2年,建坪48.48,3房(室)2廳2衛,6/14樓,"3,688 萬"
新潤捷運藝光裝潢,新北市新莊區福壽街 都峰苑二期,辦公商業大樓,9.4年,建坪53.36,2房(室)2廳2衛,6/19樓,"2,860 萬"
捷運邊間採光三房,新北市永和區永和路二段,華廈,45.0年,建坪40.21,3房(室)2廳2衛,4/7樓,"2,350 萬"
中國海景觀三房,新北市新莊區西盛街 中國海,住宅大樓,33.0年,建坪39.98,3房(室)2廳2衛,8/16樓,"1,720 萬"
幸福捷運邊間三房,新北市新莊區昌平街 宏福新市(新莊天下居）,住宅大樓,29.6年,建坪34.96,3房(室)2廳2衛,8/15樓,"1,898 萬"
經貿接軌視界辦公,新北市永和區保生路 經貿王朝,辦公商業大樓,33.6年,建坪50.04,3房(室)1廳--衛,11/23樓,"3,280 萬"
學區前後陽台三樓,新北市板橋區重慶路,公寓,37.1年,建坪43.71,3房(室)2廳2衛,3/5樓,"2,098 萬"
中山方正商業美寓,新北市中和區中山路二段,公寓,43.9年,建坪20.94,3房(室)2廳1衛,4/5樓,"1,198 萬"
合環御景四房車位,新北市新店區寶橋路 MY WAY(合環御景),住宅大樓,15.1年,建坪76.82,4房(室)2廳2衛,3/21樓,"5,198 萬"
總站小資美裝三房,新北市新店區合作路,公寓,40.7年,建坪27.61,3房(室)2廳2衛,5/5樓,988 萬
權泰景上三房車位,新北市土城區金安街 權泰景上,華廈,11.4年,建坪54.72,3房(室)2廳2衛,4/9樓,"1,998 萬"
頂溪近捷電梯兩房,新北市永和區永和路二段 峰閣,辦公商業大樓,23.7年,建坪25.33,2房(室)2廳1衛,3/12樓,"2,488 萬"
路易幸福滿分兩房,新北市板橋區廣和街 領袖歐洲,住宅大樓,18.4年,建坪30.23,2房(室)2廳1衛,8/15樓,"1,908 萬"
領袖路易邊間三房,新北市板橋區廣和街 領袖歐洲,住宅大樓,18.4年,建坪33.76,3房(室)1廳2衛,5/15樓,"2,398 萬"
天地樓中樓大空間,新北市土城區廣福街 天地別墅,透天厝,36.9年,建坪39.75,5房(室)2廳2衛(含加蓋2房(室)--廳--衛),4~5/5樓,"1,850 萬"
天地樓中樓大空間,新北市土城區廣福街 天地別墅,透天厝,36.9年,建坪39.75,5房(室)2廳2衛(含加蓋2房(室)--廳--衛),4~5/5樓,"1,850 萬"
國賓庭院兩房車位,新北市新店區安祥路 國賓山莊,華廈,13.1年,建坪75.18,1房(室)2廳2衛,1/7樓,"2,988 萬"
捷運稀有三房美寓,新北市新店區北宜路一段,公寓,38.9年,建坪32.49,4房(室)2廳2衛(含加蓋--房(室)--廳1衛),4/5樓,"1,298 萬"
領航歐洲敦美四房,新北市板橋區國慶路 歐洲公園,住宅大樓,18.2年,建坪54.75,4房(室)2廳2衛,9/15樓,"3,588 萬"
三光映境頂邸榮華,新北市土城區中央路二段 台北親家,住宅大樓,32.9年,建坪34.99,4房(室)2廳2衛,13/13樓,"1,798 萬"
贏家大收納辦公,新北市中和區中山路二段 中山贏家,其他,29.9年,建坪56.50,1房(室)--廳--衛,3/10樓,"2,068 萬"
捷運富近機能住店,新北市中和區景平路 豪美大樓,店面,41.3年,建坪33.97,1房(室)2廳2衛(含加蓋--房(室)--廳1衛),1~2/12樓,"1,809 萬"
捷運涵境稀世雅居,新北市新莊區中正路 宏運米蘭,住宅大樓,30.1年,建坪18.60,1房(室)2廳1衛,6/14樓,"1,138 萬"
風起露臺光落人間,新北市土城區中央路二段 日月光,住宅大樓,7.8年,建坪67.26,3房(室)2廳2衛,2/25樓,"4,980 萬"
江北重劃河岸住宅,新北市板橋區華江九路 帝景5號,住宅大樓,1.6年,建坪55.34,4房(室)2廳2衛,8/21樓,"4,168 萬"
福喜臨門裝潢美屋,新北市土城區永豐路 福禧,住宅大樓,29.9年,建坪27.53,3房(室)2廳2衛,8/12樓,"1,798 萬"
大坪林稀有美寓,新北市新店區大豐路,公寓,54.5年,建坪30.73,3房(室)2廳1衛,4/4樓,"1,690 萬"
永安採光首購美寓,新北市中和區安平路,公寓,53.6年,建坪22.96,2房(室)2廳1衛,4/4樓,"1,598 萬"
光華前後陽台三房,新北市新莊區民安西路 環球吉第,華廈,27.8年,建坪35.85,3房(室)2廳2衛,4/6樓,"1,598 萬"
潤泰遠景山景4房,新北市新店區中興路一段 潤泰遠景21,住宅大樓,26.0年,建坪63.11,4房(室)2廳2衛,10/20樓,"3,850 萬"
青峰高樓公園美宅,新北市板橋區永翠路 新潤青峰,住宅大樓,5.4年,建坪45.65,2房(室)2廳2衛,8/15樓,"3,288 萬"
民治街大坪數三房,新北市板橋區民治街,公寓,44.2年,建坪33.38,3房(室)2廳2衛,5/5樓,"1,598 萬"
親水躍馬方正三房,新北市新莊區中華路二段 躍馬中原,華廈,30.3年,建坪29.78,3房(室)2廳1.5衛,1/7樓,"1,750 萬"
新埔民生便利一樓,新北市板橋區裕民街,公寓,48.5年,建坪26.00,1房(室)1廳1衛(含加蓋--房(室)--廳1衛),1/4樓,"1,998 萬"
重劃公園旁四房車,新北市土城區學士路 弘暉大境,住宅大樓,3.5年,建坪62.76,4房(室)2廳2衛,12/15樓,"3,850 萬"
竹林大戶美寓,新北市永和區竹林路,公寓,40.7年,建坪34.19,5房(室)3廳3衛(含加蓋3房(室)1廳1衛),5/5樓,"1,998 萬"
遠都逸璟天幕居,新北市新莊區新北大道四段 遠雄國都,住宅大樓,10.1年,建坪99.34,3房(室)2廳3衛,19/28樓,"4,980 萬"
青年裝潢二樓美寓,新北市新莊區公園一路,公寓,45.7年,建坪31.90,3房(室)2廳2衛,2/4樓,"1,668 萬"
小資裝潢邊間美宅,新北市新莊區新北大道七段 伊吉邦,住宅大樓,26.5年,建坪36.12,3房(室)2廳1衛(含加蓋2房(室)--廳--衛),5/18樓,"1,550 萬"
安祥邊間三房車,新北市新店區安祥路,公寓,34.6年,建坪39.86,3房(室)2廳2衛,3/5樓,"1,080 萬"
新店風雅樓中樓,新北市新店區吉祥街,公寓,36.6年,建坪40.72,2房(室)2廳2衛,2~3/5樓,"1,198 萬"
城易迅兩房車,新北市新店區大豐路 台信城易迅,住宅大樓,0.7年,建坪35.68,2房(室)2廳1衛,3/17樓,"2,996 萬"
城市公園方正三房,新北市中和區安平路 城市公園,住宅大樓,32.7年,建坪42.77,3房(室)2廳2衛,6/15樓,"3,200 萬"
美麗心殿樓中樓,新北市新店區安民街 美麗心殿,住宅大樓,29.9年,建坪57.55,4房(室)2廳2衛(含加蓋1房(室)1廳--衛),14~15/16樓,"2,880 萬"
將捷輕軌四房車位,新北市新店區安和路一段 將捷家和,住宅大樓,8.9年,建坪65.88,4房(室)2廳2衛,4/16樓,"3,588 萬"
N/A,N/A,住宅大樓,N/A,N/A,N/A,N/A,N/A
N/A,N/A,住宅大樓,N/A,N/A,N/A,N/A,N/A
N/A,N/A,住宅大樓,N/A,N/A,N/A,N/A,N/A
N/A,N/A,住宅大樓,N/A,N/A,N/A,N/A,N/A
N/A,N/A,住宅大樓,N/A,N/A,N/A,N/A,N/A
N/A,N/A,住宅大樓,N/A,N/A,N/A,N/A,N/A
裝潢質感溫馨美宅,新北市新莊區天祥街,公寓,43.8年,建坪25.00,3房(室)2廳1衛,4/5樓,"1,100 萬"
裝潢質感溫馨美宅,新北市新莊區天祥街,公寓,43.8年,建坪25.00,3房(室)2廳1衛,4/5樓,"1,100 萬"
七張三房邊間美寓,新北市新店區建國路,公寓,50.2年,建坪28.45,3房(室)2廳1衛,4/4樓,"1,498 萬"
壽德漂亮高樓三房,新北市中和區壽德街 壽德新村,住宅大樓,24.6年,建坪48.06,3房(室)2廳2衛,14/14樓,"2,398 萬"
公所捷運百福社區,新北市新店區北新路一段,公寓,46.8年,建坪32.95,4房(室)2廳2衛,5/5樓,"1,500 萬"
雙十綠意美居,新北市板橋區雙十路二段,公寓,49.8年,建坪23.94,3房(室)2廳1衛,4/4樓,"1,580 萬"
雙十綠意三樓,新北市板橋區雙十路二段,公寓,49.7年,建坪23.94,3房(室)2廳1衛,3/4樓,"1,580 萬"
全新捷運三房未住,新北市新莊區昌德街,住宅大樓,0.4年,建坪39.26,3房(室)2廳2衛,4/15樓,"2,689 萬"
美麗宏國四房車位,新北市土城區學府路一段 美麗宏國,住宅大樓,30.3年,建坪57.53,4房(室)2廳2衛,7/13樓,"2,650 萬"
官邸日向遠景四房,新北市板橋區區運路 台北官邸,住宅大樓,18.5年,建坪105.93,4房(室)2廳2衛,12/14樓,"7,388 萬"
頂好京華小資豪宅,新北市新店區安成街 頂好京華,華廈,27.0年,建坪14.38,1房(室)1廳1衛,2/7樓,825 萬
捷和藍京面101,新北市板橋區民生路二段 捷和藍京,住宅大樓,28.0年,建坪33.00,3房(室)2廳2衛,14/24樓,"2,678 萬"
捷運小資首購美宅,新北市新莊區天祥街,公寓,48.2年,建坪22.99,3房(室)2廳1衛,3/4樓,938 萬
稀有靜巷一樓公寓,新北市新店區富貴街,公寓,41.4年,建坪23.44,3房(室)2廳1衛,1/5樓,"1,180 萬"
西盛小資景觀兩房,新北市新莊區西盛街 敦南花園,住宅大樓,34.3年,建坪20.71,2房(室)1廳1衛,13/15樓,"1,098 萬"
面學校新微風三房,新北市新莊區昌隆街 微風四季,住宅大樓,23.1年,建坪32.97,3房(室)2廳2衛,12/13樓,"2,020 萬"
首購三面採光三房,新北市板橋區翠華街,公寓,50.0年,建坪22.61,3房(室)2廳1衛,4/4樓,"1,000 萬"
板橋民族學區四房,新北市板橋區民族路,住宅大樓,27.0年,建坪54.43,4房(室)2廳2衛,8/12樓,"3,388 萬"
竹林大戶四房平車,新北市永和區竹林路 仰德大廈,住宅大樓,34.3年,建坪67.88,4房(室)2廳2衛,2/17樓,"3,680 萬"
遠揚新世紀旁美寓,新北市板橋區信義路,工廠,35.6年,建坪36.94,3房(室)2廳2衛,4/5樓,"1,398 萬"
國泰建設露臺豪邸,新北市土城區學士路 國泰金城,住宅大樓,7.8年,建坪61.48,2房(室)2廳2衛,2/18樓,"3,998 萬"
捷運旁方正三房,新北市土城區中正路 五號公園,公寓,37.8年,建坪28.40,3房(室)2廳2衛,5/5樓,"1,198 萬"
埔墘邊間方正二樓,新北市板橋區三民路一段,公寓,57.8年,建坪22.31,3房(室)2廳1衛,2/4樓,"1,390 萬"
面寬好停車一樓,新北市中和區圓通路,公寓,38.2年,建坪34.32,4房(室)2廳2衛,1/5樓,"2,190 萬"
近裕隆城景觀別墅,新北市新店區寶興路 林園別墅,公寓,36.5年,建坪35.04,3房(室)2廳2衛,3~5/5樓,"2,100 萬"
公所帝璟大三房車,新北市新店區新坡一街 藍天大地,華廈,30.8年,建坪60.59,3房(室)2廳2衛,5/10樓,"2,188 萬"
頂溪全新裝潢兩房,新北市永和區竹林路,華廈,0.6年,建坪25.77,2房(室)1廳1.5衛,4/9樓,"2,360 萬"
擎天映景微風兩房,新北市板橋區中山路二段 新板微風+,華廈,9.0年,建坪28.03,3房(室)1廳1衛(含加蓋1房(室)--廳--衛),9/10樓,"1,898 萬"
中央庭院花園透天,新北市新店區中央七街,透天厝,49.6年,建坪43.75,5房(室)2廳2衛,1~2/2樓,"8,800 萬"
幸福時光精裝二房,新北市板橋區光環路二段 湛然幸福時光,住宅大樓,6.8年,建坪37.35,2房(室)2廳2衛,8/20樓,"2,380 萬"
御林園三房車位,新北市新店區安忠路 玖宜御林園,住宅大樓,8.7年,建坪37.91,3房(室)2廳2衛,5/12樓,"1,898 萬"
力麒鼎峰景觀公園,新北市新莊區中環路二段 力麒家家富富,住宅大樓,7.0年,建坪56.06,2房(室)2廳2衛,25/25樓,"2,488 萬"
力麒鼎峰景觀公園,新北市新莊區中環路二段 力麒家家富富,住宅大樓,7.0年,建坪56.06,2房(室)2廳2衛,25/25樓,"2,488 萬"
都會之心四房車,新北市深坑區埔新街 甲山林二期,華廈,33.3年,建坪53.19,4房(室)2廳2衛,3/7樓,"2,580 萬"
光復大空間大露臺,新北市板橋區中山路二段 騰飛大道,辦公商業大樓,29.0年,建坪63.25,1房(室)3廳1衛,2/12樓,"3,750 萬"
近北市單價5字頭,新北市板橋區中山路二段 皇冠,住宅大樓,11.2年,建坪73.93,4房(室)2廳2衛,17/21樓,"3,880 萬"
頂溪天湛三房車位,新北市永和區環河西路一段 捷洋天湛,住宅大樓,11.8年,建坪62.28,3房(室)2廳2衛,5/20樓,"4,288 萬"
環狀景平三房美寓,新北市中和區景平路,公寓,50.9年,建坪32.71,3房(室)2廳1衛,4/4樓,"1,450 萬"
小城邊間雅致透天,新北市新店區僑信路 台北小城,透天厝,39.4年,建坪56.10,6房(室)4廳4衛(含加蓋2房(室)--廳--衛),B1~3/3樓,"2,850 萬"
美河P棟河景四房,新北市新店區中央路 美河市,住宅大樓,12.9年,建坪70.84,4房(室)2廳3衛,8/25樓,"4,980 萬"
紅喜山莊透天別墅,新北市中和區圓通路 紅喜山莊,透天厝,28.1年,建坪61.92,4房(室)2廳3衛(含加蓋1房(室)--廳1衛),1~5/5樓,"2,688 萬"
亞東方正屋頂佳,新北市板橋區四川路二段,公寓,39.0年,建坪33.65,6房(室)3廳3衛(含加蓋3房(室)1廳1衛),5/5樓,"1,488 萬"
捷運可到大間頂加,新北市土城區德興街,公寓,41.0年,建坪36.39,8房(室)1廳3衛(含加蓋4房(室)--廳2衛),5/5樓,"1,198 萬"
輕軌捷運透天店面,新北市新店區安忠路,透天厝,18.5年,建坪101.15,7房(室)8廳8衛(含加蓋1房(室)1廳1衛),B1~4/4樓,"4,558 萬"
新捷運極品皇居,新北市新莊區思源路,住宅大樓,27.1年,建坪124.42,5房(室)4廳4衛,21/21樓,"6,480 萬"
名人巷美方正三房,新北市中和區景平路 華南名人巷,住宅大樓,28.1年,建坪41.34,3房(室)2廳2衛,14/17樓,"2,688 萬"
昇陽庭園,新北市板橋區莊敬路 昇陽天廈,住宅大樓,27.5年,建坪29.29,4房(室)2廳2衛(含加蓋3房(室)--廳1衛),4/19樓,"2,812 萬"
全新好停車近捷運,新北市板橋區東興街,店面,1.5年,建坪21.20,--房(室)1廳1衛,1/7樓,"1,880 萬"
近捷運低總美店面,新北市中和區中興街,店面,28.1年,建坪19.89,1房(室)1廳1衛,1/17樓,"1,298 萬"
公園旁電梯大兩房,新北市中和區和平路 美麗家園,華廈,29.9年,建坪22.44,2房(室)2廳1衛,7/7樓,"1,380 萬"
稀有樓中樓四房車,新北市土城區廣福街 天地別墅,公寓,36.4年,建坪40.93,4房(室)3廳3衛(含加蓋1房(室)1廳1衛),4~5/5樓,"1,690 萬"
仁愛稀有邊間大戶,新北市板橋區仁愛路 仁愛新村,公寓,41.9年,建坪36.25,4房(室)2廳2衛,4/5樓,"1,598 萬"
頂溪靜巷機能一樓,新北市永和區豫溪街,公寓,35.4年,建坪35.67,4房(室)3廳2衛,1~2/5樓,"3,200 萬"
國礎溫泉河景三房,新北市新店區復興路 國礎富裔河,住宅大樓,9.1年,建坪123.64,3房(室)2廳3.5衛,5/23樓,"5,560 萬"
七張亮麗三房美寓,新北市新店區中正路,公寓,#NAME?,建坪34.98,3房(室)2廳2衛,4/4樓,"1,598 萬"
美河裝潢景觀豪邸,新北市新店區中央路 美河市,住宅大樓,12.8年,建坪104.14,4房(室)2廳3衛,5/26樓,"6,838 萬"
左岸風華大器四房,新北市中和區中原二街 江左風華,住宅大樓,11.1年,建坪79.40,4房(室)2廳2衛,5/14樓,"4,380 萬"
捷運公園四房美宅,新北市新莊區公園路 捷運大世紀,住宅大樓,22.9年,建坪36.95,4房(室)2廳2衛,4/16樓,"2,098 萬"
板橋絕頂停車一樓,新北市板橋區民生路三段,公寓,47.4年,建坪25.38,4房(室)3廳2衛(含加蓋1房(室)1廳1衛),1/4樓,"2,800 萬"
丹麥琥珀獨匠工藝,新北市板橋區華江一路 麗寶北歐莊園丹麥琥珀,住宅大樓,3.1年,建坪32.73,1房(室)2廳1衛,2/19樓,"2,000 萬"
捷運麒麟電梯三房,新北市新莊區中正路 麒麟花園,住宅大樓,25.4年,建坪33.14,3房(室)2廳2衛,9/14樓,"1,988 萬"
青山鎮綠水獨棟,新北市新店區頂城三街 青山鎮二期,透天厝,16.5年,建坪92.24,5房(室)2廳3衛(含加蓋1房(室)--廳--衛),B1~3/3樓,"7,988 萬"
世外桃源車庫別墅,新北市中和區圓通路 潤泰曉山青,透天厝,18.4年,建坪105.29,4房(室)2廳3衛,B1~3/3樓,"4,888 萬"
世外桃源車庫別墅,新北市中和區圓通路 潤泰曉山青,透天厝,18.4年,建坪105.29,4房(室)2廳3衛,B1~3/3樓,"4,888 萬"
專任幸福榮富佳瑪,新北市新莊區幸福路 鹿特丹,住宅大樓,31.5年,建坪56.91,4房(室)2廳2衛,10/19樓,"2,750 萬"
央北邊間大三房,新北市新店區中央路 中央新春,住宅大樓,27.2年,建坪39.37,3房(室)2廳2衛,7/12樓,"2,880 萬"
運動中心三房美居,新北市永和區永利路,公寓,48.8年,建坪26.06,3房(室)2廳1衛,4/5樓,"1,498 萬"
找大間的您要來看,新北市板橋區重慶路 金富帝寶,住宅大樓,14.9年,建坪55.07,4房(室)2廳2衛(含加蓋1房(室)--廳--衛),4/15樓,"3,188 萬"
與新碩永傳為鄰居,新北市永和區中正路 潤泰中正國寶,住宅大樓,26.3年,建坪59.15,--房(室)2廳--衛,2/11樓,"3,780 萬"
正面公園潤泰國寶,新北市永和區中正路 潤泰中正國寶,住宅大樓,26.3年,建坪54.56,--房(室)2廳2衛,2/11樓,"3,480 萬"
景平捷運黃金二樓,新北市中和區景平路,公寓,38.4年,建坪29.77,3房(室)2廳2衛,2/5樓,"1,496 萬"
宏國大戶樓中樓,新北市新莊區中和街 宏國敦煌,住宅大樓,32.6年,建坪66.62,4房(室)2廳3衛,5~6/14樓,"3,088 萬"
伴吾景觀首購三房,新北市新店區安祥路 伴吾別墅,公寓,27.3年,建坪31.72,3房(室)2廳2衛,4/4樓,898 萬
綠中海獨棟大庭院,新北市新店區安祥路 綠中海二期,透天厝,18.9年,建坪106.86,4房(室)2廳4衛,1~3/3樓,"3,380 萬"
學府捷運三房華居,新北市新莊區中港路 五守新村,華廈,26.4年,建坪44.90,3房(室)2廳2衛,6/9樓,"2,298 萬"
海山捷運氣派廠辦,新北市土城區中華路一段,工廠,1.7年,建坪384.75,--房(室)5廳3衛,1~5/5樓,"20,000 萬"
央北頂樓景觀大戶,新北市新店區中山路 漢皇吾岳,住宅大樓,1.2年,建坪60.76,2房(室)2廳2衛,14/14樓,"5,588 萬"
馥華建設風華永傳,新北市板橋區中山路二段 馥華大台北,辦公商業大樓,18.1年,建坪78.43,4房(室)3廳4衛(含加蓋2房(室)1廳--衛),14/14樓,"4,650 萬"
七張裝潢3樓美寓,新北市新店區民族路,公寓,41.6年,建坪31.78,3房(室)2廳2衛,3/5樓,"1,980 萬"
海山鋼骨遠景三房,新北市土城區明德路二段 摩天京華,住宅大樓,27.6年,建坪35.93,3房(室)2廳2衛,17/21樓,"2,398 萬"
永和國小電梯大廈,新北市永和區中正路 潤泰中正國寶,住宅大樓,26.3年,建坪52.39,3房(室)2廳2衛,6/11樓,"3,860 萬"
華城景觀上走別墅,新北市新店區大榮路,透天厝,34.2年,建坪74.48,5房(室)2廳3衛,B1~2/2樓,"4,180 萬"
樹海靜謐三室車,新北市新莊區新樹路 世界盃雅典特區,辦公商業大樓,18.8年,建坪50.06,3房(室)2廳2衛,12/15樓,"1,998 萬"
捷運大宅輕鬆住,新北市土城區中正路 金時代,辦公商業大樓,39.0年,建坪75.68,6房(室)2廳3衛(含加蓋1房(室)--廳--衛),10/10樓,"2,980 萬"
聯合純住低總美宅,新北市新莊區富貴路 永陞聯合公園,住宅大樓,1.9年,建坪19.57,2房(室)2廳1衛,4/21樓,"1,620 萬"
風華SGS嚴選宅,新北市板橋區文化路二段 文化風華,住宅大樓,1.3年,建坪29.20,2房(室)2廳1衛,5/15樓,"1,888 萬"
殿堂樓閣荷怡庭院,新北市板橋區樂群路 合宜A6區,住宅大樓,7.7年,建坪83.81,4房(室)1廳3衛,1/24樓,"3,650 萬"
合宜方正大間4房,新北市板橋區大觀路二段,公寓,40.0年,建坪33.66,4房(室)2廳2衛,5/5樓,"1,498 萬"
亞東捷運大3房,新北市板橋區南雅南路二段 遠揚世界二期,華廈,41.0年,建坪33.51,3房(室)2廳2衛,3/7樓,"2,180 萬"
比漾未來捷運一樓,新北市中和區中山路二段,公寓,44.8年,建坪32.36,3房(室)3廳1衛(含加蓋--房(室)1廳--衛),1/5樓,"2,290 萬"
陽明天地雅致透天,新北市新莊區天祥街,透天厝,37.2年,建坪35.30,5房(室)3廳4衛(含加蓋2房(室)1廳--衛),1~2/2樓,"3,200 萬"
竹林1加2好停車,新北市永和區竹林路,公寓,50.6年,建坪47.96,7房(室)2廳2衛,1~2/4樓,"3,100 萬"
廣福學區五房平車,新北市土城區學府路一段 上泰廣福大廈,住宅大樓,33.2年,建坪73.94,5房(室)2廳2衛(含加蓋1房(室)--廳--衛),3/12樓,"2,980 萬"
捷運丹鳳大戶美宅,新北市新莊區天祥街,公寓,35.7年,建坪39.75,3房(室)2廳2衛,4/5樓,"1,358 萬"
捷運丹鳳大戶美宅,新北市新莊區天祥街,公寓,35.7年,建坪39.75,3房(室)2廳2衛,4/5樓,"1,358 萬"
合陽精裝四房大車,新北市新店區安光路 合陽天擎,住宅大樓,6.9年,建坪71.04,4房(室)2廳3衛,5/23樓,"3,788 萬"
日健芯幸福大露台,新北市板橋區懷仁街 日健芯,住宅大樓,0.8年,建坪28.24,2房(室)2廳1衛,2/15樓,"2,750 萬"
國慶住辦停車一樓,新北市板橋區國慶路,公寓,42.5年,建坪24.68,1房(室)2廳1衛,1/5樓,"1,980 萬"
江翠公園邊間美寓,新北市板橋區松江街,公寓,48.2年,建坪25.62,4房(室)2廳1衛,3/4樓,"1,498 萬"
江畔清風三房安居,新北市新莊區瓊林路 新桂築,華廈,19.8年,建坪46.72,3房(室)2廳2衛,3/8樓,"2,388 萬"
專任萬安邊間三房,新北市新莊區萬安街,公寓,44.7年,建坪21.28,3房(室)2廳1衛,5/5樓,798 萬
專任民西優質三房,新北市新莊區民安西路 民生社會社區,住宅大樓,29.6年,建坪39.55,3房(室)2廳2衛,10/19樓,"1,398 萬"
雙和庭園美妝辦,新北市中和區連勝街 雙和新城,店面,24.6年,建坪32.89,--房(室)2廳2衛(含加蓋--房(室)--廳1衛),1/10樓,"1,868 萬"
世界花園露台戶,新北市土城區莊園街 金城舞5-世界花園,住宅大樓,0.5年,建坪26.82,1房(室)--廳--衛,2/24樓,"1,580 萬"
心境花園,新北市土城區莊園街 金城舞5-世界花園,住宅大樓,0.5年,建坪24.56,2房(室)2廳1衛,18/24樓,"1,698 萬"
庭院樓中樓,新北市土城區學府路一段 新貴族別墅,公寓,36.6年,建坪54.87,4房(室)2廳2衛(含加蓋2房(室)--廳--衛),1~2/4樓,"2,180 萬"
陽光邊間學區二樓,新北市中和區民利街,公寓,46.8年,建坪21.80,3房(室)2廳1衛,2/4樓,"1,180 萬"
美妝高樓公園遠景,新北市永和區永平路 仁愛柏麗,住宅大樓,6.3年,建坪45.03,2房(室)2廳2衛,16/20樓,"3,488 萬"
近捷運大空間一樓,新北市中和區興南路二段,公寓,50.3年,建坪26.90,3房(室)3廳3衛(含加蓋--房(室)1廳1衛),1/4樓,"1,880 萬"
頂溪新時代美妝屋,新北市永和區中山路一段 新時代,住宅大樓,15.1年,建坪18.91,1房(室)1廳1衛,3/15樓,"1,568 萬"
中山聚富黃金角窗,新北市板橋區中山路二段,公寓,40.5年,建坪31.65,--房(室)2廳1衛,1/5樓,"2,390 萬"
央北名仕園美寓,新北市新店區百忍街 中央名仕園,公寓,38.9年,建坪32.05,3房(室)2廳2衛,5/5樓,"1,588 萬"
唯美國賓三房平車,新北市新莊區龍安路 國賓,住宅大樓,25.2年,建坪54.16,3房(室)2廳2衛,9/13樓,"1,999 萬"
首購瓊泰三樓公寓,新北市新莊區瓊泰路,公寓,45.1年,建坪27.52,4房(室)2廳1衛,3/5樓,"1,098 萬"
環球商圈民有三樓,新北市中和區民有街,公寓,38.5年,建坪29.71,3房(室)2廳1.5衛,3/5樓,"1,488 萬"
稀有高樓採光美居,新北市永和區環河西路二段 長隄,住宅大樓,27.7年,建坪25.74,2房(室)2廳1衛,15/18樓,"1,888 萬"
碧潭山水帝王豪邸,新北市新店區新店路 碧潭有約,住宅大樓,16.5年,建坪76.73,3房(室)2廳2衛,17/17樓,"8,888 萬"
藝文中平綠意大戶,新北市新莊區中平路,公寓,36.6年,建坪42.93,5房(室)3廳3衛(含加蓋1房(室)1廳--衛),4~5/5樓,"1,860 萬"
智光美妝雙衛三樓,新北市永和區民享街,公寓,51.2年,建坪22.44,2房(室)2廳2衛,3/4樓,"1,488 萬"
雙語學區高樓三房,新北市新莊區昌平街 宏福新莊,住宅大樓,30.2年,建坪36.58,3房(室)2廳2衛,13/16樓,"1,998 萬"
精美裝潢捷運大城,新北市新莊區昌平街 台北大城,住宅大樓,30.8年,建坪30.13,3房(室)2廳2衛,5/11樓,"1,750 萬"
浪漫滿屋首購三房,新北市新莊區昌平街 浪漫都心,住宅大樓,29.7年,建坪30.81,3房(室)2廳2衛,9/13樓,"1,698 萬"
前後陽台裝潢三房,新北市新莊區昌平街 宏福新莊,住宅大樓,30.2年,建坪32.61,3房(室)2廳2衛,3/16樓,"1,880 萬"
公園景觀四房平車,新北市中和區中安街 御書苑,住宅大樓,29.7年,建坪52.81,4房(室)2廳2衛,8/12樓,"4,388 萬"
中和工業透天廠房,新北市中和區中山路二段,其他,37.8年,建坪237.44,13房(室)10廳8衛(含加蓋11房(室)3廳8衛),B1~3/3樓,"13,600 萬"
中和工業透天廠房,新北市中和區中山路二段,其他,37.8年,建坪237.44,13房(室)10廳8衛(含加蓋11房(室)3廳8衛),B1~3/3樓,"13,600 萬"
卓越景觀三室平車,新北市中和區橋安街 卓越台北,辦公商業大樓,15.0年,建坪80.26,4房(室)2廳3衛,11/13樓,"3,660 萬"
大亨百坪廠辦,新北市中和區橋和路 大亨企業中心NO3,廠辦,26.8年,建坪175.41,3房(室)1廳2衛,4/10樓,"6,548 萬"
中和捷運景觀三室,新北市中和區中山路二段 世界V1,辦公商業大樓,8.7年,建坪44.26,3房(室)2廳1衛,13/15樓,"2,598 萬"
捷運旁大空間廠辦,新北市中和區中山路二段 冠昱工業世界,廠辦,35.9年,建坪85.80,2房(室)2廳1衛,5/8樓,"3,300 萬"
聯上拾玉高樓戶,新北市新店區永新街 聯上拾玉,住宅大樓,1.0年,建坪68.65,#NAME?,15/15樓,"5,988 萬"
香榭園邊間金店辦,新北市中和區中原街 遠雄左岸香榭園,店面,10.8年,建坪59.97,--房(室)1廳1衛,1/26樓,"5,550 萬"
寶徠B棟精裝三房,新北市新店區寶橋路 寶徠花園,住宅大樓,12.0年,建坪60.14,3房(室)2廳2衛,9/28樓,"5,188 萬"
玫瑰正河景雙車位,新北市中和區中原街 遠雄左岸玫瑰園,住宅大樓,11.9年,建坪110.25,3房(室)2廳4衛,18/24樓,"6,880 萬"
明珠特區帝王大戶,新北市板橋區中山路一段 東方明珠,住宅大樓,15.9年,建坪162.27,#NAME?,15/28樓,"10,400 萬"
畫世紀邊間四房,新北市板橋區漢生東路 畫世紀,住宅大樓,16.2年,建坪65.75,4房(室)2廳2衛,11/29樓,"5,398 萬"
華府DC公園豪邸,新北市板橋區中山路一段 華府DC,住宅大樓,19.3年,建坪74.89,3房(室)2廳2衛,6/12樓,"5,850 萬"
板信雙子星豪邸,新北市板橋區縣民大道二段 板信雙子星花園廣場,住宅大樓,16.1年,建坪97.11,4房(室)2廳3衛,13/34樓,"9,688 萬"
國家世紀館美房,新北市板橋區漢生東路 國家世紀館,住宅大樓,18.1年,建坪74.95,4房(室)2廳3衛(含加蓋--房(室)--廳1衛),10/29樓,"6,888 萬"
領御景觀高樓美宅,新北市板橋區中山路一段 領御,住宅大樓,12.9年,建坪104.43,4房(室)2廳3衛,23/29樓,"8,180 萬"
新北地王典藏豪邸,新北市板橋區縣民大道二段 板信雙子星花園廣場,住宅大樓,16.1年,建坪111.15,3房(室)2廳3衛,15/32樓,"9,888 萬"
土城捷運三房車位,新北市土城區光明街 巨勳雲集,華廈,9.8年,建坪50.30,3房(室)2廳2衛,4/10樓,"2,858 萬"
捷運經貿鋼骨廠辦,新北市中和區中山路二段 華隆經貿廣場,廠辦,32.5年,建坪225.20,--房(室)1廳--衛,4/10樓,"8,380 萬"
典雅溫馨雲鼎天際,新北市板橋區縣民大道一段 馥華雲鼎,住宅大樓,10.4年,建坪155.28,4房(室)2廳4衛,20/29樓,"13,800 萬"
板橋車站採光三房,新北市板橋區板新路 薪市鎮龍祥,住宅大樓,27.0年,建坪35.41,3房(室)2廳2衛,3/12樓,"2,538 萬"
頂溪仁愛電梯華廈,新北市永和區仁愛路,華廈,24.5年,建坪38.18,3房(室)2廳1衛,2/5樓,"2,798 萬"
前後陽台雙廁開窗,新北市新莊區新北大道四段 富御匯,辦公商業大樓,9.7年,建坪52.05,3房(室)2廳2衛,8/14樓,"2,650 萬"
鋼骨兩房稀有車,新北市板橋區民生路二段 新板PLUS,住宅大樓,8.1年,建坪30.69,2房(室)1廳1衛,5/13樓,"2,498 萬"
中港副都大店面,新北市新莊區中港路 允棟大樓,華廈,33.3年,建坪126.82,--房(室)2廳4衛,1/10樓,"6,880 萬"
碧瑤質感三房車位,新北市新莊區中平路 藝術國寶,住宅大樓,18.8年,建坪54.29,3房(室)2廳2衛,6/13樓,"2,980 萬"
百坪景觀車庫透天,新北市新店區錦秀路 錦秀社區,透天厝,30.8年,建坪103.26,3房(室)2廳4衛,B1~3/3樓,"2,375 萬"
帝王景觀全新住宅,新北市新莊區中央路 都峰苑一期,住宅大樓,12.5年,建坪105.24,#NAME?,7/19樓,"6,288 萬"
秀朗方正靜巷一樓,新北市永和區秀朗路二段,公寓,47.3年,建坪31.43,3房(室)2廳2衛(含加蓋--房(室)--廳1衛),1/5樓,"1,980 萬"
頂溪捷運稀有大戶,新北市永和區仁愛路,華廈,24.5年,建坪72.63,6房(室)4廳3衛(含加蓋--房(室)1廳--衛),2/5樓,"5,246 萬"
捷運美景兩房車位,新北市新莊區榮華路二段 NY璞緻,住宅大樓,10.3年,建坪29.81,1房(室)2廳1衛,18/21樓,"2,088 萬"
捷運一樓庭院大戶,新北市新店區如意街 北城我家,華廈,28.7年,建坪76.22,6房(室)2廳4衛(含加蓋1房(室)--廳--衛),B1~1/6樓,"2,700 萬"
捷運一樓庭院大戶,新北市新店區如意街 北城我家,華廈,28.7年,建坪76.22,6房(室)2廳4衛(含加蓋1房(室)--廳--衛),B1~1/6樓,"2,700 萬"
幸福新春城豪邸,新北市新莊區思源路 新春城,住宅大樓,14.2年,建坪82.32,3房(室)2廳2衛,11/12樓,"4,700 萬"
玉上園高CP美屋,新北市新店區寶橋路 玉上園,住宅大樓,12.1年,建坪52.71,3房(室)2廳2衛,4/27樓,"3,100 萬"
捷運純住精緻小宅,新北市新莊區榮華路二段 NY璞緻,住宅大樓,10.3年,建坪23.71,1房(室)2廳1衛,7/21樓,"1,680 萬"
捷運精美二房車,新北市新店區北新路一段 HOYA,華廈,17.3年,建坪32.83,2房(室)2廳1衛(含加蓋1房(室)--廳--衛),5/7樓,"2,450 萬"
A3高樓遠景智匯,新北市新莊區福慧路,辦公商業大樓,0.7年,建坪259.09,--房(室)1廳--衛,9/17樓,"14,800 萬"
忠孝德光三房車位,新北市板橋區忠孝路 金富天下,住宅大樓,19.4年,建坪37.59,3房(室)2廳2衛,4/11樓,"2,480 萬"
正面公園電梯四房,新北市板橋區公園街 介壽公園華廈,華廈,38.8年,建坪42.17,4房(室)2廳2衛,5/10樓,"2,880 萬"
建安華府邊間三房,新北市新莊區建安街 台北華府三期,華廈,33.1年,建坪38.98,3房(室)2廳2衛,6/7樓,"1,880 萬"
萬安裝潢黃金三樓,新北市新莊區萬安街,公寓,45.1年,建坪25.59,3房(室)2廳2衛(含加蓋--房(室)--廳1衛),3/5樓,"1,380 萬"
新莊中正景德頂加,新北市新莊區中正路,公寓,45.2年,建坪35.38,5房(室)3廳2衛(含加蓋2房(室)1廳1衛),5/5樓,"1,398 萬"
新和國小邊間四房,新北市新店區永安街 中和100,住宅大樓,30.1年,建坪37.10,4房(室)2廳2衛(含加蓋2房(室)--廳--衛),10/13樓,"1,788 萬"
太陽村方正大三房,新北市板橋區龍泉街 太陽村,住宅大樓,30.7年,建坪37.20,3房(室)2廳2衛,2/12樓,"1,890 萬"
傑克魔術3房車位,新北市板橋區廣和街 傑克的院子,住宅大樓,16.9年,建坪35.50,3房(室)2廳2衛(含加蓋1房(室)--廳--衛),11/13樓,"1,950 萬"
忠孝優雅寧靜二樓,新北市板橋區忠孝路,公寓,45.7年,建坪25.06,3房(室)2廳1衛,2/4樓,"1,430 萬"
捷運裝潢頂佳美宅,新北市新莊區福壽街,公寓,45.7年,建坪27.89,6房(室)2廳5衛(含加蓋3房(室)--廳3衛),5/5樓,"1,298 萬"
三民邊間庭院一樓,新北市新店區三民路,公寓,49.1年,建坪27.16,2房(室)2廳1衛,1/4樓,"2,388 萬"
新店高中捷運公寓,新北市新店區百忍街,公寓,50.9年,建坪28.39,5房(室)4廳2衛(含加蓋2房(室)2廳1衛),4/4樓,"1,850 萬"
采梅正面河岸美宅,新北市中和區中原二街 遠雄左岸采梅園,住宅大樓,11.9年,建坪66.99,2房(室)2廳2衛,18/23樓,"4,288 萬"
新都悅裝潢景觀戶,新北市新莊區榮華路二段 新都悅,住宅大樓,8.7年,建坪58.63,3房(室)2廳2衛,8/19樓,"3,688 萬"
森林公園景觀戶,新北市中和區安平路 森林公園,住宅大樓,26.1年,建坪52.57,4房(室)2廳2衛,12/14樓,"4,198 萬"
中央高樓捷運遠雄,新北市新莊區新北大道三段 遠雄海德公園,住宅大樓,12.3年,建坪143.64,4房(室)2廳4衛,24/25樓,"7,658 萬"
晶華館裝潢三房車,新北市新店區寶橋路 環遊市晶華館,住宅大樓,17.7年,建坪52.25,3房(室)2廳2衛,12/29樓,"4,349 萬"
園頂寧靜四房坡車,新北市新店區中興路二段 園頂,住宅大樓,8.5年,建坪68.08,4房(室)2廳2衛,10/26樓,"4,598 萬"
機能強近捷運新屋,新北市板橋區華興街 新板京王,住宅大樓,14.8年,建坪42.86,3房(室)2廳2衛,3/14樓,"2,698 萬"
正馬路霸氣金店,新北市中和區景新街 巴黎SMART,店面,15.7年,建坪90.69,--房(室)2廳1衛,1~2/13樓,"9,058 萬"
溫莎面校園車,新北市板橋區重慶路 溫莎名園,住宅大樓,25.9年,建坪37.51,3房(室)2廳2衛(含加蓋2房(室)--廳1衛),13/13樓,"1,980 萬"
青山園林電梯別墅,新北市新店區頂城六街 青山鎮一期,透天厝,26.1年,建坪179.90,7房(室)4廳4衛,1~4/4樓,"12,800 萬"
寶徠花園層峰大戶,新北市新店區寶橋路 寶徠花園,住宅大樓,12.0年,建坪151.71,7房(室)2廳4衛(含加蓋3房(室)--廳--衛),28/28樓,"11,000 萬"
敦南C棟河景大戶,新北市新店區中正路 敦南仰望,住宅大樓,9.0年,建坪87.97,3房(室)2廳3衛,3/14樓,"4,270 萬"
雙橡園獨棟透天,新北市新店區雙城路 雙城社區,透天厝,45.1年,建坪52.36,4房(室)3廳3.5衛(含加蓋--房(室)--廳1衛),1~2/2樓,"2,350 萬"
雙橡園獨棟透天,新北市新店區雙城路 雙城社區,透天厝,45.1年,建坪52.36,4房(室)3廳3.5衛(含加蓋--房(室)--廳1衛),1~2/2樓,"2,350 萬"
潤泰華城獨層電梯,新北市新店區禾豐二路 歐洲印象,華廈,27.2年,建坪47.85,3房(室)2廳2衛,2/3樓,"2,080 萬"
捷運後港二樓美寓,新北市新莊區後港一路,公寓,39.7年,建坪30.94,3房(室)2廳2衛,2/5樓,"1,488 萬"
禾豐掬月景觀別墅,新北市新店區禾豐五路 禾豐特區,透天厝,16.3年,建坪129.03,3房(室)4廳4衛(含加蓋--房(室)--廳1衛),B1~3/3樓,"11,000 萬"
頂溪邊間3樓美寓,新北市永和區竹林路,公寓,49.3年,建坪26.19,3房(室)2廳1衛,3/4樓,"1,688 萬"
家樂福邊間三房,新北市板橋區三民路二段 青春舞曲,住宅大樓,29.2年,建坪35.64,3房(室)2廳2衛,12/12樓,"2,280 萬"
綠昂高樓景觀宅,新北市新店區安德街 台北舊金山捷運年代,住宅大樓,30.8年,建坪28.08,2房(室)1廳1衛(含加蓋1房(室)--廳--衛),11/12樓,"1,390 萬"
幸福捷運三房車位,新北市新莊區昌平街 宏福新市(新莊天下居）,住宅大樓,29.5年,建坪48.09,3房(室)2廳2衛,10/15樓,"2,150 萬"
江翠小資首選,新北市板橋區華江一路 江翠ONE,辦公商業大樓,6.7年,建坪28.09,2房(室)1廳1衛,7/19樓,"1,680 萬"
捷和藍京稀有後棟,新北市板橋區民生路二段 捷和藍京,住宅大樓,28.0年,建坪33.16,3房(室)2廳2衛,15/24樓,"2,668 萬"
大空間住店隨意,新北市板橋區縣民大道三段,公寓,52.8年,建坪19.98,1房(室)1廳1衛,1/4樓,"2,560 萬"
綠地寧靜桂冠三房,新北市新莊區立信一街 台北桂冠-凡爾賽,住宅大樓,18.8年,建坪43.81,3房(室)2廳2衛(含加蓋1房(室)--廳--衛),8/13樓,"2,758 萬"
德光裝潢溫馨美居,新北市中和區德光路,公寓,34.8年,建坪21.84,2房(室)2廳2衛,5/5樓,"1,098 萬"
高樓之上幸福剛好,新北市新莊區福美街 禮躍,住宅大樓,6.4年,建坪37.46,2房(室)2廳1衛,15/15樓,"2,280 萬"
溫馨前庭後院透天,新北市新店區長春路 大香山名人鄉村,透天厝,43.6年,建坪42.86,4房(室)2廳3衛(含加蓋--房(室)--廳1衛),1~2/2樓,"2,198 萬"
區公所誠品美寓,新北市新店區五峰路 錦園,公寓,41.4年,建坪28.30,3房(室)2廳2衛,4/5樓,"1,250 萬"
黎明庭院車位一樓,新北市新店區黎明路 黎明清境,公寓,35.3年,建坪58.76,4房(室)3廳2衛,B1~2/4樓,"1,400 萬"
區公所稀有華廈,新北市新店區中興路一段,華廈,44.2年,建坪52.50,2房(室)2廳2衛,3/7樓,"2,988 萬"
101景觀美河市,新北市新店區中央路 美河市,住宅大樓,12.9年,建坪24.20,2房(室)2廳1衛,18/26樓,"2,298 萬"
大坪林高樓美宅,新北市新店區北新路三段 南都大樓,辦公商業大樓,32.7年,建坪14.99,1房(室)--廳1衛,11/12樓,"1,268 萬"
光榮時代三房車位,新北市新店區安民街 光榮時代,住宅大樓,16.4年,建坪51.67,3房(室)2廳2衛,3/13樓,"2,680 萬"
和光鳥鳴花園露台,新北市中和區中原東街 遠雄和光,住宅大樓,6.3年,建坪50.94,2房(室)2廳2衛,4/23樓,"3,398 萬"
永和中正黃金辦公,新北市永和區中正路 統領中正,店面,29.9年,建坪74.63,--房(室)2廳3衛(含加蓋--房(室)1廳1衛),B1~1/18樓,"3,888 萬"
行政園區2樓,新北市新店區中興路一段,公寓,42.7年,建坪26.39,3房(室)2廳2衛,2/5樓,"1,558 萬"
都峰高樓空間捷運,新北市新莊區福壽街 都峰苑二期,住宅大樓,9.4年,建坪54.02,#NAME?,18/19樓,"3,280 萬"
都心純住兩房車位,新北市新莊區中華路三段 漾都心,住宅大樓,4.6年,建坪36.86,2房(室)2廳1衛,4/14樓,"2,360 萬"
邊間獨戶陽光三樓,新北市中和區新生街,公寓,46.9年,建坪28.82,4房(室)2廳2衛(含加蓋--房(室)--廳1衛),3/4樓,"1,368 萬"
近南山門口好停,新北市中和區水源路,公寓,47.1年,建坪31.76,3房(室)2廳2衛(含加蓋--房(室)--廳1衛),1~2/4樓,"2,088 萬"
綠灣101景觀戶,新北市新店區安祥路 綠灣,辦公商業大樓,17.5年,建坪27.15,1房(室)2廳1衛,5/8樓,"1,050 萬"
金城花園景觀兩房,新北市土城區莊園街 金城舞5-世界花園,住宅大樓,0.5年,建坪24.56,2房(室)1廳1衛,15/24樓,"1,628 萬"
新月江翠全新金店,新北市板橋區中正路 富江翠,店面,3.9年,建坪34.30,1房(室)1廳1衛,1/23樓,"2,398 萬"
新月江翠全新金店,新北市板橋區中正路 富江翠,店面,3.9年,建坪34.30,1房(室)1廳1衛,1/23樓,"2,398 萬"
全新未住過三房車,新北市永和區仁愛路 仁愛傳家,住宅大樓,2.7年,建坪40.75,3房(室)2廳2衛,10/12樓,"3,798 萬"
寶地花園精緻3房,新北市新店區安康路二段 寶地花園,華廈,30.2年,建坪29.03,3房(室)2廳1衛,4/8樓,"1,388 萬"
門前可停車樓中樓,新北市土城區中央路一段 敦煌名園,公寓,36.9年,建坪48.66,3房(室)3廳2衛(含加蓋1房(室)--廳--衛),B1~1/5樓,"2,688 萬"
浮洲晨光邊間美宅,新北市板橋區僑中二街,公寓,41.5年,建坪24.83,3房(室)2廳1衛,4/5樓,"1,098 萬"
碧潭國璽捷運豪邸,新北市新店區中興路一段 碧潭國璽,住宅大樓,12.4年,建坪75.51,4房(室)2廳3衛,8/20樓,"5,280 萬"
中和捷運站三房車,新北市中和區連城路 全福吉第,華廈,30.4年,建坪52.00,3房(室)2廳2衛(含加蓋1房(室)1廳1衛),6/6樓,"2,788 萬"
玉上園美裝四房車,新北市新店區寶橋路 玉上園,住宅大樓,12.1年,建坪85.59,4房(室)2廳2衛,11/26樓,"5,600 萬"
墨濤院x珍藏不凡,新北市中和區民安街 墨濤院,住宅大樓,8.2年,建坪50.13,3房(室)2廳3衛,9/21樓,"3,200 萬"
美城美裝稀有四房,新北市新店區永業路 美芝城,公寓,44.8年,建坪33.66,4房(室)2廳1.5衛,4/5樓,898 萬
經典三房美寓,新北市中和區民樂路,公寓,45.0年,建坪26.81,3房(室)2廳1衛,4/5樓,"1,270 萬"
YSL挑高美宅,新北市中和區景平路 捷運YSL,住宅大樓,17.4年,建坪12.66,2房(室)1廳1衛(含加蓋2房(室)--廳--衛),9/12樓,"1,250 萬"
錦和正馬路首選,新北市中和區錦和路,其他,43.2年,建坪26.83,3房(室)2廳1衛,5/5樓,"1,098 萬"
光仁中學熱鬧金店,新北市板橋區懷仁街,店面,45.8年,建坪37.53,--房(室)1廳2衛(含加蓋--房(室)--廳1衛),1/5樓,"3,150 萬"
圓通成家美寓,新北市中和區圓通路,公寓,42.7年,建坪25.02,3房(室)2廳1衛,4/5樓,"1,368 萬"
圓通美妝成家2樓,新北市中和區圓通路,公寓,36.8年,建坪27.49,3房(室)2廳2衛,2/5樓,"1,420 萬"
中港機能裝潢兩房,新北市新莊區中港一街,公寓,47.1年,建坪26.12,2房(室)2廳2衛,4/5樓,"1,299 萬"
高投報優質大倉庫,新北市新莊區民安路,廠辦,30.7年,建坪82.71,#NAME?,2/6樓,"2,380 萬"
裝潢首選電梯四室,新北市新莊區新樹路 輔大金莊,辦公商業大樓,18.1年,建坪51.75,4房(室)2廳2衛,3/10樓,"1,968 萬"
長群優質三室車位,新北市新莊區新樹路 輔大金莊,辦公商業大樓,18.1年,建坪51.88,3房(室)2廳2衛,4/10樓,"1,998 萬"
大坪林雙捷美寓,新北市新店區中興路三段 喜來登社區A,公寓,40.0年,建坪31.69,4房(室)3廳3衛(含加蓋1房(室)1廳1衛),5/5樓,"1,650 萬"
大空間可住可辦公,新北市板橋區廣權路 綠亭居,廠辦,24.8年,建坪72.37,--房(室)1廳1衛,3/10樓,"2,280 萬"
仁愛新村靚靚三房,新北市板橋區仁愛路 仁愛新村,公寓,41.8年,建坪29.81,3房(室)2廳1.5衛,4/5樓,"1,648 萬"
捷運學區晴境好宅,新北市永和區永平路,公寓,36.8年,建坪37.10,3房(室)2廳2衛,3/5樓,"1,880 萬"
光影流轉四季好居,新北市新莊區福德二街 宏普NEW ONE四季館,住宅大樓,13.1年,建坪39.80,3房(室)2廳1衛,3/11樓,"2,188 萬"
捷運電梯收租車位,新北市新莊區五權一路,華廈,31.3年,建坪40.64,6房(室)4廳4衛(含加蓋3房(室)3廳2衛),5/5樓,"2,380 萬"
榮富三房平面車位,新北市新莊區中平路 都市特區,住宅大樓,30.0年,建坪46.56,3房(室)2廳1衛,12/16樓,"1,788 萬"
大馬路潛力金店面,新北市永和區中正路 愛丁堡,店面,37.2年,建坪47.38,--房(室)2廳2衛,1~2/11樓,"3,686 萬"
永安大戶捷運豪邸,新北市永和區永貞路 凱旋臻品,住宅大樓,23.4年,建坪60.17,3房(室)2廳2衛,5/14樓,"3,738 萬"
玫瑰公園方正公寓,新北市板橋區龍泉街,公寓,44.7年,建坪32.22,3房(室)2廳1衛,5/5樓,"1,280 萬"
太陽村邊間大空間,新北市板橋區龍泉街 太陽村,住宅大樓,30.7年,建坪42.18,3房(室)2廳2衛,3/12樓,"2,388 萬"
太陽村邊間大空間,新北市板橋區龍泉街 太陽村,住宅大樓,30.7年,建坪42.18,3房(室)2廳2衛,3/12樓,"2,388 萬"
四維公園優質二樓,新北市板橋區互助街,公寓,46.1年,建坪26.46,3房(室)2廳1衛,2/5樓,"1,380 萬"
新埔非歐挑高大戶,新北市板橋區新海路 非常歐洲,住宅大樓,24.2年,建坪58.80,5房(室)2廳3衛(含加蓋3房(室)--廳1衛),5/23樓,"4,750 萬"
板橋捷運學區金店,新北市板橋區公館街 金華龍邸,店面,27.3年,建坪34.54,--房(室)1廳1衛,1/8樓,"2,800 萬"
中和機能採光美寓,新北市新莊區中和街 聯邦社區,公寓,36.9年,建坪30.79,4房(室)2廳2衛,4/5樓,"1,655 萬"
華固月河水岸景觀,新北市板橋區環河西路四段 華固月河,住宅大樓,2.3年,建坪66.42,3房(室)2廳2衛,23/28樓,"4,888 萬"
裕隆城大店面,新北市新店區中興路二段 寶路生活館,店面,24.3年,建坪208.85,1房(室)2廳2衛,B1~1/17樓,"6,500 萬"
超稀有後港樓中樓,新北市新莊區後港一路,公寓,36.0年,建坪72.65,4房(室)2廳3衛,3~4/5樓,"1,800 萬"
香坡超值好屋平車,新北市新店區安祥路,公寓,33.2年,建坪39.74,5房(室)2廳3衛(含加蓋3房(室)--廳1衛),5/5樓,950 萬
松下可塑三房雙車,新北市板橋區國慶路 松下雲品,辦公商業大樓,5.6年,建坪50.23,--房(室)1廳2衛,3/15樓,"3,143 萬"
松下可塑三房露台,新北市板橋區國慶路 松下雲品,辦公商業大樓,5.6年,建坪51.01,1房(室)1廳1衛,3/15樓,"3,598 萬"
錦秀小資首選,新北市新店區錦秀路 錦秀社區,公寓,43.6年,建坪25.36,3房(室)3廳2衛(含加蓋1房(室)1廳1衛),5/5樓,800 萬
捷運旺洲兩房雙衛,新北市新莊區富貴路 旺洲MORE,住宅大樓,9.4年,建坪32.69,2房(室)2廳1.5衛(含加蓋1房(室)--廳0.5衛),12/13樓,"2,180 萬"
綠中海大陽台四房,新北市新店區安祥路 綠中海一期,華廈,19.6年,建坪51.76,4房(室)2廳2衛,2/8樓,"1,580 萬"
天祥方正活巷美寓,新北市新莊區天祥街,公寓,36.8年,建坪37.50,3房(室)3廳1衛(含加蓋--房(室)1廳--衛),5/5樓,"1,550 萬"
華新街大空間一樓,新北市中和區華新街,公寓,35.4年,建坪33.12,2房(室)2廳2衛,1/5樓,"1,580 萬"
尼斯公爵3房平車,新北市中和區秀朗路三段,住宅大樓,1.3年,建坪62.58,3房(室)2廳2衛,9/14樓,"4,388 萬"
秀朗民樂大空間宅,新北市永和區民樂街,公寓,46.2年,建坪32.10,6房(室)3廳2衛(含加蓋2房(室)2廳1衛),5/5樓,"1,580 萬"
