價格,車位價格,標題,地址,房屋類型,屋齡,建坪,實際坪數,樓層,格局,額外資訊1,額外資訊2,原始價格
"2,600",無,古亭匯藍天綠境宅,台北市中正區南昌路二段,住宅大樓,5.0年,建坪17.29,主+陽9.49,13/14樓,1房(室)1廳1衛,全新高樓景觀，稀有大露臺，邊間,永慶房屋新上廁所有窗有天然瓦斯房間都有窗近捷運古亭站,"2,600"
"2,600",無,古亭匯藍天綠境宅,台北市中正區南昌路二段,住宅大樓,5.0年,建坪17.29,主+陽9.49,13/14樓,1房(室)1廳1衛,全新高樓景觀，稀有大露臺，邊間,永慶房屋新上廁所有窗有天然瓦斯房間都有窗近捷運古亭站,"2,600"
"2,250",無,捷運旁美妝2樓,台北市內湖區文德路,公寓,37.7年,建坪27.06,主+陽24.18,2/5樓,2房(室)2廳1衛,文德捷運旁、近全聯公園星巴克,永慶房屋廁所有窗有天然瓦斯房間都有窗近捷運文德站,"2,250"
"2,788",無,大直捷運靜巷美寓,台北市中山區大直街,公寓,48.8年,建坪36.09,主+陽36.09,4/4樓,6房(室)2廳3衛(含加蓋3房(室)--廳1衛),實踐大學、現有頂加、格局方正,永慶房屋廁所有窗有天然瓦斯房間都有窗近捷運大直站,"2,960萬"
"3,999",無,敦南方正採光三房,台北市大安區四維路,華廈,40.0年,建坪37.55,主+陽34.70,4/6樓,3房(室)2廳2衛,一層兩戶、低公設、近捷運,永慶房屋廁所有窗有天然瓦斯房間都有窗近捷運科技大樓站近捷運六張犁站,"3,999"
"2,899",無,後山埤美妝三房,台北市信義區大道路,公寓,42.8年,建坪33.42,主+陽32.31,4/5樓,3房(室)2廳2衛,空間好規劃、近後山埤2號出口,永慶房屋新上廁所有窗有天然瓦斯房間都有窗近捷運後山埤站近捷運廣慈/奉天宮站(施工中),"2,899"
"7,350",無,大安站旁連鎖金店,台北市大安區大安路一段,華廈,53.3年,建坪56.81,主56.81,B1~1/7樓,#NAME?,大馬路連鎖金店面,永慶房屋正面大馬路出租中近捷運大安站,"8,988萬"
"9,880",含車位價,怡然湖景四房平車,台北市內湖區內湖路二段,住宅大樓,9.9年,建坪74.91,主+陽43.76,11/15樓,4房(室)2廳2衛,全覽湖景、璞園建設、下樓即公園,永慶房屋廁所有窗有天然瓦斯房間都有窗近捷運文德站近捷運港墘站,"9,880"
"5,680",含車位價360萬元,璞園精品三房車位,台北市內湖區麗山街,住宅大樓,14.0年,建坪62.44,主+陽30.28,4/14樓,3房(室)2廳2衛,近碧湖公園、737商圈,永慶房屋廁所有窗有天然瓦斯房間都有窗近捷運港墘站近捷運文德站,"5,680"
"1,198",含車位價200萬元,文德捷運套房車位,台北市內湖區文德路,華廈,19.5年,建坪14.68,主+陽7.21,3/10樓,1房(室)1廳1衛,捷運步行5分鐘、使照高度3米六,永慶房屋有天然瓦斯房間都有窗近捷運文德站近捷運內湖站,"1,268萬"
"5,588",含車位價550萬元,政大名宅遠雄秀明,台北市文山區秀明路二段,住宅大樓,19.2年,建坪81.95,主+陽39.65,10/15樓,3房(室)2廳2衛,高樓層-隱私性高-看101,永慶房屋廁所有窗有天然瓦斯房間都有窗近捷運Y2A站(施工中)近捷運Y1A站(施工中),"5,588"
"1,868",無,文德公園明亮三房,台北市內湖區陽光街,公寓,42.2年,建坪28.49,主+陽28.49,5/5樓,3房(室)2廳1.5衛,捷運約7分鐘，邊間採光三房,永慶房屋有天然瓦斯房間都有窗近捷運文德站近捷運Y33站(施工中),"1,868"
"2,280",無,公園綠樹首排美景,台北市士林區天母東路,公寓,46.9年,建坪28.13,主+陽28.13,1/4樓,3房(室)3廳1.5衛,公園第一排綠樹湖水美景風景如畫,永慶房屋新上房間都有窗近捷運LR11站(規劃中),"2,500萬"
"3,588",無,專任附中高樓三房,台北市大安區建國南路一段,住宅大樓,38.6年,建坪32.06,主+陽31.69,11/14樓,3房(室)2廳1.5衛,幸安國小 附中國中部 靜巷高樓,永慶房屋廁所有窗有天然瓦斯房間都有窗近捷運大安森林公園站近捷運大安站,"3,588"
"5,888",含車位價460萬元,全新捷運挑高御邸,台北市信義區中坡南路,華廈,11.9年,建坪67.21,主+陽36.32,7/7樓,3房(室)2廳2衛(含加蓋1房(室)--廳--衛),稀有大空間 大露台 景觀優,永慶房屋廁所有窗有天然瓦斯房間都有窗近捷運後山埤站近捷運Y37站(施工中),"6,588萬"
"3,498",含車位價600萬元,碧湖綠意三房車位,台北市內湖區文德路,住宅大樓,17.9年,建坪57.49,主+陽25.53,3/14樓,3房(室)2廳2衛(含加蓋1房(室)--廳--衛),格局方正，社區中庭花園,永慶房屋有天然瓦斯房間都有窗近捷運文德站近捷運內湖站,"3,860萬"
"4,498",含車位價220萬元,天母電梯全新成屋,台北市士林區天母東路,住宅大樓,1.4年,建坪47.19,主+陽28.08,6/12樓,3房(室)2廳2衛,天母全新成屋電梯三房車精選釋出,永慶房屋房間都有窗近捷運LR11站(規劃中),"4,988萬"
"3,068",無,古亭捷運新婚三房,台北市中正區同安街,華廈,41.7年,建坪34.20,主+陽26.10,2/7樓,3房(室)2廳2衛,11米棟距水電管線更新過,永慶房屋廁所有窗有天然瓦斯房間都有窗近捷運古亭站,"3,388萬"
"24,000",含車位價1500萬元,計畫區鋼骨豪宅,台北市信義區信義路五段,住宅大樓,17.8年,建坪190.36,主+陽103.44,12/27樓,5房(室)3廳5衛,冠德建設千坪基地高樓景觀戶,永慶房屋廁所有窗有天然瓦斯房間都有窗近捷運象山站近捷運Y38站(施工中),"25,658萬"
"5,380",含車位價500萬元,台大美景樹海麗園,台北市大安區辛亥路二段,住宅大樓,42.7年,建坪76.83,主+陽52.34,2/26樓,4房(室)2廳2衛,正面林蔭、格局方正，面寬採光好,永慶房屋有天然瓦斯房間都有窗近捷運科技大樓站,"5,800萬"
"3,188",含車位價,文山泳池綠意三房,台北市文山區辛亥路四段,住宅大樓,30.2年,建坪56.45,主+陽27.70,14/18樓,3房(室)2廳2衛,附1個車位-要2個或者不要都可,永慶房屋廁所有窗有天然瓦斯房間都有窗近捷運辛亥站,"3,188"
"4,990",含車位價350萬元,天母裝潢精美美屋,台北市士林區中山北路六段,住宅大樓,3.5年,建坪50.67,主+陽23.22,3/14樓,2房(室)2廳2衛,天母SOGO商圈,永慶房屋廁所有窗有天然瓦斯房間都有窗近捷運LR09站(規劃中)近捷運芝山站,"5,680萬"
"4,388",無,大直捷運靜巷一樓,台北市中山區大直街,店面,41.9年,建坪45.30,主+平31.77,1/5樓,1房(室)3廳1衛(含加蓋--房(室)1廳--衛),門前庭院，方便停車，面寬氣派,永慶房屋有天然瓦斯房間都有窗近捷運大直站,"5,280萬"
"4,980",含車位價250萬元,專任大直歌林花園,台北市中山區北安路,華廈,31.8年,建坪51.54,主+陽38.40,5/9樓,3房(室)2廳2衛,千坪基地 保全管理 低公設比,永慶房屋新上廁所有窗有天然瓦斯房間都有窗近捷運Y29站(施工中)近捷運劍南路站,"4,980"
"3,598",含車位價,綠景美妝三房車位,台北市中山區通北街,華廈,27.4年,建坪50.15,主+陽29.48,7/9樓,3房(室)2廳2衛,生活機能良好、綠意盎然、免整理,永慶房屋新上廁所有窗有天然瓦斯房間都有窗,"3,598"
"5,608",含車位價350萬元,新潤精緻豪邸坡車,台北市松山區寶清街,住宅大樓,7.9年,建坪49.33,主+陽24.06,5/13樓,3房(室)2廳2衛,拎包直接入住、坡道平面大車位,永慶房屋廁所有窗有天然瓦斯房間都有窗近捷運南京三民站近捷運SB06站(規劃中),"5,980萬"
"6,000",無,藍天凱悅絕美景觀,台北市大安區敦化南路二段,住宅大樓,39.9年,建坪40.67,主+陽34.16,26/26樓,5房(室)2廳3衛(含加蓋3房(室)--廳1衛),24管理高樓景觀內梯頂加,永慶房屋有天然瓦斯房間都有窗近捷運科技大樓站近捷運六張犁站,"7,188萬"
"2,988",含車位價250萬元,信義安和捷運新宅,台北市大安區安和路二段,華廈,4.5年,建坪23.25,主+陽9.84,6/7樓,--房(室)1廳1衛,一巷住家景觀露台綠蔭環繞面公園,永慶房屋有天然瓦斯房間都有窗近捷運信義安和站近捷運大安站,"3,088萬"
"4,288",含車位價300萬元,信義區達欣全新屋,台北市信義區吳興街,住宅大樓,0.8年,建坪47.45,主+陽24.28,9/13樓,2房(室)2廳2衛,全新成屋 知名建商信義區代表作,永慶房屋有天然瓦斯房間都有窗近捷運Y39站(施工中),"4,288"
"6,880",含車位價800萬元,大安美妝三房車位,台北市大安區樂業街,住宅大樓,13.4年,建坪82.01,主+陽39.55,6/13樓,3房(室)2廳2衛,一層一戶-獨立梯間-隱私性佳,永慶房屋廁所有窗有天然瓦斯房間都有窗近捷運六張犁站近捷運麟光站,"6,880"
"3,368",無,附中朝南三房兩衛,台北市大安區建國南路一段,住宅大樓,38.6年,建坪26.39,主+陽26.39,6/12樓,3房(室)1廳2衛,近捷運 近師大附中 近延平中學,永慶房屋有天然瓦斯近捷運大安森林公園站近捷運大安站,"3,368"
"7,880",含車位價,綠樹景觀漂亮四房,台北市大安區和平東路二段,華廈,12.7年,建坪75.49,主+陽35.78,2/9樓,4房(室)2廳2衛,"靜巷面綠景豪宅，附小龍門學區,",永慶房屋廁所有窗有天然瓦斯房間都有窗近捷運科技大樓站,"8,500萬"
"7,880",含車位價,綠樹景觀漂亮四房,台北市大安區和平東路二段,華廈,12.7年,建坪75.49,主+陽35.78,2/9樓,4房(室)2廳2衛,"靜巷面綠景豪宅，附小龍門學區,",永慶房屋廁所有窗有天然瓦斯房間都有窗近捷運科技大樓站,"8,500萬"
"3,380",無,中正國中電梯2房,台北市中正區杭州南路一段,華廈,9.4年,建坪22.68,主+陽14.03,2/7樓,--房(室)1廳1衛,近仁愛路靜巷,永慶房屋廁所有窗房間都有窗近捷運東門站,"3,630萬"
"15,000",含車位價500萬元,大安景觀空中花園,台北市大安區大安路一段,華廈,41.8年,建坪91.29,主+陽65.87,7/7樓,5房(室)4廳4衛(含加蓋2房(室)1廳2衛),裝潢精美-101景觀-空中花園,永慶房屋廁所有窗有天然瓦斯房間都有窗近捷運忠孝復興站,"18,000萬"
"4,598",含車位價400萬元,和平實小三房坡車,台北市大安區臥龍街,住宅大樓,35.4年,建坪48.16,主+陽32.91,5/11樓,3房(室)2廳1衛,和平實小學區、與豪宅為鄰,永慶房屋有天然瓦斯房間都有窗近捷運科技大樓站近捷運六張犁站,"4,598"
"4,180",無,陸裝新城管理三房,台北市大安區敦化南路二段,住宅大樓,40.5年,建坪41.66,主+陽28.55,8/19樓,3房(室)2廳2衛,敦化南路燙金門牌、白班管理,永慶房屋廁所有窗有天然瓦斯房間都有窗近捷運科技大樓站近捷運六張犁站,"4,380萬"
"1,798",無,直面公園電梯兩房,台北市內湖區康樂街,華廈,31.3年,建坪27.53,主+陽+露25.07,5/5樓,2房(室)2廳1衛(含加蓋1房(室)1廳--衛),主臥公園美景一層一戶近東湖捷運,永慶房屋有天然瓦斯房間都有窗近捷運SB11站(施工中),"1,980萬"
"2,800",無,信義龍門捷運美宅,台北市信義區福德街,公寓,40.0年,建坪42.11,主+陽38.85,4/5樓,3房(室)2廳2衛,24小時管理社區型公寓,永慶房屋廁所有窗有天然瓦斯房間都有窗近捷運廣慈/奉天宮站(施工中)近捷運Y37站(施工中),"2,800"
"2,238",無,高樓美景附中設籍,台北市大安區信義路三段,住宅大樓,18.5年,建坪15.14,主+陽9.14,11/14樓,1房(室)--廳1衛,邊間高樓層、廁所開窗,永慶房屋廁所有窗近捷運大安森林公園站近捷運大安站,"2,380萬"
"2,768",無,明湖學區電梯美邸,台北市內湖區康寧路三段,華廈,29.4年,建坪39.21,主+陽28.17,9/9樓,3房(室)2廳2衛,頂樓帝王戶電梯三房,永慶房屋廁所有窗有天然瓦斯房間都有窗近捷運葫洲站,"2,868萬"
"6,380",無,大氣樹海第一排,台北市大安區敦化南路二段,住宅大樓,42.8年,建坪66.70,主+陽55.89,6/12樓,4房(室)2廳2衛,一路發敦南燙金門牌，邊間有管理,永慶房屋廁所有窗有天然瓦斯房間都有窗近捷運六張犁站近捷運科技大樓站,"6,380"
"13,800",含車位價,降3千萬電梯別墅,台北市內湖區民權東路六段,透天厝,18.9年,建坪230.15,主+陽168.78,1~4/4樓,9房(室)6廳8衛(含加蓋3房(室)4廳5.5衛),內湖獨棟電梯別墅可停四車前後院,永慶房屋廁所有窗有天然瓦斯房間都有窗近捷運SB08站(規劃中)近捷運SB09站(規劃中),"16,800萬"
"2,000",無,師大附中菁選集,台北市大安區信義路三段,套房,18.3年,建坪11.78,主+陽7.15,3/14樓,1房(室)1廳1衛,附中 幸安國小學區,永慶房屋房間都有窗近捷運大安森林公園站近捷運大安站,"2,100萬"
"7,980",無,上林苑稀有面公園,台北市信義區青雲街,透天厝,39.6年,建坪102.90,主+平+陽75.84,1~3/3樓,4房(室)2廳6衛(含加蓋1房(室)1廳4衛),獨立地號、土地持分大、面樹蔭,永慶房屋房間都有窗,"9,800萬"
"8,800",含車位價500萬元,華固學府三房坡車,台北市大安區復興南路二段,住宅大樓,0.7年,建坪56.13,主+陽29.88,10/23樓,3房(室)2廳2衛,近科技大樓捷運站，SRC鋼骨,永慶房屋新上廁所有窗有天然瓦斯房間都有窗近捷運科技大樓站,"8,800"
"9,988",含車位價400萬元,華固後棟四房坡車,台北市大安區復興南路二段,住宅大樓,0.7年,建坪67.25,主+陽37.47,5/23樓,4房(室)2廳2衛,SRC，近科技大樓捷運站,永慶房屋新上廁所有窗有天然瓦斯房間都有窗,"9,988"
"6,998",無,名人巷綠蔭美三房,台北市大安區敦化南路一段,華廈,48.1年,建坪48.37,主+陽40.47,5/7樓,3房(室)2廳2衛,復興小學旁有裝潢有管理,永慶房屋新上有天然瓦斯房間都有窗近捷運忠孝敦化站近捷運忠孝復興站,"6,998"
"3,368",無,金華國中管理美妝,台北市大安區新生南路一段,住宅大樓,4.5年,建坪20.65,主+陽12.40,2/12樓,3房(室)2廳1衛(含加蓋2房(室)--廳--衛),全天管理金華國中學區近森林公園,永慶房屋房間都有窗近捷運大安森林公園站近捷運東門站,"3,888萬"
"2,750",無,元大公園挑高美妝,台北市大安區新生南路一段,辦公商業大樓,27.8年,建坪14.58,主+陽9.77,11/11樓,1房(室)2廳1衛(含加蓋1房(室)--廳1衛),森林公園捷運幸安金華挑高樓中樓,永慶房屋房間都有窗近捷運大安森林公園站近捷運東門站,"2,750"
"3,088",無,松江收租都更三樓,台北市中山區松江路,公寓,41.8年,建坪36.32,主+陽36.32,3/5樓,5房(室)2廳3衛(含加蓋1房(室)1廳1衛),黃金三樓，魔術大空間,永慶房屋有天然瓦斯近捷運行天宮站近捷運中山國小站,"3,088"
"4,380",無,三普安和景觀美屋,台北市大安區復興南路一段,住宅大樓,43.6年,建坪33.27,主+陽28.53,16/16樓,2房(室)2廳1衛,雙捷運SOGO專人管理看101,永慶房屋廁所有窗有天然瓦斯房間都有窗近捷運忠孝復興站,"4,380"
"1,650",無,安和捷運低總小宅,台北市大安區信義路四段,辦公商業大樓,29.3年,建坪13.52,主+陽7.61,3/12樓,1房(室)1廳1衛,安和站步行1分鐘，全天管理,永慶房屋新上房間都有窗近捷運信義安和站,"1,650"
"1,688",無,大安捷運景觀小宅,台北市大安區復興南路二段,辦公商業大樓,30.1年,建坪13.92,主+陽9.48,8/11樓,1房(室)1廳1衛,大安捷運步行即可抵達，全天管理,永慶房屋新上近捷運大安站,"1,688"
"2,598",無,大安捷運鋼骨邊間,台北市大安區復興南路二段,住宅大樓,5.2年,建坪17.55,主+陽10.31,6/15樓,1房(室)2廳1衛,屋齡5年新鋼骨結構美宅,永慶房屋廁所有窗房間都有窗近捷運大安站,"2,598"
"2,388",無,中正區透天好便宜,台北市中正區汀州路一段,透天厝,62.4年,建坪22.50,主22.50,1/1樓,4房(室)2廳2衛(含加蓋--房(室)1廳2衛),一樓蓋的透天，土地持分大,永慶房屋近捷運植物園站(施工中),"2,688萬"
"3,388",含車位價200萬元,天玉街全新屋兩房,台北市士林區天玉街,辦公商業大樓,8.7年,建坪38.90,主+陽16.36,5/7樓,2房(室)2廳2衛,自由打造自己完美的家,永慶房屋廁所有窗有天然瓦斯房間都有窗,"3,388"
"5,500",含車位價560萬元,三鐵東區門戶計畫,台北市南港區興華路,住宅大樓,16.5年,建坪70.40,主+陽32.59,3/12樓,4房(室)2廳2衛,"雙車位,低公設,近南港車站",永慶房屋廁所有窗有天然瓦斯近捷運南港站近捷運SB09站(規劃中),"5,500"
"3,288",含車位價,捷運採光高樓兩房,台北市內湖區文德路,華廈,19.5年,建坪31.92,主+陽20.28,9/10樓,2房(室)1廳2衛,次高樓邊間三面採光,永慶房屋廁所有窗有天然瓦斯房間都有窗近捷運文德站近捷運內湖站,"3,400萬"
"3,980",無,信義安和漂亮三房,台北市大安區通化街,華廈,41.3年,建坪36.50,主+陽33.76,5/7樓,3房(室)2廳2衛,電梯更新裝潢新穎三房,永慶房屋廁所有窗有天然瓦斯房間都有窗近捷運信義安和站近捷運台北101/世貿站,"3,980"
"7,588",無,正大安路人潮店王,台北市大安區大安路一段,店面,49.7年,建坪29.02,主26.10,1/7樓,2房(室)2廳1衛(含加蓋2房(室)1廳--衛),面寬約8米5 顯目招牌人潮多,永慶房屋正面大馬路出租中近捷運大安站,"8,800萬"
"8,660",含車位價,敦南綠意極致景觀,台北市大安區敦化南路一段,華廈,30.2年,建坪66.62,主+陽40.99,10/10樓,3房(室)2廳2衛,敦化南路 仁愛圓環 極致景觀,永慶房屋有天然瓦斯房間都有窗近捷運大安站,"9,288萬"
"3,888",含車位價,政大露臺景觀豪邸,台北市文山區政大一街,華廈,20.3年,建坪74.35,主+陽40.28,6/7樓,4房(室)2廳2衛(含加蓋--房(室)1廳--衛),稀有專用超大露臺，一層一戶,永慶房屋有天然瓦斯房間都有窗,"4,500萬"
"3,888",含車位價,政大露臺景觀豪邸,台北市文山區政大一街,華廈,20.3年,建坪74.35,主+陽40.28,6/7樓,4房(室)2廳2衛(含加蓋--房(室)1廳--衛),稀有專用超大露臺，一層一戶,永慶房屋有天然瓦斯房間都有窗,"4,500萬"
"3,958",無,永安學區邊間四房,台北市中山區北安路,辦公商業大樓,35.3年,建坪41.36,主+陽36.26,4/7樓,4房(室)2廳2衛(含加蓋--房(室)--廳1衛),知名學區、捷運站旁、三面採光,永慶房屋廁所有窗有天然瓦斯房間都有窗近捷運大直站,"4,188萬"
"9,788",含車位價,皇御尊爵大器名邸,台北市南港區經貿二路,住宅大樓,12.9年,建坪124.27,主+陽60.18,6/14樓,#NAME?,近捷運站、全崗石外觀、戶數單純,永慶房屋廁所有窗有天然瓦斯房間都有窗近捷運南港軟體園區站近捷運SB11站(施工中),"9,788"
885,無,廣慈小金雞,台北市信義區中坡南路,辦公商業大樓,46.7年,建坪5.31,主5.31,1/4樓,1房(室)1廳1衛(含加蓋1房(室)--廳--衛),低總價 有增建空間,永慶房屋近捷運廣慈/奉天宮站(施工中)近捷運後山埤站,985萬
"22,880",含車位價1520萬元,水綠清翫客製八樓,台北市中山區北安路,住宅大樓,6.6年,建坪156.34,主+陽65.43,8/17樓,4房(室)2廳5衛,現成裝潢、拎包入住、吉田建築,永慶房屋廁所有窗有天然瓦斯房間都有窗近捷運大直站近捷運Y29站(施工中),"22,880"
"23,725",含車位價1520萬元,水綠清翫拾捌號戶,台北市中山區北安路,住宅大樓,6.6年,建坪156.34,主+陽65.43,16/17樓,--房(室)2廳5衛,全毛胚屋、鋼骨建築、傳家美邸,永慶房屋廁所有窗有天然瓦斯房間都有窗近捷運大直站近捷運Y29站(施工中),"23,725"
"23,822",含車位價1520萬元,水綠清翫拾陸號戶,台北市中山區北安路,住宅大樓,6.6年,建坪156.79,主+陽65.62,16/17樓,--房(室)2廳5衛,全毛胚屋、鋼骨建築、傳家美邸,永慶房屋廁所有窗有天然瓦斯房間都有窗近捷運大直站近捷運Y29站(施工中),"23,822"
"7,288",無,泰順庭院採光豪邸,台北市大安區泰順街,公寓,38.5年,建坪69.11,主+平41.83,B1~1/5樓,5房(室)4廳2衛(含加蓋2房(室)2廳1衛),近台電大樓捷運站,永慶房屋近捷運台電大樓站,"8,990萬"
"5,758",含車位價,捷運高樓遠景四房,台北市內湖區文德路,華廈,19.5年,建坪63.85,主+陽40.55,9/10樓,4房(室)2廳3衛,次高樓獨戶通風採光佳,永慶房屋廁所有窗房間都有窗近捷運文德站近捷運內湖站,"5,988萬"
"2,988",含車位價,文德遠景兩房車位,台北市內湖區文德路,華廈,19.5年,建坪31.92,主+陽20.28,9/10樓,2房(室)1廳1衛,一層兩戶，邊間三面採光,永慶房屋廁所有窗有天然瓦斯房間都有窗近捷運文德站近捷運內湖站,"3,200萬"
"2,750",無,摩斯樓上萬大線,台北市萬華區青年路,住宅大樓,38.6年,建坪40.23,主+陽31.47,9/12樓,4房(室)2廳2衛,巷內小學和買菜4站公車和平醫院,永慶房屋近捷運廈安站(施工中)近捷運加蚋站(施工中),"3,100萬"
"4,418",含車位價250萬元,中正國中精美兩房,台北市中正區和平西路一段,住宅大樓,6.5年,建坪28.97,主+陽14.54,9/14樓,2房(室)1廳1衛,兩房帶車位步行古亭站1分鐘,永慶房屋廁所有窗房間都有窗近捷運古亭站,"4,418"
"5,488",無,港墘店面優質首選,台北市內湖區港墘路,店面,47.3年,建坪26.99,主+平26.99,1/5樓,1房(室)1廳--衛,人潮車潮黃金店面收租效益高,永慶房屋正面大馬路出租中近捷運港墘站近捷運Y32站(施工中),"6,500萬"
"6,980",無,正737連鎖店面,台北市內湖區內湖路一段,店面,46.5年,建坪22.74,主+平22.74,1/4樓,--房(室)1廳1衛,737巷人潮眾多，生活機能完整,永慶房屋出租中近捷運港墘站近捷運文德站,"7,500萬"
"8,800",含車位價,碧湖美景管理大廈,台北市內湖區內湖路二段,住宅大樓,42.9年,建坪94.97,主+陽77.95,10/12樓,4房(室)2廳3衛,外觀氣派大戶面碧湖美景,永慶房屋有天然瓦斯房間都有窗近捷運文德站近捷運港墘站,"8,800"
"7,588",含車位價,遠眺天際雲端豪邸,台北市內湖區內湖路三段,住宅大樓,8.4年,建坪78.11,主+陽37.11,15/19樓,3房(室)2廳2衛,邊間 高樓遠景 101景觀,永慶房屋廁所有窗有天然瓦斯房間都有窗近捷運內湖站,"7,588"
"9,900",含車位價,敦南凱悅豪邸坡車,台北市大安區敦化南路二段,住宅大樓,39.9年,建坪84.80,主+陽57.07,13/26樓,3房(室)3廳3衛,敦化南路燙金門牌帶坡平車位,永慶房屋有天然瓦斯房間都有窗近捷運科技大樓站近捷運六張犁站,"12,000萬"
"8,000",無,錦西路旁大土地,台北市大同區錦西街,公寓,65.4年,建坪16.41,主16.41,1/1樓,2房(室)2廳2衛(含加蓋1房(室)--廳1衛),可三代同堂有大花園,永慶房屋房間都有窗近捷運L001站(規劃中)近捷運大橋頭站,"9,000萬"
"6,600",含車位價,樹海景觀中正學區,台北市大安區和平東路一段,辦公商業大樓,37.2年,建坪63.82,主+陽47.59,5/12樓,4房(室)2廳2衛,和平大苑旁管理美妝大空間車位,永慶房屋有天然瓦斯房間都有窗近捷運古亭站,"7,200萬"
"6,880",無,中正國中電梯美宅,台北市中正區仁愛路二段,華廈,41.6年,建坪57.56,主+陽+露45.62,5~6/6樓,4房(室)2廳2衛(含加蓋--房(室)--廳1衛),近東門捷運站中正紀念堂靜巷住家,永慶房屋廁所有窗有天然瓦斯房間都有窗近捷運東門站,"6,880"
"3,780",無,濟南新生靜巷頂家,台北市大安區濟南路三段,公寓,57.4年,建坪33.27,主+陽33.28,5/5樓,5房(室)2廳3衛(含加蓋1房(室)--廳1衛),捷運站旁雙拼方正大空間,永慶房屋有天然瓦斯房間都有窗近捷運忠孝新生站,"4,380萬"
"9,688",含車位價,大吉吉高樓雙露台,台北市中山區民生東路二段,住宅大樓,3.8年,建坪98.58,主+陽53.97,11/13樓,--房(室)1廳3衛,高樓遠景，近捷運全聯生活機能優,永慶房屋廁所有窗有天然瓦斯房間都有窗近捷運行天宮站近捷運SB03站(規劃中),"10,500萬"
"2,380",無,世貿置產收租最愛,台北市信義區吳興街,公寓,47.3年,建坪27.48,主+陽27.48,5/5樓,7房(室)--廳7衛(含加蓋2房(室)--廳2衛),全新裝潢 近北醫租客穩定,永慶房屋廁所有窗有天然瓦斯房間都有窗近捷運麟光站,"2,680萬"
"2,480",無,公園旁美妝三房,台北市信義區大道路,公寓,41.7年,建坪30.12,主+陽30.12,4/5樓,3房(室)2廳2衛,近捷運近公園，正面馬路,永慶房屋廁所有窗有天然瓦斯房間都有窗近捷運後山埤站近捷運Y37站(施工中),"2,600萬"
"4,100",含車位價,三井南軟金店霸,台北市南港區重陽路,店面,16.7年,建坪38.92,主+陽18.67,1/7樓,1房(室)1廳1衛(含加蓋1房(室)--廳--衛),近捷運、南港軟體園區商圈,永慶房屋有天然瓦斯正面大馬路近捷運南港軟體園區站近捷運東湖站,"4,600萬"
"6,688",含車位價250萬元,新潤雙主臥四房車,台北市北投區磺港路,住宅大樓,11.3年,建坪80.26,主+陽44.13,12/14樓,4房(室)2廳3衛,社區稀有高樓景觀釋出,永慶房屋有天然瓦斯房間都有窗近捷運奇岩站近捷運北投站,"8,088萬"
"3,680",無,德安碧湖寬敞店面,台北市內湖區金龍路,店面,46.2年,建坪21.70,主+平21.69,1/5樓,#NAME?,面寬6米以上、20米大馬路旁,永慶房屋正面大馬路近捷運內湖站,"3,680"
"3,568",含車位價,忠泰雲端美居,台北市中山區林森北路,住宅大樓,11.9年,建坪28.70,主13.17,21/24樓,1房(室)1廳1衛,忠泰建設 超高樓層  飯店物管,永慶房屋房間都有窗近捷運SB02站(規劃中)近捷運雙連站,"3,568"
"7,768",含車位價,超高遠景日月星辰,台北市中山區林森北路,住宅大樓,11.9年,建坪61.59,主+陽33.97,21/24樓,3房(室)2廳2衛,忠泰建設超高樓稀有景觀戶,永慶房屋廁所有窗有天然瓦斯房間都有窗近捷運SB02站(規劃中)近捷運雙連站,"7,768"
"5,500",無,新生金華庭院車庫,台北市大安區永康街,公寓,49.2年,建坪39.06,主32.82,B1~1/4樓,4房(室)2廳2衛(含加蓋2房(室)--廳--衛),"新生國小金華國中,靜巷採光佳",永慶房屋有天然瓦斯房間都有窗近捷運東門站,"5,680萬"
"2,698",含車位價220萬元,忠孝界次高美妝,台北市信義區中坡南路,華廈,11.9年,建坪25.87,主+陽12.97,6/7樓,3房(室)2廳1衛(含加蓋2房(室)--廳--衛),近板南捷運 生活機能佳 有景觀,永慶房屋廁所有窗有天然瓦斯房間都有窗近捷運後山埤站近捷運Y37站(施工中),"2,698"
"2,698",含車位價220萬元,忠孝界次高美妝,台北市信義區中坡南路,華廈,11.9年,建坪25.87,主+陽12.97,6/7樓,3房(室)2廳1衛(含加蓋2房(室)--廳--衛),近板南捷運 生活機能佳 有景觀,永慶房屋廁所有窗有天然瓦斯房間都有窗近捷運後山埤站近捷運Y37站(施工中),"2,698"
"11,000",含車位價,瑞光百坪電梯別墅,台北市內湖區瑞光路,透天厝,17.7年,建坪163.02,主+陽116.96,B1~4/4樓,7房(室)2廳7衛(含加蓋2房(室)--廳1衛),空間大、有電梯。車庫型車位,永慶房屋有天然瓦斯房間都有窗近捷運Y33站(施工中),"13,000萬"
"4,580",含車位價,生活名邸綠景四房,台北市內湖區金龍路,住宅大樓,28.9年,建坪74.54,主+陽+露53.24,2/15樓,4房(室)2廳2衛,千坪基地完整公設管理坡平車位,永慶房屋廁所有窗有天然瓦斯房間都有窗,"4,880萬"
"5,400",無,雙敦延吉金店透天,台北市松山區延吉街,透天厝,61.4年,建坪12.84,主12.84,1/1樓,--房(室)2廳1衛(含加蓋--房(室)1廳--衛),雙敦學區延吉街黃金店面,永慶房屋廁所有窗有天然瓦斯房間都有窗正面大馬路出租中近捷運台北小巨蛋站近捷運忠孝敦化站,"5,400"
"3,200",無,新幸鴻兩間收租強,台北市大同區民權西路,辦公商業大樓,38.6年,建坪42.36,主31.11,2/15樓,2房(室)2廳2衛,收租首選,永慶房屋有天然瓦斯房間都有窗近捷運L001站(規劃中)近捷運大橋頭站,"3,360萬"
"2,198",無,低總價黃金三樓,台北市信義區中坡南路,公寓,42.2年,建坪23.73,主+陽18.64,3/5樓,2房(室)2廳1衛,"近未來廣慈捷運,一旁四公頃綠地",永慶房屋廁所有窗有天然瓦斯房間都有窗近捷運後山埤站近捷運廣慈/奉天宮站(施工中),"2,298萬"
"2,560",無,興安低總價多用途,台北市中山區興安街,辦公商業大樓,39.5年,建坪32.20,主24.56,2/14樓,4房(室)2廳1衛,可住可辦，方正好規劃,永慶房屋有天然瓦斯房間都有窗近捷運SB04站(規劃中)近捷運南京復興站,"2,800萬"
"5,888",含車位價,宏普名人奢華豪邸,台北市信義區富陽街,華廈,14.8年,建坪61.92,主+陽35.89,4/7樓,3房(室)2廳2衛,知名宏普建設三房、車位稀有釋出,永慶房屋廁所有窗有天然瓦斯房間都有窗近捷運六張犁站近捷運麟光站,"5,888"
"2,780",無,面學校難得頂佳,台北市信義區忠孝東路五段,公寓,49.7年,建坪30.34,主30.34,4/4樓,4房(室)3廳2衛(含加蓋1房(室)1廳1衛),邊間 前後陽台 格局方正,永慶房屋有天然瓦斯房間都有窗近捷運後山埤站近捷運廣慈/奉天宮站(施工中),"2,780"
"7,180",含車位價450萬元,大氣美景坡平車位,台北市內湖區成功路五段,住宅大樓,15.6年,建坪100.84,主+陽42.30,8/11樓,3房(室)2廳2衛,"高樓美景明亮屋況好,有坡平車位",永慶房屋有天然瓦斯房間都有窗近捷運葫洲站,"7,180"
"6,388",無,金石山莊獨院別墅,台北市文山區秀明路一段,透天厝,34.6年,建坪120.56,主+平+陽+露94.70,B1~3/3樓,6房(室)4廳4.5衛(含加蓋--房(室)1廳0.5衛),近市區的別墅，管理優質,永慶房屋有天然瓦斯房間都有窗近捷運Y2A站(施工中)近捷運萬芳社區站,"7,200萬"
"5,308",含車位價300萬元,中山花博天璽三房,台北市中山區農安街,辦公商業大樓,9.0年,建坪65.95,主+陽34.41,3/14樓,3房(室)2廳2衛,屋齡新靜巷前後陽台正三房坡車,永慶房屋有天然瓦斯房間都有窗近捷運民權西路站,"5,308"
"2,800",無,北市稀有水岸兩房,台北市萬華區環河南路二段,住宅大樓,5.1年,建坪27.33,主+陽17.20,22/24樓,2房(室)2廳1.5衛,稀有面淡水河高樓水岸宅,永慶房屋近捷運龍山寺站,"2,990萬"
"2,600",無,公園景觀捷運美宅,台北市信義區忠孝東路五段,公寓,53.2年,建坪23.88,主23.88,2/4樓,2房(室)2廳2衛,近後山埤捷運 正面公園稀有釋出,永慶房屋房間都有窗近捷運後山埤站近捷運Y37站(施工中),"2,600"
"11,800",含車位價,高樓名宅基泰臺大,台北市大安區羅斯福路三段,住宅大樓,12.6年,建坪108.08,主+陽52.49,16/19樓,4房(室)2廳3衛,台大商圈生活機能佳-高樓層,永慶房屋廁所有窗有天然瓦斯房間都有窗近捷運公館站近捷運台電大樓站,"11,800"
"7,880",含車位價,大安面公園三房,台北市大安區大安路一段,華廈,15.7年,建坪57.37,主+陽33.32,2/10樓,3房(室)2廳2衛,鄰近忠孝sogo、面公園景觀,永慶房屋有天然瓦斯房間都有窗近捷運忠孝復興站,"7,880"
"5,200",含車位價,公園景觀晶華名邸,台北市南港區經貿二路,住宅大樓,17.1年,建坪61.20,主+陽33.57,2/12樓,4房(室)2廳2衛,稀有四房露臺戶,永慶房屋有天然瓦斯房間都有窗近捷運南港軟體園區站近捷運SB11站(施工中),"5,200"
"3,500",無,適文武百業大空間,台北市士林區華聲街,公寓,46.1年,建坪71.90,主71.90,B1/5樓,--房(室)2廳2衛,華榮市場公辦都更案旁大空間辦公,永慶房屋廁所有窗房間都有窗正面大馬路近捷運Y25站(施工中)近捷運Y26站(施工中),"3,800萬"
"1,750",無,陽明山上白雲山莊,台北市士林區仰德大道三段,公寓,46.8年,建坪46.95,主+陽44.71,2/4樓,4房(室)2廳2衛,"格局方正,停車便利,24H管理",永慶房屋廁所有窗房間都有窗,"1,750"
"5,580",含車位價,忠孝界稀有庭院戶,台北市信義區中坡南路,華廈,11.7年,建坪63.33,主+陽26.43,1/7樓,3房(室)3廳2衛(含加蓋2房(室)--廳--衛),近板南捷運/邊間/增建空間大,永慶房屋廁所有窗有天然瓦斯房間都有窗近捷運後山埤站近捷運Y37站(施工中),"5,888萬"
"3,800",無,國輝花園優質好房,台北市萬華區國興路,華廈,34.6年,建坪46.68,主+陽37.44,10/10樓,3房(室)2廳2衛,稀有釋出,永慶房屋近捷運廈安站(施工中)近捷運植物園站(施工中),"3,800"
"20,900",含車位價470萬元,極景首泰信義,台北市大安區信義路四段,住宅大樓,3.6年,建坪102.92,主+陽56.90,22/34樓,#NAME?,捷運SC制震豪宅頂級公設,永慶房屋有天然瓦斯房間都有窗近捷運信義安和站,"20,900"
"3,088",無,專任附中高樓景觀,台北市大安區建國南路一段,住宅大樓,38.7年,建坪24.91,主+陽24.91,10/14樓,2房(室)2廳1衛,採光很好，景觀視野佳，可抽車位,永慶房屋新上有天然瓦斯房間都有窗,"3,088"
"5,500",無,大直捷運潛力透天,台北市中山區崇實路,透天厝,55.4年,建坪38.47,主+平+陽38.46,1~4/4樓,4房(室)2廳5衛(含加蓋1房(室)--廳1衛),生活機能交通便利,永慶房屋房間都有窗三角窗出租中近捷運大直站,"7,800萬"
"7,780",含車位價400萬元,一層一戶亮辦公室,台北市內湖區瑞光路,辦公商業大樓,19.2年,建坪122.16,主48.52,6/13樓,7房(室)1廳--衛,正瑞光路上靠近港墘生活機能便利,永慶房屋近捷運Y32站(施工中)近捷運港墘站,"7,780"
"4,980",無,稀有近捷運面寬店,台北市大安區和平東路二段,公寓,56.0年,建坪33.64,主33.64,1/4樓,3房(室)2廳2衛(含加蓋--房(室)--廳2衛),科技大樓捷運站步行約3分鐘,永慶房屋廁所有窗近捷運科技大樓站近捷運大安站,"4,980"
"3,980",無,正馬路面寬金店,台北市萬華區貴陽街二段,店面,41.4年,建坪50.32,主+平27.71,B1~1/6樓,#NAME?,正大馬路 大面寬 招牌效益佳,永慶房屋正面大馬路出租中近捷運龍山寺站,"3,980"
"6,280",含車位價,大華靜巷公園錄,台北市內湖區成功路五段,住宅大樓,26.1年,建坪86.66,主+陽41.69,3~4/14樓,4房(室)2廳3衛,大華建設面靜巷綠意,永慶房屋廁所有窗有天然瓦斯房間都有窗近捷運葫洲站,"6,280"
"6,980",含車位價200萬元,麗湖美景裝潢高樓,台北市內湖區成功路五段,住宅大樓,15.6年,建坪85.72,主+陽42.30,8/11樓,3房(室)2廳2衛,"一層一戶,綠意美景,面寬敞明亮",永慶房屋有天然瓦斯房間都有窗近捷運葫洲站,"6,980"
"2,048",無,瑞安璽朵高樓美琚,台北市大安區瑞安街,華廈,10.4年,建坪13.38,主+陽8.24,7/7樓,1房(室)--廳1衛,大安森林公園、捷運站步行約8分,永慶房屋新上近捷運大安站,"2,048"
"6,900",無,市場面寬三角窗,台北市信義區仁愛路四段,店面,45.7年,建坪32.25,主+平31.23,1/6樓,--房(室)3廳1衛,高投報.抗通膨.超大使用空間,永慶房屋近捷運台北101/世貿站近捷運國父紀念館站,"7,588萬"
"6,900",無,市場面寬三角窗,台北市信義區仁愛路四段,店面,45.7年,建坪32.25,主+平31.23,1/6樓,--房(室)3廳1衛,高投報.抗通膨.超大使用空間,永慶房屋近捷運台北101/世貿站近捷運國父紀念館站,"7,588萬"
"3,588",無,內湖國小文德店面,台北市內湖區內湖路二段,店面,43.9年,建坪28.88,主17.65,1/5樓,1房(室)2廳1衛(含加蓋1房(室)1廳--衛),近文德捷運 內湖國小 樂透店面,永慶房屋正面大馬路出租中近捷運文德站近捷運港墘站,"4,300萬"
"2,780",無,高樓樹海電梯三房,台北市內湖區康寧路三段,華廈,29.4年,建坪39.40,主+陽28.22,10/10樓,3房(室)2廳2衛,高樓層帝王景觀戶,永慶房屋有天然瓦斯房間都有窗近捷運葫洲站,"2,780"
"4,780",含車位價,捷運經貿公園三房,台北市南港區經貿二路,住宅大樓,17.1年,建坪52.17,主+陽27.23,11/12樓,3房(室)2廳2衛,高樓層採光佳，近捷運,永慶房屋有天然瓦斯房間都有窗近捷運南港軟體園區站近捷運SB11站(施工中),"4,780"
"8,600",含車位價,潤泰麗池絕美裝潢,台北市南港區經貿二路,華廈,17.1年,建坪103.53,主+陽50.74,4/9樓,3房(室)2廳2衛,潤泰建設大基地社區極少釋出,永慶房屋廁所有窗近捷運南港軟體園區站近捷運SB11站(施工中),"8,600"
"6,800",無,恆光街邊間金店,台北市文山區恆光街,店面,50.1年,建坪25.75,主25.75,1/4樓,--房(室)5廳2衛(含加蓋--房(室)4廳1衛),邊間醒目使用空間大,永慶房屋正面大馬路三角窗出租中,"6,800"
"4,298",含車位價,東方林園五室平車,台北市信義區中坡南路,其他,35.6年,建坪62.26,主+平48.02,1~B1/7樓,5房(室)2廳5衛,社區型有管理 難得平面車位,永慶房屋有天然瓦斯近捷運後山埤站近捷運廣慈/奉天宮站(施工中),"4,680萬"
"3,988",無,忠孝敦化稀有珍藏,台北市大安區忠孝東路四段,其他,52.8年,建坪28.10,主27.95,B1~11/11樓,#NAME?,東區捷運站旁傳世收租極稀有標的,永慶房屋近捷運忠孝敦化站近捷運忠孝復興站,"5,300萬"
"5,480",無,大馬路旁金透天,台北市萬華區和平西路三段,透天厝,41.0年,建坪67.74,主+平+陽+夾67.74,1~5/5樓,5房(室)6廳6衛,正面大馬路近捷運站整棟透天,永慶房屋有天然瓦斯正面大馬路出租中近捷運龍山寺站近捷運廈安站(施工中),"6,800萬"
"12,500",無,大安捷運三角窗店,台北市大安區復興南路一段,店面,52.2年,建坪38.74,主38.74,1/5樓,--房(室)4廳3衛(含加蓋--房(室)2廳2衛),大安捷運走路步行約3分鐘,永慶房屋正面大馬路三角窗出租中近捷運大安站,"12,500"
"2,150",無,大安收租角窗小品,台北市大安區和平東路二段,辦公商業大樓,15.5年,建坪11.34,主1.57,1/7樓,1房(室)1廳1衛,近台大後門、冠德安沐居,永慶房屋三角窗出租中近捷運科技大樓站,"2,580萬"
"2,988",無,後山埤捷運裝潢居,台北市南港區中坡南路,華廈,5.2年,建坪25.56,主+陽14.56,2/6樓,2房(室)2廳1衛,精緻裝潢，鄰近後山埤捷運站,永慶房屋廁所有窗有天然瓦斯房間都有窗近捷運後山埤站近捷運Y37站(施工中),"3,088萬"
"1,158",無,麗山精美學區宅,台北市內湖區內湖路三段,華廈,31.3年,建坪12.63,主+陽9.89,4/8樓,1房(室)1廳1衛,屋況佳，麗山國中明星學區,永慶房屋有天然瓦斯房間都有窗近捷運內湖站,"1,158"
"2,243",無,內科捷運黃金三樓,台北市內湖區陽光街,公寓,42.2年,建坪28.54,主+陽28.53,3/5樓,3房(室)2廳1.5衛,方正三房兩廳兩衛前陽台進出,永慶房屋廁所有窗有天然瓦斯房間都有窗近捷運文德站近捷運Y33站(施工中),"2,350萬"
"2,168",無,美日僑庭院一樓,台北市士林區中山北路七段,華廈,47.3年,建坪36.22,主+平32.15,1/7樓,3房(室)2廳2衛,近千坪基地，低公設比,永慶房屋廁所有窗有天然瓦斯房間都有窗近捷運LR11站(規劃中)近捷運LR10站(規劃中),"2,600萬"
"1,798",無,文德捷運2樓,台北市內湖區陽光街,公寓,42.8年,建坪20.10,主+陽20.11,2/5樓,2房(室)2廳1衛,近文德捷運站,永慶房屋房間都有窗近捷運文德站近捷運Y33站(施工中),"1,798"
"1,560",無,天母極品兩房裝潢,台北市士林區芝玉路一段,公寓,40.9年,建坪20.62,主+陽17.93,2/5樓,2房(室)2廳2衛(含加蓋--房(室)--廳1衛),有屋況免整理邊間兩房,永慶房屋房間都有窗近捷運LR09站(規劃中)近捷運LR10站(規劃中),"1,680萬"
"1,588",無,遠眺士北科公寓,台北市士林區通河西街二段,公寓,50.7年,建坪29.27,主29.27,4/4樓,1房(室)3廳2衛(含加蓋1房(室)1廳1衛),"河岸景觀,遠眺士北科",永慶房屋廁所有窗有天然瓦斯房間都有窗,"1,650萬"
688,無,小資成家首選,台北市萬華區西園路二段,公寓,49.2年,建坪15.33,主+陽13.81,5/5樓,3房(室)1廳2衛(含加蓋1房(室)--廳1衛),空間大，好規劃,永慶房屋廁所有窗,880萬
"2,980",無,大戶美妍家好便宜,台北市中山區中山北路二段,辦公商業大樓,20.2年,建坪23.84,主+陽14.15,3/12樓,4房(室)2廳2衛(含加蓋3房(室)--廳1衛),挑高四米二 飯店式管理,永慶房屋近捷運雙連站近捷運SB02站(規劃中),"3,300萬"
"5,780",含車位價750萬元,新鳳翔挑高獨戶,台北市內湖區文湖街,辦公商業大樓,16.5年,建坪116.62,主+陽48.69,3/7樓,5房(室)2廳2.5衛(含加蓋1房(室)--廳--衛),近捷運，一層一戶,永慶房屋廁所有窗有天然瓦斯房間都有窗近捷運西湖站,"5,780"
"2,180",無,士林中正黃金三樓,台北市士林區中正路,公寓,53.2年,建坪25.54,主+陽25.54,3/4樓,2房(室)2廳2衛,士林國中旁生活機能佳,永慶房屋廁所有窗有天然瓦斯近捷運Y25站(施工中)近捷運Y26站(施工中),"2,180"
"3,988",含車位價,26年稀雙拼華廈,台北市中山區建國北路一段,住宅大樓,26.2年,建坪42.62,主+陽28.69,8/12樓,4房(室)2廳2衛(含加蓋1房(室)--廳--衛),公設15%樓板使照3.6米超讚,永慶房屋新上有天然瓦斯房間都有窗近捷運松江南京站,"3,988"
"2,179",無,邊間採光三房美寓,台北市內湖區陽光街,公寓,42.3年,建坪24.79,主+陽24.79,4/5樓,3房(室)2廳2衛,捷運站步行約8分鐘邊間三面採光,永慶房屋有天然瓦斯房間都有窗近捷運文德站近捷運Y33站(施工中),"2,258萬"
"4,375",含車位價280萬元,北科精美四房坡車,台北市北投區福美路,住宅大樓,7.9年,建坪59.10,主+陽34.04,5/13樓,4房(室)2廳2衛,格局方正、面關渡平原,永慶房屋廁所有窗有天然瓦斯房間都有窗近捷運L005站(規劃中)近捷運LR06站(規劃中),"4,580萬"
"2,480",含車位價,康樂一樓坡車美宅,台北市北投區新民路,辦公商業大樓,41.0年,建坪72.39,主+平55.02,1/7樓,5房(室)2廳5衛(含加蓋2房(室)--廳--衛),格局方正、裝潢新、新北投商圈,永慶房屋有天然瓦斯,"2,880萬"
"1,388",無,北投公園景觀美寓,台北市北投區光明路,公寓,40.0年,建坪26.83,主+陽23.16,4/5樓,3房(室)2廳1衛,公園綠景第一排,永慶房屋廁所有窗房間都有窗近捷運新北投站,"1,388"
"1,230",無,萬芳捷運美裝三房,台北市文山區興隆路三段,公寓,42.2年,建坪25.03,主+陽22.75,4/5樓,2房(室)2廳1衛,屋況佳，採光好，方正格局,永慶房屋新上有天然瓦斯房間都有窗近捷運萬芳醫院站近捷運萬芳社區站,"1,230"
"3,998",無,大安樂利景觀三房,台北市大安區樂利路,公寓,47.5年,建坪43.92,主+陽43.92,5/5樓,3房(室)2廳2衛,一層一戶，邊間都有開窗，景觀佳,永慶房屋廁所有窗有天然瓦斯房間都有窗近捷運六張犁站近捷運信義安和站,"3,998"
"1,450",無,東初和風美宅美景,台北市北投區光明路,公寓,40.1年,建坪32.79,主+陽28.22,5/5樓,2房(室)2廳2衛,與公園為鄰，景色佳,永慶房屋廁所有窗房間都有窗近捷運新北投站,"1,500萬"
"1,298",無,捷運溫馨電梯小宅,台北市北投區溫泉路,華廈,30.3年,建坪17.57,主+陽12.98,3/7樓,1房(室)2廳1衛,近捷運站，生活機能佳,永慶房屋有天然瓦斯房間都有窗近捷運新北投站近捷運北投站,"1,298"
"1,298",無,捷運溫馨電梯小宅,台北市北投區溫泉路,華廈,30.3年,建坪17.57,主+陽12.98,3/7樓,1房(室)2廳1衛,近捷運站，生活機能佳,永慶房屋有天然瓦斯房間都有窗近捷運新北投站近捷運北投站,"1,298"
"4,220",無,台北新家氣派辦公,台北市大安區基隆路二段,辦公商業大樓,36.4年,建坪53.96,主+陽44.91,7/17樓,5房(室)1廳1衛(含加蓋2房(室)--廳--衛),24H管理 有坡道平面車位可抽,永慶房屋近捷運六張犁站近捷運信義安和站,"4,220"
"1,460",無,商三土地邊間公寓,台北市北投區新市街,公寓,39.7年,建坪28.80,主+陽24.26,5/5樓,5房(室)3廳2衛(含加蓋2房(室)1廳1衛),近捷運 市場 通風採光佳,永慶房屋廁所有窗有天然瓦斯房間都有窗近捷運北投站近捷運新北投站,"1,780萬"
"4,980",無,北投庭院車庫別墅,台北市北投區大屯路,透天厝,34.0年,建坪106.18,主+平+陽+露59.74,B1~3/3樓,8房(室)4廳5衛(含加蓋4房(室)1廳1衛),環境清幽獨立庭院適合三代同堂,永慶房屋廁所有窗有天然瓦斯,"6,800萬"
"2,198",無,安和精美小豪宅,台北市大安區敦化南路二段,華廈,1.2年,建坪15.45,主+陽5.52,6/6樓,1房(室)--廳1衛,全新安和捷運獨戶有陽台,永慶房屋廁所有窗房間都有窗近捷運信義安和站,"2,468萬"
708,無,奇岩清幽景觀四房,台北市北投區奇岩路,公寓,53.1年,建坪30.55,主30.55,B1/3樓,4房(室)2廳2衛,低總價景觀環境宜人,永慶房屋近捷運新北投站近捷運北投站,768萬
770,無,關渡站小資首購宅,台北市北投區知行路,公寓,47.0年,建坪14.84,主+陽14.84,3/4樓,2房(室)2廳1衛(含加蓋1房(室)--廳--衛),關渡生活商圈美寓,永慶房屋房間都有窗近捷運關渡站,888萬
"5,880",含車位價300萬元,財庫景觀三房坡車,台北市北投區自強街,住宅大樓,16.1年,建坪59.48,主+陽34.33,8/14樓,3房(室)2廳2衛,近捷運傳統市場採光通風生活機能,永慶房屋新上有天然瓦斯房間都有窗近捷運明德站近捷運石牌站,"5,880"
"3,780",無,遠企益壽電梯三房,台北市大安區通化街,華廈,44.8年,建坪43.02,主+陽38.09,3/7樓,2房(室)2廳3衛,24H管理、垃圾代收、新裝潢,永慶房屋有天然瓦斯房間都有窗近捷運六張犁站,"3,780"
"2,988",含車位價,澄品精妝三房車,台北市北投區致遠一路一段,住宅大樓,17.8年,建坪35.76,主+陽22.55,2/11樓,2房(室)2廳2衛(含加蓋--房(室)1廳--衛),精美裝潢即可入住,永慶房屋有天然瓦斯房間都有窗近捷運明德站近捷運石牌站,"3,088萬"
"1,750",無,靜巷管理平面2房,台北市北投區石牌路二段,華廈,33.0年,建坪21.88,主+陽+露17.46,5/5樓,2房(室)1廳1衛(含加蓋1房(室)1廳--衛),明學區 近醫療 靜巷 有管理員,永慶房屋有天然瓦斯房間都有窗,"1,750"
"2,528",含車位價280萬元,天母樹景2室坡車,台北市北投區同德街,辦公商業大樓,20.1年,建坪28.72,主+陽11.18,10/15樓,1房(室)2廳2衛(含加蓋1房(室)--廳1衛),近美日僑學校 近醫療 近公園,永慶房屋有天然瓦斯房間都有窗,"2,528"
"2,988",無,靜巷採光美廈三房,台北市中山區新生北路三段,華廈,42.8年,建坪38.34,主+陽+露36.19,5/6樓,3房(室)2廳2.5衛,一層二戶電梯華廈，屋況優,永慶房屋新上有天然瓦斯近捷運中山國小站,"2,988"
"1,300",無,南京商三用地一樓,台北市松山區基隆路一段,住宅大樓,45.2年,建坪20.65,主13.58,1/12樓,2房(室)2廳2衛,近南京三民站生活圈，雙面寬一樓,永慶房屋房間都有窗近捷運南京三民站,"1,488萬"
"6,980",無,仁愛天廈豪邸三房,台北市大安區仁愛路四段,住宅大樓,39.1年,建坪49.64,主+陽42.47,2/15樓,3房(室)2廳2衛,十大名宅，正仁愛路近千坪基地,永慶房屋近捷運國父紀念館站近捷運信義安和站,"7,200萬"
"2,880",無,新光三越景觀美邸,台北市士林區天母東路,公寓,46.9年,建坪58.72,主+陽58.72,5~6/4樓,4房(室)--廳2衛(含加蓋4房(室)--廳2衛),使用空間大正面公園綠意明星學區,永慶房屋近捷運LR11站(規劃中),"3,280萬"
"3,920",無,稀有邊間管理三房,台北市士林區天母東路,華廈,48.1年,建坪49.22,主+陽41.97,6/8樓,3房(室)2廳2衛(含加蓋--房(室)--廳1衛),近新光三越公園知名學區電梯社區,永慶房屋近捷運LR11站(規劃中)近捷運LR10站(規劃中),"3,920"
"2,688",含車位價,石牌學區三房車位,台北市北投區行義路,華廈,5.6年,建坪41.16,主+陽21.55,3/5樓,3房(室)2廳2衛,邊間三房車 三面採光通風好,永慶房屋廁所有窗房間都有窗,"3,080萬"
"1,880",無,國泰方正格局美寓,台北市內湖區內湖路一段,公寓,42.1年,建坪29.29,主+陽29.30,5/5樓,5房(室)3廳3衛(含加蓋2房(室)1廳1衛),知名國泰建設 格局方正好規劃,永慶房屋近捷運劍南路站近捷運Y29站(施工中),"2,088萬"
"4,850",含車位價300萬元,松山捷運三房平車,台北市松山區民族東路,華廈,43.8年,建坪53.63,主+陽40.32,2/7樓,3房(室)2廳2衛,近松機捷運管理華廈坡平車位美屋,永慶房屋新上廁所有窗有天然瓦斯房間都有窗近捷運松山機場站近捷運中山國中站,"4,850"
"4,580",無,臺大校園電梯四房,台北市中正區羅斯福路四段,華廈,41.3年,建坪51.27,主+陽48.16,5/7樓,4房(室)2廳2衛,近捷運萬坪公園低公設前後陽台,永慶房屋廁所有窗有天然瓦斯房間都有窗近捷運公館站近捷運台電大樓站,"4,980萬"
"3,380",含車位價200萬元,古亭捷運金鑽電梯,台北市中正區南昌路二段,辦公商業大樓,28.9年,建坪37.40,主17.65,3/11樓,2房(室)2廳1衛,近捷運方正屋況棒,永慶房屋有天然瓦斯房間都有窗近捷運古亭站,"3,380"
"2,880",無,景美低樓好質感,台北市文山區景華街,公寓,44.1年,建坪43.31,主+陽36.74,3/5樓,3房(室)2廳2衛,景美商圈 低樓層 格局方正,永慶房屋新上有天然瓦斯房間都有窗近捷運景美站,"2,880"
"2,880",含車位價250萬元,威京三房景觀平車,台北市南港區南港路二段,住宅大樓,30.8年,建坪42.42,主+陽20.07,17/17樓,3房(室)2廳1衛,高樓兩房坡平車位,永慶房屋新上有天然瓦斯房間都有窗,"2,880"
"8,588",含車位價900萬元,美日僑新美齊心岳,台北市士林區中山北路六段,住宅大樓,2.0年,建坪88.37,主+陽40.01,11/14樓,3房(室)2廳2.5衛,離美校450公尺走路約 5分鐘,永慶房屋廁所有窗有天然瓦斯房間都有窗近捷運LR10站(規劃中),"8,888萬"
"2,988",含車位價,天玉街美景兩房車,台北市士林區天玉街,住宅大樓,28.5年,建坪32.65,主+陽+露20.58,10~11/11樓,3房(室)2廳2衛(含加蓋1房(室)--廳--衛),視野看出去很舒服管理社區含車位,永慶房屋有天然瓦斯房間都有窗,"2,988"
"3,200",無,翔譽高樓朝南景觀,台北市南港區興中路,住宅大樓,13.0年,建坪27.89,主+陽15.66,21/25樓,1房(室)2廳1衛,邊間高樓層，景觀好，原始兩房,永慶房屋新上有天然瓦斯近捷運南港站,"3,200"
"1,168",無,專任中山站美套房,台北市大同區寧夏路,套房,29.0年,建坪14.03,主+陽8.72,7/14樓,1房(室)1廳1衛,全新裝潢拎包入住-近中山捷運站,永慶房屋新上近捷運SB01站(規劃中)近捷運中山站,"1,250萬"
"2,680",無,民生圓環旁靜巷宅,台北市松山區民生東路五段,公寓,50.3年,建坪31.01,主31.01,4/4樓,5房(室)3廳3衛(含加蓋2房(室)1廳1衛),鬧中取靜，一巷住宅，生活機能佳,永慶房屋有天然瓦斯房間都有窗近捷運SB06站(規劃中),"3,180萬"
"1,698",無,文化邊間稀有二樓,台北市北投區中和街,公寓,48.5年,建坪34.30,主+陽34.31,2/4樓,3房(室)2廳2衛,邊間、室內乾淨、採光通風佳,永慶房屋廁所有窗房間都有窗,"1,798萬"
"3,380",無,師大黃金2樓美寓,台北市大安區師大路,公寓,49.4年,建坪34.40,主34.40,2/4樓,4房(室)2廳2衛(含加蓋1房(室)--廳1衛),近捷運師大商圈公園綠地靜巷純住,永慶房屋廁所有窗有天然瓦斯房間都有窗近捷運台電大樓站近捷運古亭站,"3,380"
"3,380",無,師大黃金2樓美寓,台北市大安區師大路,公寓,49.4年,建坪34.40,主34.40,2/4樓,4房(室)2廳2衛(含加蓋1房(室)--廳1衛),近捷運師大商圈公園綠地靜巷純住,永慶房屋廁所有窗有天然瓦斯房間都有窗近捷運台電大樓站近捷運古亭站,"3,380"
"13,900",含車位價1200萬元,縱橫天廈四房坡車,台北市大安區四維路,住宅大樓,12.4年,建坪123.00,主+陽48.25,5/11樓,4房(室)2廳3衛,一層一戶、全天管理、鬧中取靜,永慶房屋新上廁所有窗有天然瓦斯房間都有窗近捷運科技大樓站近捷運大安站,"13,900"
"2,180",含車位價,政大溫馨綠意3房,台北市文山區政大二街,華廈,22.4年,建坪41.38,主+陽25.33,5/7樓,3房(室)2廳2衛,政大附中旁正面綠景光線明亮,永慶房屋新上有天然瓦斯房間都有窗,"2,180"
"1,750",無,社子稀有舒適三房,台北市士林區延平北路六段,公寓,40.4年,建坪35.48,主+陽32.25,4/5樓,3房(室)2廳2衛,前、後陽台、天然瓦斯、房間有窗,永慶房屋有天然瓦斯房間都有窗近捷運Y24站(施工中)近捷運L004站(規劃中),"2,080萬"
"3,388",無,松菸大巨蛋旺店面,台北市大安區市民大道四段,店面,44.5年,建坪17.52,主+平17.52,1/5樓,1房(室)1廳1衛(含加蓋1房(室)--廳1衛),松菸大巨蛋東區商圈稀有店面,永慶房屋正面大馬路近捷運國父紀念館站近捷運忠孝敦化站,"3,388"
"2,288",無,一層一戶靜巷三房,台北市信義區和平東路三段,公寓,44.6年,建坪28.96,主+陽28.96,4/5樓,3房(室)2廳1衛,一層一戶公寓稀有釋出,永慶房屋廁所有窗有天然瓦斯房間都有窗近捷運麟光站近捷運六張犁站,"2,288"
"1,780",無,景美低樓捷心居,台北市文山區景華街,公寓,46.2年,建坪23.43,主+陽23.44,3/5樓,2房(室)2廳1衛,方正邊間靜巷宅，景美商圈好機能,永慶房屋有天然瓦斯房間都有窗近捷運景美站,"1,780"
"2,680",無,北藝中心捷運兩房,台北市士林區劍潭路,住宅大樓,26.9年,建坪23.56,主+陽17.65,3/13樓,2房(室)1廳1衛,近劍潭捷運站交通便利生活機能棒,永慶房屋有天然瓦斯房間都有窗近捷運劍潭站,"2,888萬"
"2,238",無,天母捷運首購美妝,台北市士林區至誠路二段,公寓,43.3年,建坪33.75,主+陽30.35,5/5樓,3房(室)2廳2衛,SOGO商圈可直接入住景觀宅,永慶房屋,"2,488萬"
"6,000",含車位價520萬元,士東景觀三房車位,台北市士林區士東路,華廈,20.9年,建坪83.72,主+陽37.33,4/9樓,3房(室)2廳2衛,三面採光方正格局鬧中取靜有管理,永慶房屋廁所有窗有天然瓦斯房間都有窗近捷運LR09站(規劃中)近捷運LR10站(規劃中),"6,550萬"
"1,980",無,內湖漂亮花園三房,台北市內湖區環山路一段,公寓,45.7年,建坪28.38,主+陽28.39,4/4樓,3房(室)2廳2衛(含加蓋1房(室)--廳1衛),頂加大空間使用、採光好,永慶房屋有天然瓦斯房間都有窗近捷運西湖站,"2,180萬"
"1,570",無,杜蘭朵邊間大空間,台北市中山區林森北路,辦公商業大樓,9.3年,建坪14.16,主+陽7.68,4/7樓,3房(室)1廳1衛(含加蓋2房(室)--廳1衛),松江南京步行約8分鐘,永慶房屋,"1,670萬"
"1,880",無,靜心電梯貳房型,台北市文山區仙岩路,住宅大樓,30.5年,建坪23.59,主+陽19.53,7/11樓,1房(室)2廳1衛,有管理 原兩房格局 屋況採光佳,永慶房屋新上有天然瓦斯房間都有窗,"1,880"
"2,850",無,敦北南京景觀美宅,台北市松山區南京東路四段,住宅大樓,0.8年,建坪18.90,主+陽12.96,9/15樓,1房(室)--廳1衛,小巨蛋捷運站旁敦年建設久年營造,永慶房屋有天然瓦斯房間都有窗近捷運台北小巨蛋站近捷運SB05站(規劃中),"2,968萬"
"4,288",無,中正邊間方正四房,台北市大安區和平東路一段,公寓,47.2年,建坪45.05,主+陽45.06,3/5樓,4房(室)2廳2衛,明星學區 戶數單純 採光佳,永慶房屋有天然瓦斯房間都有窗近捷運古亭站,"4,588萬"
"1,088",無,民生建成管理小築,台北市松山區民生東路五段,辦公商業大樓,36.3年,建坪11.41,主+陽9.33,10/20樓,1房(室)1廳1衛,管理佳民生圓環商圈機能佳,永慶房屋有天然瓦斯房間都有窗近捷運SB06站(規劃中)近捷運南京三民站,"1,088"
"1,680",無,北車商三角間公寓,台北市大同區長安西路,公寓,57.6年,建坪14.25,主14.25,4/4樓,2房(室)1廳1衛,台北火車站中山捷運站未來雙子星,永慶房屋新上有天然瓦斯房間都有窗近捷運中山站,"1,680"
"4,168",無,未來雙子星景觀戶,台北市大同區華陰街,辦公商業大樓,13.9年,建坪31.69,主+陽20.39,14/15樓,2房(室)2廳1衛(含加蓋1房(室)--廳--衛),鄰北車中山捷運站京站六鐵共構,永慶房屋新上房間都有窗近捷運機場台北車站近捷運台北車站,"4,168"
"4,650",含車位價,力麒三房幽靜美居,台北市南港區南港路二段,住宅大樓,16.9年,建坪50.72,主+陽23.66,11/12樓,3房(室)2廳2衛,近南港火車站捷運站稀有三房釋出,永慶房屋廁所有窗有天然瓦斯房間都有窗近捷運南港站,"4,650"
"2,288",無,大安裝潢捷運兩房,台北市大安區樂利路,公寓,41.7年,建坪26.28,主+陽23.38,5/5樓,2房(室)1廳1衛,精美裝潢拎包入住,永慶房屋有天然瓦斯房間都有窗近捷運信義安和站近捷運六張犁站,"2,600萬"
"1,388",無,雙星美妝電梯兩室,台北市大同區天水路,辦公商業大樓,46.9年,建坪18.80,主11.54,11/11樓,2房(室)1廳1衛,高樓精美裝潢採光通風佳,永慶房屋房間都有窗近捷運機場台北車站近捷運北門站,"1,780萬"
"4,238",含車位價,公園首排闊境名邸,台北市南港區舊莊街一段,華廈,35.0年,建坪88.61,主+陽+露65.74,7~8/8樓,5房(室)2廳3衛(含加蓋1房(室)--廳--衛),大空間稀有釋出,永慶房屋有天然瓦斯房間都有窗,"4,888萬"
"5,200",無,國泰名人公園一樓,台北市大安區忠孝東路三段,華廈,52.2年,建坪34.82,主34.82,1/7樓,4房(室)2廳2衛(含加蓋1房(室)--廳--衛),永久棟距公園靜巷,永慶房屋新上有天然瓦斯近捷運忠孝復興站,"5,200"
"5,888",含車位價,尊爵珍稀美景四房,台北市大安區復興南路一段,住宅大樓,29.3年,建坪55.27,主+陽32.04,6/16樓,4房(室)2廳2衛,尊爵稀有景觀四房,永慶房屋有天然瓦斯近捷運忠孝復興站,"5,888"
"1,588",無,國光面公園景觀戶,台北市萬華區國興路,住宅大樓,46.6年,建坪19.08,主+陽19.09,8/12樓,2房(室)1廳1衛,正面青年公園近萬大線捷運站,永慶房屋廁所有窗有天然瓦斯近捷運植物園站(施工中),"1,680萬"
"3,600",含車位價250萬元,稀有捷運邊間三房,台北市北投區豐年路一段,住宅大樓,15.2年,建坪51.83,主+陽23.63,5/12樓,3房(室)2廳2衛,邊間採光通風佳，近捷運站,永慶房屋廁所有窗有天然瓦斯,"4,000萬"
"6,800",無,敦南仁愛精裝鼎佳,台北市大安區仁愛路四段,華廈,44.3年,建坪48.54,主+陽42.53,7/7樓,4房(室)3廳4衛(含加蓋2房(室)1廳2衛),棟距約15米 兩層大空間,永慶房屋新上廁所有窗有天然瓦斯房間都有窗,"6,800"
"9,600",含車位價300萬元,璞園面湖美景,台北市內湖區內湖路二段,住宅大樓,9.9年,建坪75.63,主+陽44.26,7/15樓,4房(室)2廳2衛,湖景無限住戶單純稀有釋出,永慶房屋廁所有窗有天然瓦斯房間都有窗近捷運文德站近捷運港墘站,"9,600"
"4,388",含車位價,附中阿曼頂客兩房,台北市大安區大安路一段,住宅大樓,17.0年,建坪30.73,主13.63,2/12樓,2房(室)2廳2衛(含加蓋1房(室)--廳2衛),附中國中部，仁愛國小，超優質學,永慶房屋廁所有窗有天然瓦斯房間都有窗近捷運大安站,"4,388"
"3,500",含車位價,附中裝潢車庫別墅,台北市文山區政大二街,透天厝,29.4年,建坪65.52,主+平+陽45.20,1~3/4樓,4房(室)2廳3衛,免整理大空間,永慶房屋廁所有窗有天然瓦斯房間都有窗,"3,500"
"2,688",無,更新黑土商店辦,台北市松山區八德路四段,辦公商業大樓,37.2年,建坪36.79,主17.74,2/12樓,--房(室)1廳1衛,近松山捷運站，大面寬二,永慶房屋正面大馬路近捷運松山站近捷運Y36站(施工中),"2,688"
"2,688",無,更新黑土商店辦,台北市松山區八德路四段,辦公商業大樓,37.2年,建坪36.79,主17.74,2/12樓,--房(室)1廳1衛,近松山捷運站，大面寬二,永慶房屋正面大馬路近捷運松山站近捷運Y36站(施工中),"2,688"
"5,980",含車位價,北市邊間電梯美墅,台北市文山區政大一街,透天厝,18.8年,建坪118.22,主+陽101.56,B1~4/4樓,6房(室)3廳5衛(含加蓋--房(室)--廳2衛),屋主誠售，出價即可談,永慶房屋廁所有窗有天然瓦斯房間都有窗,"6,300萬"
"7,680",含車位價,大安高樓方正四房,台北市大安區和平東路一段,住宅大樓,35.6年,建坪59.19,主+陽38.92,10/20樓,4房(室)2廳2衛,全天管理近捷運屋況棒,永慶房屋有天然瓦斯房間都有窗近捷運古亭站,"7,680"
"5,388",無,古亭捷運金店面,台北市中正區羅斯福路二段,店面,18.6年,建坪32.23,主+陽21.12,1/12樓,--房(室)2廳1衛(含加蓋--房(室)1廳--衛),近捷運，中正國中學區，可店可辦,永慶房屋出租中近捷運古亭站,"5,888萬"
"2,888",無,大安捷運首選美邸,台北市大安區樂業街,華廈,41.3年,建坪31.04,主+陽25.15,3/7樓,2房(室)2廳2衛,大安區近捷運，精美裝潢直接入住,永慶房屋廁所有窗有天然瓦斯房間都有窗近捷運六張犁站近捷運麟光站,"2,888"
"6,850",含車位價350萬元,華山鋼骨三房坡車,台北市中山區八德路二段,住宅大樓,13.1年,建坪73.81,主+陽38.95,6/20樓,3房(室)2廳2衛,三面採光 全天管理,永慶房屋新上廁所有窗有天然瓦斯房間都有窗近捷運忠孝新生站,"6,850"
"2,198",含車位價,政大邊間綠景三房,台北市文山區政大二街,住宅大樓,22.4年,建坪42.38,主+陽26.09,12/12樓,3房(室)2廳1.5衛,頂樓不怕吵，挑高使用空間大,永慶房屋有天然瓦斯房間都有窗,"2,198"
"2,083",含車位價200萬元,古亭捷運兩房名邸,台北市中正區廈門街,住宅大樓,17.5年,建坪19.36,主+陽11.28,6/15樓,2房(室)1廳1衛(含加蓋1房(室)--廳--衛),管理嚴謹品質社區,永慶房屋近捷運古亭站,"2,083"
"1,968",無,南京三民獨棟二樓,台北市松山區寶清街,公寓,46.6年,建坪22.28,主+陽22.28,2/5樓,2房(室)2廳1衛,獨棟一層一戶，邊間採光好,永慶房屋廁所有窗有天然瓦斯房間都有窗近捷運南京三民站近捷運SB06站(規劃中),"1,968"
"5,288",含車位價,天母榮華裝潢1樓,台北市北投區榮華一路,其他,30.6年,建坪79.15,主+陽39.60,B1~1/5樓,5房(室)3廳2衛(含加蓋4房(室)1廳1衛),極新裝潢、有車位,永慶房屋廁所有窗有天然瓦斯房間都有窗近捷運明德站近捷運LR10站(規劃中),"5,488萬"
"5,480",無,附中全新裝潢透天,台北市大安區仁愛路四段,透天厝,64.6年,建坪21.00,主21.00,1~2/2樓,2房(室)2廳2衛(含加蓋--房(室)--廳1衛),大土地、邊間、室內全新整修,永慶房屋廁所有窗房間都有窗近捷運大安站,"6,288萬"
"1,660",無,南京晴川方正小宅,台北市松山區南京東路五段,住宅大樓,8.1年,建坪15.80,主+陽10.00,5/12樓,1房(室)1廳1衛,正一房一廳，格局方正，直接入住,永慶房屋新上有天然瓦斯房間都有窗近捷運南京三民站近捷運松山站,"1,660"
"7,980",含車位價700萬元,美校鼎真4房雙車,台北市士林區中山北路六段,華廈,16.9年,建坪95.07,主+陽48.85,3/9樓,4房(室)2廳2衛,24小時管理、稀有游泳池社區,永慶房屋廁所有窗有天然瓦斯房間都有窗近捷運LR10站(規劃中),"8,298萬"
"3,100",含車位價190萬元,南京裝潢方正美屋,台北市松山區南京東路五段,住宅大樓,8.1年,建坪35.59,主+陽17.87,2/12樓,2房(室)2廳1衛(含加蓋1房(室)--廳--衛),邊間格局方正，有裝潢直接入住,永慶房屋有天然瓦斯房間都有窗近捷運南京三民站近捷運松山站,"3,100"
"5,600",無,敦安公園採光住辦,台北市大安區信義路四段,華廈,41.3年,建坪51.58,主+陽47.85,2/7樓,4房(室)2廳1衛,邊間獨層獨戶，近捷運面寬住辦,永慶房屋新上廁所有窗房間都有窗,"5,600"
"3,150",含車位價200萬元,古亭第一名廈,台北市中正區廈門街,辦公商業大樓,17.5年,建坪30.81,主+陽17.64,2/15樓,2房(室)2廳2衛(含加蓋1房(室)--廳--衛),兩衛邊間,永慶房屋廁所有窗有天然瓦斯房間都有窗近捷運古亭站,"3,150"
"6,480",無,敦南綠蔭樹海頂加,台北市松山區敦化南路一段,華廈,42.0年,建坪43.41,主+陽41.58,7/7樓,4房(室)3廳3衛(含加蓋2房(室)1廳1衛),敦化南路第一排樹海林蔭,永慶房屋新上有天然瓦斯房間都有窗,"6,480"
"1,680",無,南京微風香榭敦化,台北市松山區南京東路三段,華廈,39.6年,建坪13.13,主+陽7.18,7/7樓,--房(室)1廳1衛,雙敦學區套房,永慶房屋房間都有窗近捷運台北小巨蛋站近捷運南京復興站,"1,680"
"3,980",無,金華樓邊間一樓,台北市內湖區康樂街,公寓,39.0年,建坪49.55,主29.23,B1~1/5樓,3房(室)2廳2衛,邊間可停三台車無障礙空間,永慶房屋有天然瓦斯,"5,088萬"
"3,980",含車位價,美堤一樓招財納福,台北市中山區敬業三路,華廈,25.3年,建坪47.02,主+陽25.92,1/10樓,2房(室)2廳2衛,機能臨路A區一樓 獨立進出口,永慶房屋有天然瓦斯房間都有窗近捷運Y30站(施工中)近捷運劍南路站,"3,980"
"2,850",無,象山捷運鼎佳美寓,台北市信義區信義路五段,公寓,42.9年,建坪36.83,主+陽29.26,5/5樓,7房(室)3廳3衛(含加蓋3房(室)1廳1衛),近捷運、使用空間大、屋況佳,永慶房屋房間都有窗近捷運Y39站(施工中)近捷運Y38站(施工中),"2,960萬"
"3,150",無,青年裝潢大3房,台北市萬華區青年路,住宅大樓,38.6年,建坪40.23,主+陽31.47,2/12樓,3房(室)2廳2衛,永慶房屋優質精選,永慶房屋近捷運廈安站(施工中)近捷運加蚋站(施工中),"3,150"
"11,000",含車位價530萬元,微山丘庭院雙車位,台北市文山區秀明路一段,華廈,7.6年,建坪147.16,主+陽71.95,1~2/5樓,3房(室)3廳4衛,超大庭院邊間朝南一整棟會館公設,永慶房屋廁所有窗有天然瓦斯房間都有窗近捷運Y2A站(施工中)近捷運萬芳社區站,"11,000"
"4,480",含車位價,薇閣靜巷庭園一樓,台北市北投區復興一路,華廈,11.6年,建坪60.99,主+陽31.96,1/5樓,4房(室)2廳2衛(含加蓋2房(室)--廳--衛),屋齡新一樓釋出，有庭院,永慶房屋廁所有窗有天然瓦斯房間都有窗近捷運新北投站,"4,480"
"3,080",含車位價,內湖冠德邊間4房,台北市內湖區星雲街,住宅大樓,26.7年,建坪33.95,主+陽23.09,4/13樓,4房(室)2廳2衛(含加蓋2房(室)--廳--衛),重劃區環境，室內空間好規劃,永慶房屋廁所有窗有天然瓦斯房間都有窗近捷運內湖站近捷運大湖公園站,"3,458萬"
"5,680",含車位價400萬元,昇陽電梯高樓車位,台北市北投區光明路,住宅大樓,14.4年,建坪66.90,主+陽40.59,5/14樓,4房(室)2廳2衛,全天管理,永慶房屋有天然瓦斯房間都有窗近捷運新北投站近捷運北投站,"5,680"
"2,888",含車位價350萬元,鋼骨高樓邊間露臺,台北市文山區景興路,住宅大樓,5.8年,建坪29.87,主+陽13.90,14/27樓,2房(室)1廳1衛,捷運及早夜市、附坡平子母雙車位,永慶房屋廁所有窗有天然瓦斯近捷運景美站近捷運大坪林站,"2,888"
"15,000",無,上林苑唯美美屋,台北市信義區青雲街,透天厝,39.8年,建坪121.42,主+平+陽97.61,B1~3/3樓,6房(室)4廳5衛(含加蓋3房(室)--廳2.5衛),信義區稀有管理別墅社區有天有地,永慶房屋廁所有窗房間都有窗,"19,800萬"
"1,480",無,萬大光仁兩房首選,台北市萬華區萬大路,公寓,55.7年,建坪20.03,主20.03,4/4樓,2房(室)1廳1衛,鄰近青年公園與未來捷運站,永慶房屋廁所有窗有天然瓦斯房間都有窗近捷運加蚋站(施工中),"1,600萬"
"5,988",含車位價,富麗金店,台北市內湖區行善路,店面,3.9年,建坪45.38,主27.64,1/15樓,--房(室)1廳1衛,店門口即是公車站,永慶房屋正面大馬路近捷運Y35站(施工中)近捷運SB07站(規劃中),"5,988"
"5,988",含車位價,南港經貿稀有庭院,台北市南港區園區街,住宅大樓,14.5年,建坪48.58,主+陽26.74,1/15樓,3房(室)2廳2衛,南港經貿園區一樓庭院戶,永慶房屋廁所有窗有天然瓦斯房間都有窗近捷運南港軟體園區站近捷運南港展覽館站,"5,988"
"5,988",含車位價,南港經貿稀有庭院,台北市南港區園區街,住宅大樓,14.5年,建坪48.58,主+陽26.74,1/15樓,3房(室)2廳2衛,南港經貿園區一樓庭院戶,永慶房屋廁所有窗有天然瓦斯房間都有窗近捷運南港軟體園區站近捷運南港展覽館站,"5,988"
"11,588",含車位價,華固天匯免震豪宅,台北市南港區經貿二路,住宅大樓,13.2年,建坪96.96,主+陽53.14,9/23樓,4房(室)2廳2衛,南港經貿園區華固建設全新未住過,永慶房屋廁所有窗有天然瓦斯房間都有窗近捷運南港軟體園區站近捷運SB11站(施工中),"11,588"
"9,088",含車位價,遠雄五期四季妍,台北市內湖區新富街,住宅大樓,15.7年,建坪99.01,主+陽52.94,10/13樓,4房(室)2廳2衛,內湖五期重劃區遠雄四房雙車位,永慶房屋廁所有窗房間都有窗近捷運Y35站(施工中)近捷運SB07站(規劃中),"9,088"
"1,480",無,電梯美三房有窗,台北市中山區新生北路三段,辦公商業大樓,42.9年,建坪13.45,主+陽9.81,5/12樓,3房(室)1廳1衛(含加蓋2房(室)--廳--衛),鬧中取靜，生活機能棒,永慶房屋有天然瓦斯房間都有窗近捷運中山國小站,"1,480"
"3,888",含車位價,古亭捷運裝潢坡車,台北市中正區廈門街,住宅大樓,7.0年,建坪41.74,主+陽19.77,2/12樓,2房(室)2廳1衛,全天管理氣派門廳健身房,永慶房屋有天然瓦斯房間都有窗近捷運古亭站,"3,888"
"2,380",無,文湖捷運庭院透天,台北市文山區辛亥路四段,透天厝,52.5年,建坪24.42,主24.42,1~2/2樓,5房(室)3廳2衛(含加蓋2房(室)1廳1衛),步行至辛亥站約8分鐘,永慶房屋新上近捷運辛亥站,"2,380"
"1,368",無,忠孝新生邊間高樓,台北市中山區新生北路一段,住宅大樓,44.8年,建坪17.22,主14.26,9/12樓,--房(室)1廳1衛,忠孝新生捷運站,永慶房屋有天然瓦斯近捷運忠孝新生站,"1,368"
"7,500",含車位價300萬元,信義市府名邸大戶,台北市信義區永吉路,華廈,24.9年,建坪88.70,主+陽60.52,5~6/6樓,6房(室)2廳5衛,信義市府機能商圈適合三代同堂,永慶房屋新上廁所有窗有天然瓦斯房間都有窗近捷運市政府站,"7,500"
"4,120",含車位價,威尼斯稀有美三房,台北市信義區松仁路,華廈,11.5年,建坪34.81,主13.96,2/9樓,3房(室)2廳2衛(含加蓋1房(室)--廳--衛),大坪數三房稀有釋出 可直接入住,永慶房屋有天然瓦斯近捷運Y39站(施工中),"4,120"
"3,780",無,天際名邸龍門三房,台北市大安區建國南路二段,住宅大樓,39.5年,建坪32.92,主+陽26.05,17/18樓,3房(室)2廳1衛,近大安森林公園清幽純住環境,永慶房屋廁所有窗有天然瓦斯房間都有窗近捷運大安森林公園站近捷運大安站,"3,780"
"2,438",含車位價,陽光山丘精美兩房,台北市內湖區環山路二段,華廈,7.0年,建坪27.30,主+陽13.29,2/5樓,2房(室)2廳1衛(含加蓋1房(室)--廳--衛),後棟不吵雜 廁所有開窗通風佳,永慶房屋有天然瓦斯房間都有窗近捷運西湖站近捷運港墘站,"2,668萬"
"2,068",含車位價170萬元,延四稀有低總金店,台北市大同區延平北路四段,店面,10.8年,建坪19.86,主11.61,1/7樓,--房(室)1廳--衛,正延平新屋店面稀有低總價,永慶房屋近捷運L002站(規劃中),"2,068"
"6,000",無,晴光靜巷機能一樓,台北市中山區雙城街,公寓,66.1年,建坪17.68,主17.68,1/2樓,2房(室)1廳1衛,生活機能佳,永慶房屋近捷運中山國小站近捷運民權西路站,"6,000"
"2,080",無,降價士東公寓二樓,台北市士林區德行東路,公寓,51.3年,建坪25.24,主+陽25.24,2/4樓,3房(室)--廳1衛,德東優質公寓2樓,永慶房屋廁所有窗房間都有窗近捷運LR09站(規劃中)近捷運LR10站(規劃中),"2,080"
688,無,超低總電梯首選,台北市信義區吳興街,其他,31.5年,建坪11.61,主8.54,B2/5樓,2房(室)2廳1衛,信義區低總價超值首選,永慶房屋有天然瓦斯房間都有窗近捷運Y39站(施工中),688
"23,800",含車位價,領袖名邸花園大戶,台北市信義區忠孝東路五段,華廈,27.0年,建坪98.32,主+陽80.74,1/8樓,6房(室)2廳4衛,坐南朝北，帝王座向，財運滾滾來,永慶房屋廁所有窗有天然瓦斯房間都有窗近捷運永春站近捷運象山站,"26,800萬"
"2,258",無,紫雲綠景景觀華夏,台北市信義區紫雲街,華廈,45.3年,建坪39.45,主+陽38.26,4/7樓,3房(室)1廳2衛,前後陽台保留使用空間大華夏,永慶房屋房間都有窗,"2,580萬"
"2,288",無,北士科魔術大空間,台北市士林區華齡街,公寓,52.4年,建坪29.19,主29.19,4/4樓,5房(室)3廳3衛(含加蓋2房(室)1廳1衛),正邊間採光通風佳魔術空間,永慶房屋有天然瓦斯房間都有窗近捷運劍潭站近捷運L003站(規劃中),"2,488萬"
"2,350",無,萬芳捷運邊間頂加,台北市文山區興隆路二段,公寓,42.9年,建坪36.54,主+陽36.54,5/5樓,4房(室)3廳3衛(含加蓋1房(室)1廳1衛),近萬芳捷運~近興隆公園,永慶房屋近捷運萬芳醫院站近捷運辛亥站,"2,350"
"1,388",無,中山國小美妝3樓,台北市文山區木柵路一段,公寓,57.7年,建坪19.28,主19.28,3/4樓,2房(室)2廳2衛(含加蓋--房(室)--廳1衛),屋況佳，近中山、永健、再興國小,永慶房屋新上近捷運Y3站(施工中)近捷運Y4站(施工中),"1,388"
"2,620",含車位價,美妝捷運電梯兩房,台北市內湖區安康路,華廈,27.8年,建坪34.41,主+陽23.02,8/9樓,2房(室)2廳1衛,鄰近捷運站 生活機能佳,永慶房屋新上近捷運SB11站(施工中)近捷運東湖站,"2,620"
"18,000",含車位價,加碼科技邊間大戶,台北市內湖區內湖路一段,廠辦,26.9年,建坪290.89,主158.95,6/10樓,14房(室)3廳--衛,大樓規劃新穎，地點便利,永慶房屋新上近捷運Y31站(施工中)近捷運西湖站,"18,000"
"5,000",含車位價360萬元,愛迪生精緻辦公,台北市內湖區內湖路一段,廠辦,28.2年,建坪90.55,主49.78,7/8樓,5房(室)1廳--衛,交通便利，大樓備有卸貨區,永慶房屋新上近捷運Y31站(施工中)近捷運西湖站,"5,000"
"12,000",含車位價,加碼科技高指名,台北市內湖區內湖路一段,廠辦,26.9年,建坪195.21,主106.90,6/10樓,12房(室)2廳--衛,大樓規劃新穎，地點便利,永慶房屋新上近捷運Y31站(施工中)近捷運西湖站,"12,000"
"1,320",無,文湖邊間空間小宅,台北市文山區萬安街,華廈,30.5年,建坪17.15,主+陽+露12.66,5/5樓,2房(室)1廳1衛(含加蓋1房(室)--廳--衛),近捷運，魔術空間，有管理,永慶房屋新上房間都有窗近捷運木柵站近捷運萬芳社區站,"1,428萬"
"2,750",無,靜心靜巷採光三房,台北市文山區興隆路二段,華廈,32.6年,建坪33.18,主+陽26.81,5/7樓,3房(室)2廳2衛,近靜心、靜巷,永慶房屋新上有天然瓦斯房間都有窗近捷運景美站,"2,750"
"3,988",含車位價250萬元,鄰近大直美妝豪邸,台北市內湖區內湖路一段,公寓,35.3年,建坪70.71,主+陽53.74,4~5/5樓,5房(室)2廳3衛(含加蓋1房(室)--廳--衛),大空間、三代同堂首選。,永慶房屋新上有天然瓦斯房間都有窗近捷運劍南路站近捷運Y29站(施工中),"3,988"
"8,662",含車位價,天母河畔毛胚新廈,台北市士林區至誠路一段,住宅大樓,7.3年,建坪109.13,主+陽49.99,3/14樓,#NAME?,心態好大坪數四房雙主臥新屋,永慶房屋近捷運Y27站(施工中),"8,662"
"2,320",無,永泰金城捷運三房,台北市內湖區安康路,華廈,27.9年,建坪36.43,主+陽+露26.87,9/9樓,3房(室)2廳2衛(含加蓋2房(室)--廳--衛),鄰近捷運站 生活機能佳,永慶房屋新上近捷運SB11站(施工中)近捷運東湖站,"2,320"
"1,130",無,政大華府雅致套房,台北市文山區指南路二段,套房,16.4年,建坪11.42,主+陽7.47,4/7樓,1房(室)--廳1衛,近政大、有管理、免爬坡,永慶房屋新上近捷運Y1A站(施工中)近捷運Y2A站(施工中),"1,130"
"1,688",無,近中研院裝潢鼎家,台北市南港區研究院路三段,公寓,47.1年,建坪24.71,主+陽24.72,4/4樓,4房(室)3廳2衛(含加蓋2房(室)1廳1衛),正面綠意樹海 精美裝潢大空間,永慶房屋有天然瓦斯,"1,750萬"
"1,688",無,近中研院裝潢鼎家,台北市南港區研究院路三段,公寓,47.1年,建坪24.71,主+陽24.72,4/4樓,4房(室)3廳2衛(含加蓋2房(室)1廳1衛),正面綠意樹海 精美裝潢大空間,永慶房屋有天然瓦斯,"1,750萬"
"4,480",含車位價,台北轉運三房車位,台北市中山區中山北路一段,住宅大樓,17.6年,建坪52.61,主+陽26.53,3/15樓,3房(室)2廳2衛,近中山站邊間坡車三房衛浴開窗,永慶房屋有天然瓦斯近捷運中山站,"4,800萬"
"3,340",含車位價250萬元,渼士林3房坡車,台北市士林區中正路,住宅大樓,11.3年,建坪46.48,主+陽23.36,9/15樓,3房(室)2廳2衛,指標社區 附近機能佳,永慶房屋有天然瓦斯近捷運Y24站(施工中)近捷運L004站(規劃中),"3,340"
"2,480",無,景美捷運電梯三房,台北市文山區木柵路一段,華廈,42.6年,建坪37.59,主+陽31.54,9/10樓,3房(室)2廳2衛,高樓層電梯三房,永慶房屋近捷運景美站近捷運大坪林站,"2,480"
"6,890",含車位價840萬元,富域雙主臥三房車,台北市北投區大興街,住宅大樓,0.8年,建坪94.84,主+陽44.87,5/27樓,3房(室)2廳3衛,鄰近北投市場北投捷運機能便利,永慶房屋新上廁所有窗有天然瓦斯房間都有窗近捷運北投站近捷運奇岩站,"6,890"
"1,980",含車位價,市場旁小資金店面,台北市北投區清江路,店面,23.6年,建坪30.19,主15.50,1/14樓,#NAME?,北投市場人潮絡繹,永慶房屋出租中近捷運北投站近捷運新北投站,"2,388萬"
"2,098",無,景興學區靜巷一樓,台北市文山區景華街,公寓,45.7年,建坪26.61,主+平26.61,1/5樓,5房(室)3廳2衛(含加蓋3房(室)2廳1衛),一樓免爬樓梯,永慶房屋新上有天然瓦斯房間都有窗近捷運景美站,"2,380萬"
"2,700",無,信義安和捷運兩房,台北市大安區信義路四段,華廈,43.2年,建坪23.23,主+陽20.01,4/7樓,2房(室)1廳1衛(含加蓋--房(室)--廳1衛),信義安和捷運站兩分鐘即到家,永慶房屋廁所有窗房間都有窗近捷運信義安和站,"2,785萬"
"2,880",無,敦北南京全新美宅,台北市松山區南京東路四段,住宅大樓,0.8年,建坪18.90,主+陽12.96,3/15樓,1房(室)1廳1衛,介壽學區機能極佳,永慶房屋有天然瓦斯近捷運台北小巨蛋站近捷運SB05站(規劃中),"2,880"
"1,558",無,巨蛋捷運管理辦公,台北市松山區南京東路四段,辦公商業大樓,42.5年,建坪15.72,主+陽12.09,2/12樓,--房(室)1廳1衛,辦公 敦化國小介壽國中學區,永慶房屋近捷運台北小巨蛋站近捷運南京三民站,"1,558"
"1,948",無,賓特利高樓邊間戶,台北市大同區承德路三段,辦公商業大樓,18.1年,建坪20.95,主+陽13.89,11/12樓,1房(室)1廳1衛,捷運步行約5分鐘高樓邊間,永慶房屋廁所有窗房間都有窗近捷運圓山站近捷運民權西路站,"1,948"
"1,288",無,錦州首購小資置產,台北市中山區錦州街,華廈,47.6年,建坪16.34,主+陽13.41,5/7樓,1房(室)1廳1衛,低總價，小套房，雙面採光,永慶房屋新上房間都有窗近捷運中山國小站近捷運行天宮站,"1,288"
"1,168",無,奇岩雲端微光生活,台北市北投區中央南路二段,辦公商業大樓,10.1年,建坪15.84,主+陽9.98,4/19樓,1房(室)1廳1衛,24小時管理優質大樓機能便捷,永慶房屋新上近捷運奇岩站近捷運L008站(規劃中),"1,168"
"3,380",無,古亭一樓庭院首選,台北市中正區廈門街,公寓,49.7年,建坪34.73,主34.73,1/4樓,2房(室)3廳1衛(含加蓋--房(室)1廳--衛),戶數單純 靜巷住宅,永慶房屋新上廁所有窗有天然瓦斯房間都有窗近捷運古亭站,"3,380"
"1,588",無,青木淳雙敦學區,台北市松山區南京東路四段,住宅大樓,16.9年,建坪8.65,主5.48,4/15樓,1房(室)1廳1衛,雙敦學區24H管理屋齡約16年,永慶房屋新上房間都有窗近捷運台北小巨蛋站近捷運SB05站(規劃中),"1,588"
"3,888",含車位價250萬元,嘉醴美景面樹海,台北市內湖區金莊路,辦公商業大樓,13.8年,建坪58.42,主+陽28.06,4/11樓,2房(室)2廳2衛,面社區中庭樹海綠意景觀,永慶房屋房間都有窗,"3,888"
"1,958",含車位價,永春景觀辦公高樓,台北市信義區忠孝東路五段,辦公商業大樓,32.4年,建坪25.58,主+陽10.91,9/17樓,#NAME?,燙金門牌、稀有三面採光,永慶房屋近捷運Y37站(施工中)近捷運永春站,"2,288萬"
"7,350",無,永康街旁人潮金店,台北市大安區潮州街,店面,39.0年,建坪50.92,主+平19.89,B1~1/7樓,2房(室)2廳2衛(含加蓋2房(室)1廳2衛),師大商圈現況餐飲商一土地潛力佳,永慶房屋有天然瓦斯正面大馬路出租中近捷運東門站,"7,350"
"3,198",含車位價,芬第生活綠地兩房,台北市南港區向陽路,華廈,17.0年,建坪41.56,主+陽20.26,6/9樓,1房(室)2廳1衛,充電樁邊間戶臥室衛浴皆開窗,永慶房屋有天然瓦斯房間都有窗,"3,550萬"
"2,780",含車位價,VICTOR精品,台北市內湖區金莊路,辦公商業大樓,13.7年,建坪49.80,主+陽24.17,7/11樓,1房(室)2廳1.5衛,音同[家裡]享受生活無限美好,永慶房屋新上,"2,780"
"2,380",無,低總敦南實小金店,台北市大安區臥龍街,店面,53.3年,建坪11.34,主11.34,1/4樓,1房(室)2廳1衛(含加蓋1房(室)1廳1衛),大安區黃金小店面,永慶房屋正面大馬路近捷運科技大樓站近捷運六張犁站,"2,480萬"
"5,688",含車位價,世紀之光邊間美辦,台北市內湖區瑞湖街,辦公商業大樓,17.6年,建坪140.25,主68.83,4/5樓,10房(室)--廳--衛,精緻美辦低公設玻璃帷幕氣派門廳,永慶房屋近捷運Y33站(施工中)近捷運Y34站(施工中),"5,688"
"6,978",含車位價,天母鋼骨景觀雙車,台北市士林區天母北路,住宅大樓,5.3年,建坪75.76,主+陽30.95,11/24樓,3房(室)2廳2衛,聯上建設天母最新力作鋼骨制震佳,永慶房屋有天然瓦斯房間都有窗,"6,978"
"17,500",含車位價,明日博極景美高樓,台北市大安區市民大道三段,住宅大樓,9.8年,建坪113.24,主+陽64.22,22/23樓,3房(室)2廳3衛,高樓極景，俯瞰城市，稀有次高豪,永慶房屋有天然瓦斯房間都有窗近捷運忠孝新生站,"17,500"
"3,980",含車位價,獨棟華廈樓中樓,台北市萬華區萬大路,華廈,22.9年,建坪53.23,主+陽31.67,6~7/7樓,4房(室)2廳2衛(含加蓋1房(室)--廳--衛),一層一戶，近未來捷運加蚋站,永慶房屋有天然瓦斯房間都有窗近捷運加蚋站(施工中)近捷運廈安站(施工中),"4,180萬"
"3,400",無,世貿101景住辦,台北市信義區基隆路二段,住宅大樓,45.4年,建坪40.58,主+陽34.18,12/12樓,4房(室)2廳2衛,近世貿管理四房,永慶房屋有天然瓦斯房間都有窗近捷運台北101/世貿站近捷運信義安和站,"3,980萬"
"5,900",含車位價,溫泉花園庭院豪邸,台北市北投區溫泉路,華廈,17.8年,建坪85.01,主+陽41.12,1/7樓,3房(室)3廳5衛(含加蓋2房(室)1廳2衛),前庭後院,永慶房屋有天然瓦斯房間都有窗近捷運新北投站,"6,988萬"
"1,899",無,京站首選邊間三房,台北市大同區市民大道一段,住宅大樓,16.2年,建坪39.51,主+陽27.14,9/18樓,3房(室)2廳2衛,京站邊間三房免整理直接使用,永慶房屋新上近捷運台北車站,"1,899"
"6,980",無,敦化北路林蔭辦公,台北市松山區敦化北路,辦公商業大樓,55.3年,建坪62.69,主54.12,5/12樓,3房(室)1廳1衛,近小巨蛋捷運 正敦化北路,永慶房屋新上近捷運台北小巨蛋站近捷運SB05站(規劃中),"6,980"
"3,400",含車位價,站前美景兩房車位,台北市南港區東明街,華廈,16.1年,建坪34.24,主+陽18.43,8/9樓,2房(室)2廳1衛(含加蓋--房(室)1廳--衛),交通便利，一巷住宅，離塵不離城,永慶房屋廁所有窗有天然瓦斯房間都有窗近捷運南港站,"3,400"
